time_s,head_px,head_py,head_pz,head_qx,head_qy,head_qz,head_qw,gaze_px,gaze_py,gaze_pz,gaze_dx,gaze_dy,gaze_dz
4.369597,-0.000246,-0.001746,0.001665,0.017536,-0.000391,0.000883,0.999846,0.000778,0.002935,0.005734,0.024008,0.030143,0.999257
4.386711,-0.000297,-0.001700,0.001535,0.018206,-0.000750,0.000508,0.999834,0.000778,0.002831,0.005789,0.022140,0.029939,0.999307
4.419871,-0.000236,-0.001442,0.001315,0.018637,-0.001070,0.000154,0.999826,0.000728,0.002550,0.005654,0.021780,0.036001,0.999114
4.436717,-0.000330,-0.001295,0.001107,0.018465,-0.000997,0.000053,0.999829,0.000694,0.002426,0.005602,0.026717,0.023865,0.999358
4.453401,-0.000350,-0.000966,0.001006,0.018088,-0.000763,0.000093,0.999836,0.000624,0.002383,0.005483,0.025911,0.028035,0.999271
4.470177,-0.000285,-0.000833,0.000954,0.017479,-0.000606,0.000247,0.999847,0.000705,0.002525,0.005370,-0.001247,-0.019501,0.999809
4.503001,-0.000406,-0.000534,0.000796,0.015927,-0.000347,0.000920,0.999873,0.000760,0.002767,0.005255,-0.000389,-0.020554,0.999789
4.519997,-0.000432,-0.000747,0.000807,0.015028,-0.000481,0.001403,0.999886,0.000757,0.002980,0.005106,0.009226,0.004021,0.999949
4.553350,-0.000643,-0.001189,0.000599,0.014322,-0.001222,0.002365,0.999894,0.000601,0.003166,0.004928,0.013306,0.010651,0.999855
4.586724,-0.000794,-0.001318,0.000604,0.014876,-0.002042,0.002465,0.999884,0.000440,0.003151,0.004867,0.010184,0.018970,0.999768
4.603652,-0.000821,-0.001262,0.000603,0.015353,-0.002326,0.002191,0.999877,-0.000335,0.002823,0.004790,-0.004745,0.049312,0.998772
4.687089,-0.001119,-0.000568,0.000494,0.015403,-0.001974,0.001884,0.999878,-0.001264,0.001942,0.004797,-0.059699,0.104033,0.992781
4.820352,-0.001377,-0.001184,0.000647,0.015263,-0.002743,0.002231,0.999877,0.001607,0.001206,0.005073,-0.286487,0.320514,0.902882
4.853999,-0.001306,-0.001040,0.000687,0.015925,-0.002725,0.001359,0.999869,0.001511,0.001002,0.005068,-0.282361,0.317746,0.905157
4.970872,-0.000927,-0.001128,0.001103,0.013932,-0.001527,0.001283,0.999901,0.002809,-0.000123,0.005934,-0.206685,0.308707,0.928429
5.020721,-0.000702,-0.001435,0.001110,0.015415,-0.001441,0.000686,0.999880,0.003001,-0.000235,0.005992,-0.186428,0.300740,0.935308
5.037586,-0.000742,-0.001278,0.001113,0.016039,-0.001516,0.000496,0.999870,0.003269,-0.000553,0.006158,-0.203305,0.309918,0.928772
5.070815,-0.000762,-0.001083,0.001146,0.016610,-0.001412,0.000213,0.999861,0.003536,-0.001066,0.006353,-0.241298,0.353076,0.903943
7.725822,0.000911,-0.000071,0.001853,0.015112,-0.000364,-0.001235,0.999885,0.004707,0.000243,0.006754,-0.177050,0.304929,0.935773
7.892939,0.001124,-0.000213,0.001803,0.016989,0.001809,-0.001346,0.999853,0.001457,0.003033,0.005709,-0.020338,0.079299,0.996643
7.909611,0.000984,-0.000233,0.001756,0.016430,0.001269,-0.001290,0.999863,0.001601,0.003310,0.005831,0.009269,0.026859,0.999596
7.926299,0.000919,-0.000150,0.001831,0.015847,0.000683,-0.001433,0.999873,0.001577,0.003265,0.005574,-0.007991,0.052000,0.998615
7.942983,0.000956,-0.000246,0.001847,0.015406,0.000218,-0.001669,0.999880,0.001725,0.003504,0.005509,-0.023766,0.002233,0.999715
7.976324,0.001061,-0.000671,0.001823,0.015466,0.000057,-0.002249,0.999878,0.001785,0.003706,0.005412,-0.005922,0.025445,0.999659
7.993060,0.001115,-0.000824,0.001808,0.015901,0.000405,-0.002569,0.999870,0.001833,0.003562,0.005819,0.019114,-0.004200,0.999809
8.010053,0.001221,-0.000973,0.001815,0.016652,0.000962,-0.002661,0.999857,0.001822,0.003680,0.005782,0.025946,-0.010557,0.999608
8.043053,0.001349,-0.000933,0.001730,0.017839,0.002641,-0.002687,0.999834,0.002004,0.003751,0.005766,0.157228,-0.021953,0.987318
8.059759,0.001417,-0.000891,0.001750,0.018160,0.003477,-0.002734,0.999825,0.001982,0.003671,0.005664,0.171838,-0.042011,0.984229
8.076665,0.001510,-0.000739,0.001696,0.018366,0.004021,-0.002562,0.999820,0.001858,0.003638,0.005414,0.116252,-0.043145,0.992282
8.110136,0.001570,-0.000724,0.001703,0.018447,0.004451,-0.002567,0.999817,0.002048,0.003777,0.005326,0.123669,-0.092738,0.987981
8.126832,0.001538,-0.000660,0.001657,0.018406,0.004336,-0.002693,0.999818,0.002160,0.003760,0.005284,0.128263,-0.092208,0.987444
8.143512,0.001583,-0.000568,0.001737,0.018366,0.004084,-0.002901,0.999819,0.002217,0.003844,0.005252,0.136318,-0.102411,0.985358
8.177507,0.001650,-0.000966,0.001844,0.018375,0.003511,-0.003613,0.999819,0.002346,0.003985,0.005234,0.146504,-0.111664,0.982888
8.210166,0.001715,-0.001140,0.001834,0.019170,0.003481,-0.004404,0.999801,0.002451,0.003934,0.005525,0.185754,-0.140809,0.972455
8.243774,0.001805,-0.001213,0.001859,0.020466,0.004484,-0.004878,0.999769,0.002416,0.004109,0.005560,0.241194,-0.189243,0.951847
8.276865,0.001808,-0.001045,0.001769,0.021029,0.005757,-0.004227,0.999753,0.002599,0.003944,0.005660,0.246025,-0.207332,0.946829
8.293823,0.001808,-0.000846,0.001776,0.021121,0.006046,-0.003584,0.999752,0.002414,0.004058,0.005234,0.247985,-0.207247,0.946336
8.327026,0.001748,-0.000900,0.001805,0.020992,0.005989,-0.003235,0.999757,0.002467,0.003971,0.005274,0.260079,-0.207597,0.943007
8.343769,0.001618,-0.000791,0.001894,0.020911,0.005550,-0.003290,0.999761,0.002502,0.004029,0.005349,0.265123,-0.218270,0.939185
8.360652,0.001641,-0.000797,0.001940,0.020732,0.005066,-0.003515,0.999766,0.002425,0.004095,0.005300,0.266452,-0.220142,0.938371
8.393845,0.001797,-0.001047,0.002023,0.020887,0.004357,-0.004472,0.999762,0.002589,0.003902,0.005655,0.250348,-0.220262,0.942768
8.427264,0.001773,-0.001506,0.002058,0.021843,0.004997,-0.005364,0.999735,0.002423,0.004036,0.005794,0.250502,-0.244543,0.936722
8.444355,0.001849,-0.001641,0.002028,0.022634,0.005690,-0.005432,0.999713,0.002495,0.003944,0.005847,0.248574,-0.242113,0.937866
8.477382,0.001929,-0.001622,0.002098,0.023711,0.007295,-0.005133,0.999679,0.002564,0.003751,0.006019,0.253176,-0.243020,0.936399
8.510612,0.001996,-0.001429,0.002057,0.023769,0.008201,-0.004294,0.999675,0.002686,0.003490,0.006082,0.258134,-0.253945,0.932137
8.527643,0.001931,-0.001475,0.002078,0.023508,0.008176,-0.003987,0.999682,0.002790,0.003328,0.006040,0.257378,-0.248078,0.933924
8.544496,0.001895,-0.001500,0.002092,0.023267,0.007833,-0.003668,0.999692,0.002855,0.003284,0.006046,0.257563,-0.248250,0.933827
8.577425,0.001792,-0.001329,0.002214,0.022925,0.006615,-0.003971,0.999708,0.002950,0.003284,0.005985,0.235731,-0.229316,0.944376
8.594465,0.001733,-0.001311,0.002173,0.022858,0.006125,-0.004176,0.999711,0.002839,0.003396,0.006061,0.234246,-0.219669,0.947035
8.627371,0.001907,-0.001444,0.002184,0.022698,0.005725,-0.005125,0.999713,0.002717,0.003497,0.006064,0.234615,-0.217709,0.947396
8.644053,0.001860,-0.001602,0.002085,0.022796,0.005943,-0.005308,0.999708,0.002712,0.003509,0.006091,0.234893,-0.215303,0.947877
8.660828,0.001917,-0.001741,0.002072,0.023136,0.006404,-0.005370,0.999697,0.002630,0.003496,0.006112,0.234291,-0.219222,0.947127
8.677842,0.001902,-0.001745,0.002023,0.023494,0.007107,-0.005271,0.999685,0.002661,0.003504,0.006141,0.234166,-0.226008,0.945562
8.694845,0.001836,-0.001547,0.001880,0.023590,0.007928,-0.004862,0.999678,0.002641,0.003370,0.006069,0.234265,-0.215931,0.947889
8.727720,0.001755,-0.001352,0.001899,0.023410,0.008535,-0.003847,0.999682,0.002660,0.003234,0.005969,0.234261,-0.224454,0.945908
8.744501,0.001696,-0.001319,0.001921,0.023048,0.008415,-0.003437,0.999693,0.002696,0.003246,0.005935,0.235369,-0.225794,0.945314
8.761289,0.001597,-0.001360,0.001950,0.022743,0.007993,-0.003242,0.999704,0.002725,0.003215,0.005866,0.234639,-0.219653,0.946941
8.778030,0.001570,-0.001168,0.002039,0.022503,0.007343,-0.003265,0.999715,0.002747,0.003299,0.005862,0.233770,-0.223134,0.946342
8.811368,0.001500,-0.001451,0.002231,0.022554,0.006129,-0.004038,0.999719,0.002694,0.003461,0.005847,0.230651,-0.228153,0.945911
8.844425,0.001609,-0.001749,0.002284,0.023209,0.005863,-0.005026,0.999701,0.002554,0.003542,0.006003,0.232641,-0.225027,0.946172
8.861440,0.001611,-0.001894,0.002266,0.023717,0.006151,-0.005130,0.999687,0.002503,0.003532,0.006035,0.233439,-0.224377,0.946130
8.878167,0.001623,-0.002048,0.002266,0.024276,0.006712,-0.005024,0.999670,0.002481,0.003481,0.006129,0.236772,-0.225349,0.945070
8.894961,0.001692,-0.001995,0.002329,0.024695,0.007422,-0.004753,0.999656,0.002472,0.003393,0.006107,0.233991,-0.216444,0.947840
8.911645,0.001687,-0.001859,0.002334,0.024888,0.008183,-0.004366,0.999647,0.002533,0.003266,0.006164,0.231439,-0.217600,0.948202
8.944688,0.001528,-0.001539,0.002432,0.024504,0.008796,-0.003078,0.999656,0.002610,0.002991,0.006301,0.234353,-0.221293,0.946630
8.961501,0.001398,-0.001727,0.002427,0.023880,0.008571,-0.002642,0.999675,0.002596,0.002885,0.006307,0.233120,-0.220186,0.947192
8.994922,0.001224,-0.001516,0.002451,0.022813,0.007484,-0.002138,0.999710,0.002559,0.002883,0.006277,0.232476,-0.219578,0.947492
9.011700,0.001193,-0.001603,0.002521,0.022512,0.006750,-0.002524,0.999721,0.002532,0.002958,0.006315,0.233309,-0.221462,0.946848
9.028546,0.001185,-0.001698,0.002571,0.022462,0.006011,-0.003137,0.999725,0.002413,0.003040,0.006250,0.232879,-0.221484,0.946949
9.063748,0.001265,-0.001853,0.002820,0.022644,0.005548,-0.004123,0.999720,0.002274,0.003143,0.006384,0.234300,-0.221846,0.946514
9.094759,0.001313,-0.002238,0.002739,0.023131,0.006402,-0.004655,0.999701,0.002117,0.003227,0.006584,0.235065,-0.227542,0.944970
9.111810,0.001399,-0.002204,0.002800,0.023546,0.007218,-0.004531,0.999686,0.002124,0.003193,0.006631,0.234131,-0.225730,0.945637
9.128876,0.001436,-0.002179,0.002761,0.023738,0.007923,-0.003956,0.999679,0.002116,0.003023,0.006568,0.235155,-0.222743,0.946091
9.161780,0.001401,-0.002001,0.002806,0.023738,0.008823,-0.002891,0.999675,0.002233,0.002806,0.006695,0.236140,-0.225783,0.945124
9.195349,0.001145,-0.001944,0.002830,0.022918,0.008219,-0.002187,0.999701,0.002325,0.002724,0.006676,0.234508,-0.224333,0.945876
9.228773,0.000982,-0.002028,0.002694,0.022256,0.006614,-0.002678,0.999727,0.002309,0.002774,0.006681,0.231592,-0.225135,0.946403
9.245457,0.001000,-0.002171,0.002710,0.022343,0.005872,-0.003229,0.999728,0.002264,0.002797,0.006730,0.234286,-0.224829,0.945813
9.278601,0.000979,-0.002342,0.002531,0.022821,0.005363,-0.004262,0.999716,0.002098,0.002855,0.006656,0.235725,-0.229679,0.944289
9.312079,0.000955,-0.002607,0.002261,0.023199,0.006023,-0.003916,0.999705,0.002005,0.002784,0.006547,0.232941,-0.229105,0.945119
9.329416,0.000993,-0.002447,0.002260,0.023231,0.006906,-0.003466,0.999700,0.001966,0.002621,0.006419,0.240727,-0.222342,0.944783
9.362785,0.000826,-0.002033,0.002117,0.022559,0.008212,-0.002063,0.999710,0.001922,0.002463,0.006339,0.241904,-0.223423,0.944227
9.395735,0.000587,-0.002046,0.002095,0.021464,0.008124,-0.000882,0.999736,0.001888,0.002447,0.006195,0.242392,-0.220420,0.944808
9.412637,0.000506,-0.001948,0.002103,0.021104,0.007511,-0.000548,0.999749,0.001871,0.002561,0.006166,0.239780,-0.227038,0.943906
9.445608,0.000317,-0.001877,0.002230,0.021036,0.006150,-0.001200,0.999759,0.001725,0.002735,0.006071,0.241032,-0.226191,0.943791
9.462403,0.000260,-0.001951,0.002259,0.021191,0.005598,-0.001825,0.999758,0.001567,0.002888,0.006093,0.243976,-0.223236,0.943738
9.479272,0.000301,-0.002108,0.002305,0.021444,0.005243,-0.002364,0.999754,0.001506,0.002975,0.006103,0.240988,-0.226689,0.943683
9.512136,0.000247,-0.002332,0.002285,0.022302,0.005654,-0.002777,0.999732,0.001343,0.002990,0.006162,0.240752,-0.223563,0.944488
9.529236,0.000182,-0.002541,0.002327,0.022916,0.006193,-0.002595,0.999715,0.001209,0.002973,0.006182,0.240649,-0.223497,0.944530
9.562805,0.000156,-0.002229,0.002429,0.023509,0.007639,-0.001689,0.999693,0.001105,0.002802,0.006234,0.242023,-0.224650,0.943905
9.596390,-0.000008,-0.002161,0.002585,0.023114,0.007959,-0.000559,0.999701,0.001128,0.002537,0.006334,0.242122,-0.221104,0.944717
9.629725,-0.000238,-0.002059,0.002738,0.022517,0.006814,0.000103,0.999723,0.001131,0.002511,0.006438,0.241861,-0.221266,0.944746
9.662904,-0.000307,-0.002017,0.002808,0.022311,0.005225,-0.000674,0.999737,0.000994,0.002598,0.006568,0.241938,-0.227929,0.943141
9.679595,-0.000274,-0.002056,0.002824,0.022297,0.004606,-0.001146,0.999740,0.000949,0.002632,0.006617,0.240129,-0.227860,0.943620
9.696462,-0.000247,-0.002239,0.002842,0.022326,0.004337,-0.001518,0.999740,0.000869,0.002664,0.006643,0.242181,-0.222344,0.944411
9.713235,-0.000198,-0.002246,0.002858,0.022493,0.004490,-0.001775,0.999735,0.000793,0.002727,0.006697,0.244558,-0.225653,0.943012
9.746369,-0.000239,-0.002396,0.002883,0.023215,0.005504,-0.001505,0.999714,0.000697,0.002778,0.006769,0.240866,-0.228263,0.943334
9.763417,-0.000195,-0.002220,0.002839,0.023345,0.006175,-0.001078,0.999708,0.000615,0.002784,0.006831,0.241375,-0.224547,0.944096
9.796312,-0.000178,-0.001866,0.002857,0.023197,0.007165,-0.000498,0.999705,0.000660,0.002688,0.006825,0.240454,-0.228069,0.943486
9.813067,-0.000241,-0.002036,0.002826,0.022848,0.007193,-0.000018,0.999713,0.000726,0.002637,0.006848,0.235605,-0.226309,0.945132
9.829767,-0.000293,-0.002067,0.002830,0.022733,0.006757,0.000434,0.999719,0.000753,0.002624,0.006767,0.236011,-0.224267,0.945517
9.846673,-0.000335,-0.001946,0.002843,0.022672,0.006116,0.000405,0.999724,0.000757,0.002671,0.006791,0.237113,-0.224810,0.945113
9.879954,-0.000235,-0.002012,0.002787,0.023067,0.005035,-0.000931,0.999721,0.000761,0.002812,0.006812,0.234608,-0.230086,0.944468
9.896783,-0.000152,-0.002123,0.002733,0.023253,0.004810,-0.001649,0.999717,0.000748,0.002880,0.006798,0.236994,-0.230337,0.943811
9.930046,0.000033,-0.002121,0.002659,0.023747,0.005470,-0.002266,0.999701,0.000745,0.002918,0.006725,0.234658,-0.225775,0.945495
9.947231,0.000057,-0.002335,0.002528,0.024123,0.006188,-0.002139,0.999688,0.000755,0.002914,0.006688,0.232570,-0.225250,0.946136
9.980148,0.000071,-0.002040,0.002328,0.024868,0.007582,-0.001395,0.999661,0.000898,0.002875,0.006702,0.232305,-0.225523,0.946136
10.013500,-0.000063,-0.001499,0.002407,0.024062,0.007684,-0.000060,0.999681,0.001044,0.002792,0.006609,0.232899,-0.228622,0.945246
10.046891,-0.000204,-0.001468,0.002329,0.022710,0.006304,0.000718,0.999722,0.001094,0.002862,0.006537,0.234055,-0.226936,0.945367
10.063899,-0.000337,-0.001303,0.002329,0.022337,0.005432,0.000428,0.999736,0.001112,0.002937,0.006526,0.234254,-0.224140,0.945985
10.097046,-0.000225,-0.001136,0.002374,0.022227,0.004048,-0.000685,0.999745,0.000988,0.003182,0.006491,0.233455,-0.224700,0.946049
10.130451,-0.000077,-0.001175,0.002399,0.022409,0.003940,-0.001416,0.999740,0.000889,0.003528,0.006374,0.232183,-0.228208,0.945522
10.147175,0.000016,-0.001215,0.002419,0.022553,0.004435,-0.001489,0.999735,0.000819,0.003657,0.006382,0.235664,-0.224544,0.945538
10.164017,0.000010,-0.001521,0.002417,0.022873,0.005211,-0.001488,0.999724,0.000819,0.003657,0.006382,0.235664,-0.224544,0.945538
10.180824,0.000029,-0.001472,0.002380,0.023337,0.006254,-0.001190,0.999707,0.000825,0.003626,0.006409,0.234845,-0.223674,0.945948
10.197506,0.000136,-0.001325,0.002443,0.023616,0.006959,-0.000760,0.999697,0.000892,0.003569,0.006417,0.233160,-0.223463,0.946415
10.230392,0.000032,-0.001149,0.002606,0.023575,0.007271,0.000177,0.999696,0.001015,0.003538,0.006424,0.233448,-0.225423,0.945879
10.247224,-0.000067,-0.001208,0.002640,0.023334,0.006685,0.000580,0.999705,0.001136,0.003484,0.006497,0.232999,-0.220473,0.947155
10.263986,-0.000136,-0.001170,0.002767,0.023259,0.005971,0.000693,0.999712,0.001118,0.003522,0.006525,0.233995,-0.220174,0.946980
10.297537,-0.000262,-0.001023,0.002878,0.023503,0.004205,-0.000047,0.999715,0.001110,0.003553,0.006618,0.232332,-0.218906,0.947682
10.314289,-0.000241,-0.001041,0.002905,0.023640,0.003586,-0.000694,0.999714,0.001003,0.003643,0.006792,0.230114,-0.221700,0.947574
10.347555,-0.000134,-0.001140,0.002971,0.023744,0.003606,-0.001463,0.999711,0.000832,0.003690,0.006844,0.231959,-0.215820,0.948481
10.364227,-0.000118,-0.001141,0.003022,0.023798,0.004173,-0.001339,0.999707,0.000819,0.003702,0.006892,0.230447,-0.215769,0.948861
10.381232,-0.000147,-0.001224,0.002980,0.023900,0.004861,-0.000760,0.999702,0.000771,0.003722,0.006902,0.232010,-0.210949,0.949564
10.414125,-0.000247,-0.000974,0.002936,0.024348,0.005902,0.000382,0.999686,0.000700,0.003765,0.006940,0.234783,-0.219588,0.946920
10.447555,-0.000418,-0.000817,0.003030,0.023825,0.005755,0.001261,0.999699,0.000715,0.003691,0.006931,0.230852,-0.209301,0.950211
10.464507,-0.000543,-0.000726,0.003102,0.023517,0.005082,0.001631,0.999709,0.000707,0.003737,0.006963,0.231573,-0.209618,0.949966
10.497502,-0.000677,-0.000646,0.003186,0.023262,0.003592,0.000857,0.999723,0.000591,0.003889,0.007014,0.232174,-0.214486,0.948731
10.514309,-0.000617,-0.000641,0.003233,0.023291,0.002947,0.000230,0.999724,0.000480,0.003927,0.007076,0.229896,-0.209289,0.950445
10.531265,-0.000669,-0.000721,0.003314,0.023544,0.002548,-0.000262,0.999720,0.000438,0.004005,0.007102,0.228835,-0.211045,0.950313
10.564556,-0.000625,-0.000928,0.003286,0.023876,0.003119,-0.001054,0.999710,0.000300,0.004072,0.007209,0.229289,-0.211944,0.950003
10.581715,-0.000564,-0.001005,0.003260,0.024003,0.003940,-0.001077,0.999704,0.000231,0.004096,0.007265,0.229440,-0.213093,0.949710
10.614582,-0.000615,-0.000974,0.003168,0.024320,0.005637,-0.000177,0.999688,0.000275,0.004013,0.007269,0.228281,-0.213557,0.949885
10.631354,-0.000687,-0.000847,0.003123,0.024305,0.006086,0.000410,0.999686,0.000298,0.003986,0.007275,0.230546,-0.217414,0.948462
10.664733,-0.000881,-0.000710,0.003088,0.023926,0.005618,0.001543,0.999697,0.000371,0.003919,0.007142,0.232671,-0.216192,0.948222
10.697844,-0.001013,-0.000746,0.002989,0.023257,0.003868,0.001885,0.999720,0.000309,0.003903,0.007057,0.235149,-0.213533,0.948213
10.714521,-0.001040,-0.000606,0.002989,0.022907,0.002863,0.001468,0.999732,0.000270,0.003972,0.007048,0.235420,-0.221393,0.946342
10.731703,-0.000999,-0.000521,0.002907,0.022598,0.002181,0.000711,0.999742,0.000196,0.003944,0.007012,0.231831,-0.213018,0.949146
10.748471,-0.000940,-0.000536,0.002902,0.022300,0.001754,0.000084,0.999750,0.000125,0.003959,0.006935,0.232349,-0.212931,0.949039
10.765199,-0.000898,-0.000687,0.002601,0.022012,0.001794,-0.000283,0.999756,0.000033,0.004080,0.006912,0.236051,-0.215616,0.947518
10.798055,-0.000750,-0.000914,0.002444,0.021902,0.002880,-0.000209,0.999756,0.000034,0.004042,0.006620,0.232021,-0.208302,0.950146
10.815330,-0.000674,-0.001022,0.002451,0.022095,0.003672,0.000257,0.999749,0.000049,0.004017,0.006488,0.232697,-0.210168,0.949569
10.848379,-0.000739,-0.000788,0.002426,0.022452,0.005016,0.001090,0.999735,0.000081,0.003940,0.006379,0.232819,-0.212453,0.949031
10.881878,-0.000856,-0.000890,0.002368,0.022001,0.004977,0.001897,0.999744,0.000195,0.003865,0.006246,0.232449,-0.212382,0.949137
10.898602,-0.000816,-0.000983,0.002360,0.021837,0.004350,0.001957,0.999750,0.000253,0.003825,0.006250,0.231160,-0.206635,0.950719
10.915528,-0.000864,-0.000976,0.002360,0.021819,0.003716,0.001742,0.999754,0.000289,0.003840,0.006225,0.231853,-0.203435,0.951241
10.948486,-0.001010,-0.000953,0.002513,0.022052,0.002269,0.000784,0.999754,0.000287,0.003851,0.006251,0.230814,-0.200893,0.952033
10.965457,-0.001078,-0.001023,0.002427,0.022025,0.001866,0.000397,0.999756,0.000175,0.003785,0.006252,0.231372,-0.193045,0.953520
10.982161,-0.001016,-0.001076,0.002474,0.021981,0.001851,0.000117,0.999757,0.000006,0.003791,0.006200,0.232279,-0.185671,0.954763
11.015118,-0.001067,-0.001241,0.002382,0.022010,0.002790,0.000360,0.999754,-0.000057,0.003685,0.006178,0.242204,-0.143248,0.959592
11.032093,-0.001182,-0.001260,0.002307,0.022105,0.003430,0.000707,0.999750,-0.000037,0.003633,0.006128,0.246512,-0.096306,0.964343
11.048943,-0.001165,-0.001085,0.002345,0.022094,0.003986,0.001163,0.999747,-0.000047,0.003551,0.006123,0.245306,-0.088190,0.965426
11.082261,-0.001261,-0.000988,0.002509,0.021601,0.004582,0.002236,0.999754,0.000003,0.003389,0.006207,0.247443,-0.069579,0.966401
11.115721,-0.001318,-0.001024,0.002595,0.020964,0.003897,0.002907,0.999768,0.000013,0.003352,0.006263,0.248199,-0.049868,0.967425
11.132439,-0.001391,-0.001024,0.002411,0.020785,0.003447,0.002503,0.999775,0.000083,0.003214,0.006335,0.242729,-0.029910,0.969633
11.165795,-0.001288,-0.000886,0.002526,0.020614,0.002724,0.001147,0.999783,0.000003,0.003039,0.006298,0.247352,-0.003828,0.968918
11.199237,-0.001144,-0.000815,0.002540,0.020336,0.002893,0.000018,0.999789,0.000031,0.003151,0.006417,0.251615,0.018479,0.967651
11.232165,-0.001078,-0.001128,0.002293,0.019840,0.004214,0.000070,0.999794,0.000076,0.003151,0.006443,0.252236,0.047866,0.966481
11.249032,-0.000981,-0.001117,0.002252,0.019821,0.005026,0.000426,0.999791,0.000088,0.003046,0.006354,0.252304,0.056515,0.965996
11.266035,-0.000926,-0.000900,0.002303,0.019588,0.005854,0.000721,0.999791,0.000187,0.002954,0.006383,0.251405,0.069043,0.965416
11.299097,-0.000836,-0.000746,0.002272,0.018434,0.006770,0.001261,0.999806,0.000332,0.002969,0.006406,0.254454,0.088286,0.963047
11.315813,-0.000863,-0.000595,0.002238,0.017728,0.006723,0.001575,0.999819,-0.000679,0.002003,0.006590,0.256823,0.130587,0.957595
11.332567,-0.000805,-0.000531,0.002124,0.017007,0.006456,0.001547,0.999833,-0.000949,0.002450,0.006425,0.271363,0.126909,0.954074
11.365899,-0.000818,-0.000324,0.001898,0.016015,0.005963,0.000626,0.999854,-0.000817,0.002562,0.006319,0.280249,0.098118,0.954900
11.382568,-0.000839,-0.000252,0.001795,0.015756,0.005767,-0.000036,0.999859,-0.000821,0.002656,0.006253,0.280998,0.109486,0.953443
11.399521,-0.000807,-0.000060,0.001662,0.015424,0.005613,-0.000341,0.999865,-0.000809,0.002747,0.006185,0.280479,0.113550,0.953120
11.432706,-0.000766,0.000109,0.001427,0.014049,0.006214,-0.000638,0.999882,-0.000893,0.002947,0.005880,0.282983,0.136883,0.949307
11.466375,-0.000753,0.000175,0.001096,0.012571,0.007519,0.000075,0.999893,-0.000852,0.003138,0.005639,0.280287,0.151739,0.947847
11.483054,-0.000742,0.000505,0.001029,0.012005,0.008154,0.000611,0.999895,-0.000849,0.003196,0.005483,0.278480,0.159048,0.947182
11.516238,-0.000813,0.000732,0.001051,0.010357,0.008845,0.001545,0.999906,-0.000778,0.003221,0.005442,0.279186,0.162737,0.946347
11.532957,-0.000878,0.000954,0.000891,0.009553,0.008794,0.001928,0.999914,-0.000814,0.003431,0.005250,0.278467,0.182334,0.942980
11.549966,-0.000900,0.000928,0.000837,0.008696,0.008538,0.001964,0.999924,-0.000803,0.003558,0.005084,0.276472,0.188265,0.942401
11.566718,-0.000924,0.001011,0.000744,0.008249,0.008198,0.001556,0.999931,-0.000781,0.003667,0.005024,0.275212,0.196044,0.941183
14.087576,-0.001362,0.001420,0.001902,0.008115,0.008855,0.002517,0.999925,-0.002278,0.002075,0.007906,-0.166579,0.129635,0.977469
14.321649,-0.001970,0.001046,0.002021,0.007908,0.007282,0.003430,0.999936,-0.001357,0.004254,0.006037,0.187303,0.110124,0.976110
14.338567,-0.002030,0.001057,0.001913,0.008227,0.006505,0.003446,0.999939,-0.001395,0.004215,0.006081,0.182798,0.107567,0.977248
14.371367,-0.002063,0.000872,0.001889,0.009026,0.005078,0.002518,0.999943,-0.001558,0.004223,0.005975,0.103793,0.055219,0.993065
14.388429,-0.002037,0.000916,0.001995,0.009546,0.004765,0.001884,0.999941,-0.000760,0.005190,0.005486,0.028940,0.024158,0.999289
14.421926,-0.002095,0.000913,0.002051,0.010363,0.004739,0.001207,0.999934,-0.001099,0.005338,0.005232,0.002441,0.017690,0.999841
14.455114,-0.002222,0.000512,0.002097,0.010891,0.005029,0.001264,0.999927,-0.001227,0.005230,0.005288,-0.011243,0.002517,0.999934
14.471852,-0.002381,0.000389,0.001965,0.011259,0.004986,0.001551,0.999923,-0.001367,0.005261,0.005622,-0.039413,-0.004763,0.999212
14.488640,-0.002520,0.000031,0.001984,0.011726,0.004720,0.001852,0.999918,-0.001389,0.005343,0.004882,-0.054208,0.017641,0.998374
14.505356,-0.002719,-0.000175,0.002145,0.012599,0.004195,0.002113,0.999910,-0.001528,0.005338,0.005188,-0.113156,-0.029838,0.993129
14.540458,-0.003047,-0.000481,0.002409,0.014606,0.002108,0.002632,0.999888,-0.001479,0.005297,0.004985,-0.122947,-0.040852,0.991572
14.572115,-0.003285,-0.000808,0.002540,0.016947,-0.000024,0.002551,0.999853,-0.001921,0.004889,0.005656,-0.138770,-0.086852,0.986509
14.588923,-0.003406,-0.001023,0.002669,0.018285,-0.001017,0.002272,0.999830,-0.001851,0.004799,0.005287,-0.140242,-0.057325,0.988456
14.622194,-0.003563,-0.001001,0.002780,0.020659,-0.002420,0.001480,0.999783,-0.002291,0.004405,0.005845,-0.159262,-0.120091,0.979905
14.638913,-0.003535,-0.001062,0.002845,0.021679,-0.002948,0.001172,0.999760,-0.002342,0.004319,0.005962,-0.175297,-0.143372,0.974020
14.655629,-0.003670,-0.001205,0.002980,0.022151,-0.003507,0.001111,0.999748,-0.002180,0.004332,0.005560,-0.175988,-0.124830,0.976446
14.688944,-0.003885,-0.001364,0.003122,0.022409,-0.005331,0.001168,0.999734,-0.002533,0.004071,0.006180,-0.193166,-0.163877,0.967384
14.705793,-0.004031,-0.001600,0.003072,0.022557,-0.005909,0.001109,0.999728,-0.002692,0.003977,0.006305,-0.191981,-0.165580,0.967330
14.722480,-0.004087,-0.001748,0.003094,0.022982,-0.006509,0.001205,0.999714,-0.002801,0.003903,0.006328,-0.184467,-0.131542,0.973996
14.755642,-0.004306,-0.002007,0.003125,0.024300,-0.007627,0.001305,0.999675,-0.003025,0.003759,0.006501,-0.201587,-0.150642,0.967817
14.772711,-0.004402,-0.002188,0.003118,0.025217,-0.008244,0.001054,0.999647,-0.005876,0.007863,0.004928,-0.171256,-0.272611,0.946760
14.805724,-0.004433,-0.002348,0.003283,0.027204,-0.008723,0.000034,0.999592,-0.003953,0.003033,0.007204,-0.226224,-0.199458,0.953436
14.822610,-0.004434,-0.002326,0.003262,0.028041,-0.008688,-0.000485,0.999569,-0.003593,0.003276,0.007194,-0.245613,-0.232073,0.941178
14.855911,-0.004462,-0.002396,0.003215,0.029523,-0.008098,-0.001381,0.999530,-0.003645,0.003060,0.006905,-0.242679,-0.256526,0.935576
14.872627,-0.004504,-0.002551,0.003134,0.029830,-0.007818,-0.001430,0.999523,-0.003817,0.002865,0.007011,-0.234595,-0.256699,0.937588
14.889331,-0.004586,-0.002591,0.003089,0.030001,-0.007725,-0.001235,0.999519,-0.003830,0.002813,0.007010,-0.236973,-0.262452,0.935395
14.906047,-0.004603,-0.002581,0.003195,0.030166,-0.007797,-0.000789,0.999514,-0.003946,0.002656,0.007040,-0.231207,-0.257818,0.938122
14.939525,-0.004653,-0.002572,0.003295,0.029960,-0.007901,0.000187,0.999520,-0.003872,0.002632,0.007012,-0.240167,-0.258294,0.935737
14.956197,-0.004710,-0.002668,0.003259,0.029774,-0.008089,0.000559,0.999524,-0.003898,0.002593,0.007229,-0.243792,-0.264994,0.932922
14.989573,-0.004723,-0.002635,0.003250,0.029900,-0.008628,0.000454,0.999516,-0.003936,0.002573,0.007496,-0.267970,-0.292585,0.917925
15.023108,-0.004663,-0.002514,0.003418,0.030277,-0.008810,-0.000208,0.999503,-0.004071,0.002389,0.007527,-0.248652,-0.269624,0.930309
15.056478,-0.004673,-0.002191,0.003530,0.030215,-0.008404,-0.000738,0.999508,-0.004084,0.002446,0.007546,-0.252561,-0.268596,0.929553
15.089674,-0.004623,-0.002038,0.003603,0.029321,-0.007715,-0.000824,0.999540,-0.004092,0.002485,0.007487,-0.227307,-0.249252,0.941385
15.106425,-0.004605,-0.001991,0.003576,0.028723,-0.007326,-0.000623,0.999560,-0.004103,0.002584,0.007474,-0.225178,-0.249756,0.941763
15.139662,-0.004744,-0.002379,0.003702,0.028093,-0.006897,0.000196,0.999582,-0.004114,0.002694,0.007497,-0.218226,-0.242483,0.945293
15.156477,-0.004766,-0.002377,0.003730,0.028123,-0.007056,0.000673,0.999579,-0.004030,0.002833,0.007540,-0.225571,-0.251218,0.941280
15.189508,-0.004900,-0.002461,0.003796,0.028595,-0.007673,0.001013,0.999561,-0.004076,0.002829,0.007808,-0.244865,-0.276102,0.929413
15.206563,-0.004922,-0.002625,0.003772,0.029074,-0.008120,0.000839,0.999544,-0.004133,0.002756,0.007827,-0.242797,-0.274860,0.930323
15.239999,-0.004998,-0.002599,0.003774,0.030057,-0.008554,-0.000069,0.999512,-0.004212,0.002625,0.007863,-0.244036,-0.275678,0.929757
15.273258,-0.005119,-0.002412,0.003716,0.030370,-0.008532,-0.000557,0.999502,-0.004284,0.002496,0.007840,-0.245634,-0.274238,0.929762
15.290098,-0.005102,-0.002361,0.003780,0.030098,-0.008301,-0.000446,0.999512,-0.004319,0.003107,0.007975,-0.232583,-0.285983,0.929580
15.306857,-0.005067,-0.002314,0.003813,0.029709,-0.007958,-0.000101,0.999527,-0.004456,0.002451,0.007792,-0.243621,-0.275716,0.929855
15.340157,-0.005137,-0.002494,0.003869,0.028790,-0.007366,0.000436,0.999558,-0.004546,0.002513,0.007805,-0.241818,-0.273611,0.930946
15.373585,-0.005156,-0.002564,0.003906,0.028340,-0.007698,0.001194,0.999568,-0.004576,0.002496,0.007833,-0.236247,-0.254805,0.937690
15.406804,-0.005058,-0.002393,0.004046,0.028551,-0.008360,0.000533,0.999557,-0.004521,0.002568,0.007867,-0.239911,-0.250146,0.938014
15.440322,-0.004904,-0.002496,0.004035,0.028863,-0.008735,-0.000243,0.999545,-0.004494,0.002590,0.008042,-0.245979,-0.263000,0.932912
15.457221,-0.004795,-0.002399,0.004004,0.028902,-0.008422,-0.000787,0.999547,-0.004496,0.002463,0.008075,-0.242564,-0.257917,0.935223
15.490404,-0.004688,-0.002159,0.004021,0.028872,-0.007225,-0.001400,0.999556,-0.004458,0.002415,0.008152,-0.242041,-0.260148,0.934740
15.507118,-0.004643,-0.002094,0.004131,0.028507,-0.006537,-0.001335,0.999571,-0.004383,0.002452,0.008150,-0.244156,-0.262175,0.933623
15.523937,-0.004614,-0.002039,0.004142,0.027936,-0.005885,-0.001040,0.999592,-0.004349,0.002512,0.008209,-0.240498,-0.257846,0.935776
15.557108,-0.004633,-0.002504,0.004082,0.026931,-0.005256,-0.000163,0.999624,-0.004150,0.002614,0.008194,-0.240818,-0.259619,0.935203
15.590372,-0.004740,-0.002547,0.004051,0.026756,-0.005547,0.000690,0.999626,-0.004059,0.002731,0.008172,-0.238892,-0.259015,0.935864
15.607641,-0.004892,-0.002358,0.003977,0.026921,-0.005907,0.000826,0.999620,-0.004003,0.002769,0.008178,-0.243041,-0.265816,0.932884
15.640758,-0.004987,-0.002468,0.003946,0.027302,-0.007142,0.000261,0.999602,-0.004138,0.002733,0.008099,-0.242872,-0.263981,0.933449
15.674264,-0.005006,-0.002234,0.003901,0.027234,-0.007687,-0.000700,0.999599,-0.004230,0.002630,0.008037,-0.242756,-0.258867,0.934911
15.690967,-0.004950,-0.002036,0.003899,0.027162,-0.007396,-0.001074,0.999603,-0.004329,0.002560,0.008110,-0.243188,-0.260469,0.934353
15.724351,-0.004902,-0.001808,0.004002,0.026187,-0.006280,-0.000893,0.999637,-0.004391,0.002605,0.008088,-0.241827,-0.257888,0.935422
15.757643,-0.005007,-0.001838,0.003935,0.024897,-0.005312,-0.000129,0.999676,-0.004329,0.002857,0.007979,-0.245370,-0.258895,0.934220
15.774523,-0.005020,-0.001969,0.003869,0.024549,-0.005266,0.000282,0.999685,-0.004321,0.002988,0.007965,-0.243190,-0.261216,0.934144
15.807839,-0.005034,-0.002103,0.003894,0.024456,-0.005526,0.000551,0.999686,-0.004303,0.003115,0.007914,-0.244099,-0.260738,0.934040
15.841155,-0.005013,-0.002107,0.003818,0.024994,-0.006271,0.000216,0.999668,-0.004290,0.003096,0.007896,-0.243460,-0.261677,0.933945
15.874386,-0.004958,-0.002046,0.003831,0.025883,-0.006623,-0.000773,0.999643,-0.004296,0.003037,0.007856,-0.245142,-0.259484,0.934117
15.891129,-0.004935,-0.002070,0.003795,0.026213,-0.006538,-0.001134,0.999634,-0.004144,0.003000,0.007525,-0.234942,-0.241503,0.941530
15.924666,-0.004891,-0.001852,0.003824,0.026494,-0.005594,-0.001391,0.999632,-0.004309,0.002895,0.007795,-0.244115,-0.256566,0.935191
15.941347,-0.004789,-0.001832,0.003731,0.026130,-0.005139,-0.001228,0.999645,-0.004311,0.002873,0.007806,-0.243405,-0.254483,0.935945
15.958120,-0.004819,-0.001782,0.003732,0.025626,-0.004824,-0.000903,0.999660,-0.004188,0.002871,0.007703,-0.244174,-0.254880,0.935636
15.991415,-0.004911,-0.001948,0.003794,0.024722,-0.004697,0.000225,0.999683,-0.004129,0.003051,0.007748,-0.244169,-0.256934,0.935076
16.024856,-0.005092,-0.002076,0.003753,0.024804,-0.005701,0.000886,0.999676,-0.004129,0.003143,0.007766,-0.244653,-0.253801,0.935805
16.041551,-0.005058,-0.001997,0.003810,0.025192,-0.006327,0.000723,0.999662,-0.004215,0.003070,0.007753,-0.236246,-0.244674,0.940384
16.074505,-0.004936,-0.001923,0.003851,0.025956,-0.007450,0.000066,0.999635,-0.004138,0.003104,0.007539,-0.237066,-0.235142,0.942607
16.091569,-0.004894,-0.001825,0.003831,0.026069,-0.007586,-0.000506,0.999631,-0.004259,0.003053,0.007797,-0.247206,-0.247390,0.936850
16.108571,-0.004822,-0.001730,0.003860,0.026122,-0.007441,-0.001101,0.999631,-0.004288,0.003015,0.007809,-0.245751,-0.247333,0.937248
16.141281,-0.004616,-0.001530,0.003767,0.026035,-0.006408,-0.001514,0.999639,-0.004369,0.002890,0.007819,-0.238759,-0.229509,0.943568
16.158288,-0.004543,-0.001524,0.003789,0.025621,-0.005708,-0.001478,0.999654,-0.004267,0.003010,0.007886,-0.245856,-0.245222,0.937775
16.191702,-0.004504,-0.001749,0.003781,0.024551,-0.004726,-0.000964,0.999687,-0.004092,0.003206,0.007939,-0.247754,-0.246591,0.936916
16.208672,-0.004447,-0.001836,0.003805,0.024155,-0.004647,-0.000456,0.999697,-0.004048,0.003244,0.007911,-0.243484,-0.241250,0.939422
16.241544,-0.004394,-0.001986,0.003874,0.023987,-0.004978,-0.000291,0.999700,-0.003840,0.003289,0.007930,-0.247526,-0.247083,0.936846
16.258616,-0.004415,-0.002008,0.003783,0.024264,-0.005209,-0.000455,0.999692,-0.003771,0.003247,0.008009,-0.245806,-0.245167,0.937802
16.275311,-0.004337,-0.002108,0.003670,0.024746,-0.005724,-0.000688,0.999677,-0.003693,0.003172,0.007778,-0.233144,-0.226567,0.945680
16.308364,-0.004354,-0.001913,0.003581,0.025189,-0.006258,-0.001310,0.999662,-0.003713,0.002996,0.007917,-0.245248,-0.245850,0.937769
16.325399,-0.004346,-0.001796,0.003534,0.024975,-0.006338,-0.001449,0.999667,-0.003658,0.002877,0.007609,-0.233756,-0.224062,0.946126
16.359012,-0.004300,-0.001467,0.003294,0.023942,-0.005903,-0.001436,0.999695,-0.003638,0.002878,0.007407,-0.233025,-0.224600,0.946179
16.392045,-0.004273,-0.001430,0.003116,0.022508,-0.005260,-0.000802,0.999733,-0.003655,0.002996,0.007217,-0.230667,-0.224341,0.946818
16.408820,-0.004366,-0.001605,0.002996,0.021883,-0.005082,-0.000408,0.999748,-0.003621,0.003156,0.007114,-0.231320,-0.228075,0.945766
16.425805,-0.004412,-0.001654,0.002940,0.021526,-0.005160,0.000090,0.999755,-0.003698,0.003268,0.007002,-0.229384,-0.224081,0.947191
16.459017,-0.004414,-0.001658,0.002909,0.021506,-0.005705,0.000233,0.999753,-0.003547,0.003459,0.006820,-0.237764,-0.224128,0.945111
16.492440,-0.004289,-0.001768,0.002880,0.022244,-0.006088,-0.000474,0.999734,-0.003599,0.003413,0.006823,-0.235480,-0.229880,0.944301
16.525441,-0.004248,-0.001593,0.002918,0.022690,-0.005972,-0.001345,0.999724,-0.003670,0.003300,0.006832,-0.231744,-0.225050,0.946387
16.542239,-0.004299,-0.001541,0.002936,0.022836,-0.005641,-0.001531,0.999722,-0.003686,0.003265,0.006819,-0.229351,-0.227062,0.946489
16.559196,-0.004299,-0.001410,0.002958,0.022886,-0.005366,-0.001579,0.999723,-0.003698,0.003215,0.006850,-0.227810,-0.224745,0.947413
16.592635,-0.004200,-0.001360,0.002992,0.022275,-0.004731,-0.001221,0.999740,-0.003553,0.003254,0.006699,-0.228820,-0.223935,0.947362
16.625808,-0.004348,-0.001687,0.003018,0.021486,-0.004379,-0.000337,0.999760,-0.003566,0.003368,0.006733,-0.225655,-0.225939,0.947645
16.642487,-0.004434,-0.001810,0.003097,0.021387,-0.004554,0.000223,0.999761,-0.003479,0.003470,0.006702,-0.230696,-0.226049,0.946404
16.659232,-0.004552,-0.001882,0.003108,0.021513,-0.004841,0.000509,0.999757,-0.003522,0.003474,0.006783,-0.230612,-0.226568,0.946301
16.692607,-0.004642,-0.001856,0.003204,0.022324,-0.005686,0.000465,0.999735,-0.003638,0.003416,0.006882,-0.227932,-0.227466,0.946735
16.709352,-0.004650,-0.001832,0.003198,0.022766,-0.006145,0.000279,0.999722,-0.003690,0.003361,0.006883,-0.228603,-0.228997,0.946204
16.726087,-0.004644,-0.001748,0.003248,0.023059,-0.006460,-0.000026,0.999713,-0.003791,0.003243,0.006953,-0.224884,-0.222896,0.948549
16.759356,-0.004796,-0.001554,0.003193,0.023350,-0.006352,-0.000582,0.999707,-0.003891,0.003171,0.006951,-0.228633,-0.222003,0.947862
16.776062,-0.004768,-0.001288,0.003388,0.023137,-0.006155,-0.000612,0.999713,-0.003982,0.003149,0.006998,-0.227139,-0.224228,0.947697
16.792811,-0.004791,-0.001128,0.003400,0.022668,-0.005864,-0.000507,0.999726,-0.004031,0.003211,0.007100,-0.227169,-0.227152,0.946993
16.826368,-0.004823,-0.001316,0.003404,0.021346,-0.005057,-0.000277,0.999759,-0.004116,0.003308,0.007198,-0.220919,-0.222387,0.949599
16.859652,-0.004911,-0.001692,0.003344,0.021033,-0.005101,0.000735,0.999766,-0.004145,0.003529,0.007232,-0.216463,-0.220085,0.951161
16.876489,-0.004985,-0.001666,0.003357,0.021274,-0.005264,0.000815,0.999760,-0.004175,0.003537,0.007238,-0.215210,-0.213817,0.952873
16.893190,-0.005008,-0.001710,0.003213,0.021563,-0.005546,0.000663,0.999752,-0.004230,0.003522,0.007234,-0.213571,-0.216240,0.952695
16.926732,-0.005107,-0.001730,0.003138,0.022569,-0.006266,0.000180,0.999726,-0.004388,0.003403,0.007194,-0.205740,-0.205585,0.956769
16.959729,-0.005151,-0.001706,0.003006,0.023051,-0.006454,-0.000175,0.999714,-0.004418,0.003211,0.007115,-0.209752,-0.209766,0.954988
16.976547,-0.005218,-0.001607,0.002958,0.023210,-0.006309,-0.000329,0.999711,-0.004458,0.003182,0.007054,-0.210693,-0.212670,0.954138
17.009950,-0.005312,-0.001361,0.002902,0.022772,-0.005933,0.000030,0.999723,-0.004451,0.003198,0.006940,-0.216548,-0.214844,0.952339
17.026882,-0.005293,-0.001341,0.002942,0.022020,-0.005870,0.000401,0.999740,-0.004501,0.003221,0.006905,-0.217533,-0.214680,0.952151
17.060137,-0.005469,-0.001603,0.002777,0.020493,-0.005651,0.001256,0.999773,-0.004539,0.003301,0.006834,-0.218017,-0.209462,0.953202
17.076857,-0.005588,-0.001746,0.002698,0.020215,-0.005906,0.001726,0.999777,-0.004609,0.003374,0.006767,-0.216617,-0.206583,0.954149
17.110212,-0.005700,-0.001691,0.002767,0.020459,-0.006547,0.001785,0.999768,-0.004667,0.003406,0.006644,-0.222289,-0.201604,0.953910
17.143652,-0.005785,-0.001604,0.002662,0.021125,-0.006989,0.001379,0.999752,-0.004878,0.003392,0.006663,-0.220063,-0.206237,0.953435
17.160543,-0.005721,-0.001453,0.002740,0.021171,-0.007027,0.001133,0.999751,-0.004922,0.003402,0.006618,-0.219856,-0.206082,0.953517
17.193592,-0.005671,-0.001326,0.002814,0.021134,-0.006297,0.000710,0.999757,-0.005054,0.003362,0.006783,-0.233777,-0.215056,0.948208
17.210283,-0.005660,-0.001254,0.002868,0.021003,-0.005863,0.000647,0.999762,-0.005102,0.003411,0.006752,-0.234699,-0.218676,0.947152
17.243550,-0.005613,-0.001288,0.003026,0.020551,-0.005213,0.000835,0.999775,-0.004974,0.003507,0.006788,-0.248321,-0.225260,0.942123
17.276993,-0.005648,-0.001966,0.003154,0.020671,-0.005280,0.001412,0.999771,-0.004812,0.003771,0.006567,-0.240054,-0.230277,0.943052
17.310490,-0.005714,-0.002251,0.003360,0.022076,-0.005779,0.001469,0.999739,-0.004891,0.003678,0.006956,-0.249145,-0.242585,0.937592
17.344090,-0.005627,-0.002270,0.003609,0.023656,-0.006084,0.000780,0.999701,-0.004939,0.003471,0.007175,-0.247816,-0.248831,0.936307
17.377389,-0.005490,-0.002149,0.003898,0.024566,-0.005905,0.000298,0.999681,-0.004868,0.003079,0.007127,-0.236372,-0.217097,0.947099
17.394165,-0.005510,-0.002074,0.004037,0.024847,-0.005663,0.000314,0.999675,-0.004827,0.003046,0.007376,-0.237072,-0.227021,0.944594
17.427369,-0.005492,-0.001753,0.004269,0.024774,-0.005290,0.000707,0.999679,-0.004850,0.002958,0.007647,-0.235757,-0.231883,0.943742
17.444217,-0.005491,-0.001721,0.004351,0.024382,-0.005252,0.000841,0.999689,-0.004869,0.002904,0.007709,-0.229865,-0.224081,0.947074
17.477471,-0.005440,-0.002024,0.004563,0.023037,-0.005756,0.001305,0.999717,-0.004674,0.003070,0.007822,-0.236049,-0.223536,0.945681
17.494339,-0.005449,-0.002214,0.004572,0.022716,-0.006181,0.001527,0.999722,-0.004675,0.003625,0.008242,-0.219990,-0.239537,0.945636
17.527569,-0.005268,-0.002405,0.004721,0.023236,-0.006640,0.000949,0.999708,-0.004877,0.002905,0.008017,-0.180411,-0.193252,0.964420
17.560900,-0.005119,-0.002525,0.004623,0.024559,-0.006555,0.000386,0.999677,-0.004733,0.002919,0.008184,-0.176929,-0.192735,0.965168
17.577599,-0.004999,-0.002471,0.004693,0.024964,-0.006170,0.000014,0.999669,-0.004617,0.002831,0.008235,-0.177975,-0.179681,0.967491
17.594530,-0.004945,-0.002366,0.004611,0.025056,-0.005496,-0.000202,0.999671,-0.004572,0.002677,0.008170,-0.169678,-0.169591,0.970798
17.628132,-0.004830,-0.002071,0.004423,0.024920,-0.004087,-0.000536,0.999681,-0.004342,0.002687,0.008148,-0.171588,-0.170649,0.970277
17.661127,-0.004801,-0.001984,0.004498,0.024110,-0.003345,-0.000517,0.999704,-0.004463,0.002503,0.008463,-0.163521,-0.172929,0.971266
17.677832,-0.004838,-0.002126,0.004387,0.023542,-0.003406,-0.000339,0.999717,-0.004445,0.002398,0.008512,-0.159958,-0.161479,0.973827
17.694702,-0.004877,-0.002248,0.004299,0.023222,-0.003633,-0.000102,0.999724,-0.004328,0.002554,0.008464,-0.155568,-0.160120,0.974762
17.727860,-0.004887,-0.002342,0.004214,0.023335,-0.004011,0.000118,0.999720,-0.004229,0.002754,0.008121,-0.121030,-0.139265,0.982831
17.744872,-0.004812,-0.002377,0.004163,0.023368,-0.004002,-0.000112,0.999719,-0.004210,0.002733,0.008063,-0.099559,-0.094831,0.990503
17.777618,-0.004786,-0.002211,0.003975,0.023579,-0.003871,-0.000453,0.999714,-0.004237,0.002531,0.007959,-0.102189,-0.118063,0.987734
17.794716,-0.004706,-0.002115,0.003995,0.023563,-0.003588,-0.000677,0.999716,-0.004191,0.002464,0.007835,-0.097039,-0.109054,0.989288
17.811396,-0.004686,-0.001932,0.003904,0.023276,-0.003123,-0.000776,0.999724,-0.004078,0.002482,0.007949,-0.104565,-0.115159,0.987828
17.828416,-0.004712,-0.001775,0.003846,0.022883,-0.002558,-0.000787,0.999735,-0.004131,0.002287,0.007859,-0.075296,-0.074928,0.994342
17.861780,-0.004636,-0.001455,0.003949,0.022065,-0.001661,-0.000565,0.999755,-0.004129,0.002418,0.007988,-0.085661,-0.090708,0.992187
17.895023,-0.004598,-0.001618,0.004012,0.020603,-0.001091,-0.000474,0.999787,-0.004168,0.002318,0.007888,-0.051757,-0.052603,0.997273
17.911796,-0.004581,-0.001746,0.004120,0.020129,-0.001018,-0.000326,0.999797,-0.004140,0.002493,0.008027,-0.076940,-0.047453,0.995906
17.945001,-0.004542,-0.001945,0.003982,0.020381,-0.001048,-0.000618,0.999792,-0.004067,0.002632,0.008044,-0.064801,-0.033108,0.997349
17.961669,-0.004453,-0.002105,0.004074,0.020854,-0.001035,-0.000989,0.999782,-0.003980,0.002680,0.008054,-0.069356,-0.036838,0.996912
17.994885,-0.004392,-0.002048,0.003966,0.022031,-0.000985,-0.001575,0.999756,-0.003981,0.002502,0.008106,-0.048136,-0.026811,0.998481
18.011629,-0.004402,-0.001980,0.003984,0.022492,-0.000835,-0.001732,0.999745,-0.003898,0.002461,0.008093,-0.054154,-0.028659,0.998121
18.045172,-0.004389,-0.001650,0.003956,0.022669,-0.000402,-0.001753,0.999741,-0.003868,0.002271,0.008049,-0.042319,-0.017915,0.998944
18.078441,-0.004522,-0.001361,0.003928,0.021973,-0.000338,-0.001156,0.999758,-0.003628,0.002269,0.008005,-0.034945,-0.040781,0.998557
18.095257,-0.004592,-0.001334,0.003965,0.021319,-0.000596,-0.000630,0.999772,-0.003627,0.002336,0.007926,-0.033356,-0.041329,0.998589
18.111978,-0.004670,-0.001528,0.003973,0.020816,-0.001049,-0.000127,0.999783,-0.003694,0.002367,0.007932,-0.028577,-0.033230,0.999039
18.145005,-0.004724,-0.001708,0.004009,0.021051,-0.002061,0.000299,0.999776,-0.003801,0.002607,0.007961,-0.021382,-0.030419,0.999309
18.162082,-0.004660,-0.001633,0.004093,0.021520,-0.002510,0.000058,0.999765,-0.003812,0.002749,0.008025,-0.031888,-0.022013,0.999249
18.178846,-0.004590,-0.001698,0.004104,0.022086,-0.002750,-0.000196,0.999752,-0.003888,0.002701,0.008054,-0.029578,-0.015161,0.999448
18.195610,-0.004549,-0.001496,0.004101,0.022705,-0.002815,-0.000456,0.999738,-0.003940,0.002732,0.008113,-0.025336,-0.014636,0.999572
18.228549,-0.004401,-0.001356,0.004263,0.023207,-0.002189,-0.001195,0.999728,-0.004036,0.002603,0.008148,-0.022203,-0.007527,0.999725
18.245601,-0.004342,-0.001367,0.004213,0.023337,-0.001592,-0.001276,0.999726,-0.004042,0.002558,0.008158,-0.020661,-0.007069,0.999762
18.262735,-0.004282,-0.001127,0.004267,0.023447,-0.000989,-0.001240,0.999724,-0.004024,0.002547,0.008268,-0.021589,-0.007047,0.999742
18.295722,-0.004278,-0.000835,0.004454,0.022874,-0.000237,-0.001080,0.999738,-0.003960,0.002569,0.008376,-0.015827,-0.005086,0.999862
18.329366,-0.004391,-0.001084,0.004504,0.021596,-0.000655,-0.000411,0.999767,-0.003804,0.002739,0.008419,-0.012888,-0.000994,0.999916
18.362550,-0.004380,-0.001489,0.004499,0.022018,-0.001729,-0.000115,0.999756,-0.003743,0.002955,0.008475,-0.014970,-0.004374,0.999878
18.396037,-0.004486,-0.001691,0.004422,0.023463,-0.002437,-0.000642,0.999722,-0.003716,0.002930,0.008541,-0.016729,-0.004556,0.999850
18.412741,-0.004438,-0.001452,0.004421,0.024012,-0.002678,-0.000597,0.999708,-0.003769,0.002838,0.008552,-0.012293,-0.004513,0.999914
18.446024,-0.004414,-0.001259,0.004580,0.024157,-0.002526,-0.000550,0.999705,-0.003873,0.002593,0.008606,-0.011528,-0.003700,0.999927
18.462803,-0.004368,-0.001121,0.004550,0.023825,-0.002235,-0.000530,0.999714,-0.003869,0.002514,0.008720,-0.020023,-0.000351,0.999800
18.479490,-0.004371,-0.000891,0.004545,0.023411,-0.001910,-0.000478,0.999724,-0.003892,0.002495,0.008715,-0.021348,-0.002529,0.999769
18.512750,-0.004379,-0.000700,0.004637,0.022105,-0.001549,-0.000104,0.999755,-0.003888,0.002612,0.008680,-0.018789,-0.005121,0.999810
18.529494,-0.004435,-0.000779,0.004648,0.021319,-0.001713,0.000158,0.999771,-0.003845,0.002734,0.008641,-0.021795,-0.008367,0.999727
18.562873,-0.004418,-0.001190,0.004647,0.020611,-0.002139,0.000460,0.999785,-0.003818,0.003070,0.008612,-0.024131,-0.011111,0.999647
18.596746,-0.004294,-0.001345,0.004493,0.021469,-0.002269,0.000008,0.999767,-0.003830,0.003206,0.008583,-0.021900,-0.009360,0.999716
18.630195,-0.004087,-0.001334,0.004443,0.022773,-0.002301,-0.000405,0.999738,-0.003781,0.003086,0.008502,-0.022659,-0.011051,0.999682
18.662918,-0.004091,-0.001276,0.004482,0.023392,-0.001869,-0.000669,0.999724,-0.003691,0.002831,0.008442,-0.023021,-0.008044,0.999703
18.679824,-0.004095,-0.001113,0.004405,0.023431,-0.001674,-0.000501,0.999724,-0.003687,0.002755,0.008458,-0.020396,-0.007708,0.999762
18.696734,-0.004107,-0.000900,0.004503,0.023374,-0.001561,-0.000421,0.999726,-0.003655,0.002719,0.008432,-0.019526,-0.007672,0.999780
18.730263,-0.004059,-0.000714,0.004574,0.022636,-0.001656,-0.000156,0.999742,-0.003562,0.002784,0.008505,-0.021664,-0.008431,0.999730
18.763442,-0.004073,-0.000784,0.004676,0.021420,-0.002267,0.000483,0.999768,-0.003475,0.003033,0.008524,-0.023074,-0.006243,0.999714
18.780125,-0.004111,-0.001082,0.004655,0.021445,-0.002680,0.000675,0.999766,-0.003464,0.003139,0.008554,-0.024569,-0.007955,0.999667
18.813624,-0.004059,-0.001179,0.004644,0.022467,-0.003164,0.000535,0.999742,-0.003505,0.003303,0.008659,-0.024014,-0.007423,0.999684
18.846925,-0.004015,-0.000974,0.004734,0.023633,-0.003249,0.000085,0.999715,-0.003554,0.003189,0.008720,-0.023241,-0.008835,0.999691
18.880048,-0.003883,-0.000785,0.004843,0.023695,-0.002792,-0.000086,0.999715,-0.003637,0.003037,0.008782,-0.021612,-0.005311,0.999752
18.896747,-0.003952,-0.000543,0.004787,0.023585,-0.002486,-0.000155,0.999719,-0.003627,0.002980,0.008823,-0.023958,-0.004584,0.999703
18.930324,-0.003889,-0.000187,0.004881,0.023097,-0.001971,-0.000419,0.999731,-0.003587,0.003051,0.008856,-0.024051,-0.005119,0.999698
18.963629,-0.003828,-0.000356,0.005007,0.021917,-0.002102,0.000030,0.999758,-0.003498,0.003292,0.008909,-0.024456,-0.007100,0.999676
18.997351,-0.003835,-0.000778,0.004882,0.021623,-0.002358,0.000002,0.999763,-0.003382,0.003521,0.008981,-0.024131,-0.009032,0.999668
19.030411,-0.003774,-0.001077,0.004906,0.022533,-0.002667,-0.000239,0.999743,-0.003343,0.003598,0.008976,-0.022907,-0.008194,0.999704
19.064331,-0.003670,-0.000901,0.004837,0.023607,-0.002621,-0.000646,0.999718,-0.003333,0.003395,0.009022,-0.016142,-0.004723,0.999859
19.097268,-0.003614,-0.000834,0.004854,0.023999,-0.002127,-0.000734,0.999710,-0.003307,0.003119,0.008989,-0.015894,-0.003812,0.999866
19.130477,-0.003660,-0.000266,0.004735,0.023398,-0.001888,-0.000357,0.999724,-0.003244,0.003030,0.009024,-0.014587,-0.001041,0.999893
19.147370,-0.003654,-0.000124,0.004805,0.022714,-0.001869,-0.000359,0.999740,-0.003178,0.003074,0.009000,-0.018889,-0.004396,0.999812
19.164113,-0.003729,-0.000340,0.004796,0.021768,-0.002056,-0.000190,0.999761,-0.003168,0.003129,0.008888,-0.020102,-0.007055,0.999773
19.197586,-0.003787,-0.000775,0.004788,0.020818,-0.002703,0.000268,0.999780,-0.003162,0.003406,0.008843,-0.017321,-0.004669,0.999839
19.231150,-0.003724,-0.000922,0.004764,0.021641,-0.003212,0.000109,0.999761,-0.003238,0.003542,0.008839,-0.014884,-0.005730,0.999873
19.264157,-0.003614,-0.000815,0.004793,0.022845,-0.003101,-0.000486,0.999734,-0.003247,0.003539,0.008847,-0.016823,-0.009135,0.999817
19.280897,-0.003567,-0.000736,0.004804,0.023117,-0.002798,-0.000720,0.999729,-0.003227,0.003520,0.008818,-0.018640,-0.012721,0.999745
19.297828,-0.003514,-0.000682,0.004746,0.023341,-0.002420,-0.000866,0.999724,-0.003253,0.003346,0.008800,-0.015483,-0.005679,0.999864
19.330381,-0.003473,-0.000452,0.004798,0.023408,-0.001740,-0.000843,0.999724,-0.003119,0.003313,0.008707,-0.017852,-0.002889,0.999836
19.347811,-0.003519,-0.000280,0.004839,0.023211,-0.001620,-0.000792,0.999729,-0.003054,0.003331,0.008709,-0.018509,-0.003670,0.999822
19.364663,-0.003581,-0.000225,0.004974,0.022789,-0.001747,-0.000592,0.999739,-0.002985,0.003360,0.008745,-0.016379,-0.007061,0.999841
19.397785,-0.003640,-0.000404,0.005116,0.021949,-0.002402,-0.000140,0.999756,-0.002946,0.003617,0.008879,-0.015001,-0.001306,0.999887
19.414501,-0.003716,-0.000739,0.005106,0.021983,-0.002777,0.000075,0.999755,-0.002925,0.003754,0.008951,-0.016041,-0.006015,0.999853
19.447968,-0.003823,-0.000776,0.005144,0.022695,-0.003365,0.000013,0.999737,-0.002968,0.003749,0.009006,-0.016652,-0.002298,0.999859
19.464669,-0.003850,-0.000746,0.005244,0.023225,-0.003477,-0.000052,0.999724,-0.003053,0.003699,0.009077,-0.017149,-0.003821,0.999846
19.481350,-0.003853,-0.000590,0.005258,0.023505,-0.003448,-0.000039,0.999718,-0.003112,0.003621,0.009140,-0.017429,-0.008356,0.999813
19.514751,-0.003858,-0.000526,0.005362,0.023727,-0.002904,0.000318,0.999714,-0.003218,0.003385,0.009235,-0.016900,-0.003449,0.999851
19.531561,-0.003856,-0.000412,0.005260,0.023524,-0.002674,0.000485,0.999720,-0.003218,0.003385,0.009235,-0.016900,-0.003449,0.999851
19.564574,-0.004014,0.000032,0.005268,0.022795,-0.002567,0.000921,0.999737,-0.003262,0.003360,0.009194,-0.013529,0.002892,0.999904
19.581404,-0.004083,-0.000059,0.005323,0.022145,-0.002766,0.001019,0.999750,-0.003429,0.003505,0.009179,-0.014031,0.004263,0.999893
19.598076,-0.004190,-0.000089,0.005274,0.021621,-0.002962,0.001059,0.999761,-0.003429,0.003505,0.009179,-0.014031,0.004263,0.999893
19.631344,-0.004342,-0.000604,0.005152,0.021685,-0.003696,0.001336,0.999757,-0.003596,0.003853,0.009179,-0.015814,0.001764,0.999873
19.648194,-0.004313,-0.000655,0.005193,0.022253,-0.003943,0.001242,0.999744,-0.003723,0.003906,0.009115,-0.016028,-0.004709,0.999861
19.681419,-0.004362,-0.000799,0.005184,0.023787,-0.003740,0.000507,0.999710,-0.003759,0.003848,0.009135,-0.017453,0.000436,0.999848
19.698227,-0.004350,-0.000741,0.005176,0.024316,-0.003469,0.000414,0.999698,-0.003839,0.003734,0.009130,-0.020424,-0.000935,0.999791
19.731528,-0.004422,-0.000660,0.005114,0.024778,-0.002956,0.000737,0.999688,-0.003877,0.003429,0.009203,-0.021169,-0.009600,0.999730
19.748370,-0.004499,-0.000500,0.005124,0.024809,-0.002849,0.000911,0.999688,-0.003877,0.003429,0.009203,-0.021169,-0.009600,0.999730
19.781643,-0.004661,-0.000249,0.005077,0.024387,-0.002889,0.001037,0.999698,-0.003909,0.003298,0.009170,-0.019662,0.000348,0.999807
19.798658,-0.004727,-0.000260,0.005170,0.023684,-0.003188,0.001422,0.999713,-0.003947,0.003324,0.009146,-0.020633,-0.001242,0.999786
19.831606,-0.004860,-0.000462,0.005288,0.022390,-0.003952,0.001770,0.999740,-0.004023,0.003481,0.009181,-0.024857,0.000276,0.999691
19.848535,-0.004865,-0.000555,0.005332,0.022447,-0.004182,0.001798,0.999738,-0.004189,0.003704,0.009244,-0.019762,-0.005788,0.999788
19.881988,-0.004887,-0.000701,0.005295,0.023213,-0.004080,0.001528,0.999721,-0.004254,0.003709,0.009262,-0.018727,0.000217,0.999825
19.898780,-0.004829,-0.000528,0.005281,0.023688,-0.003787,0.001539,0.999711,-0.004265,0.003745,0.009265,-0.029120,-0.004222,0.999567
19.931838,-0.004777,-0.000445,0.005377,0.024014,-0.003074,0.001781,0.999705,-0.004384,0.003494,0.009311,-0.021135,0.000938,0.999776
19.965419,-0.004741,-0.000199,0.005427,0.023696,-0.002656,0.002047,0.999714,-0.004389,0.003372,0.009342,-0.015876,0.000011,0.999874
19.998982,-0.004790,-0.000040,0.005522,0.022970,-0.002860,0.002073,0.999730,-0.004308,0.003392,0.009365,-0.020640,0.002407,0.999784
20.032244,-0.004845,-0.000326,0.005670,0.022151,-0.003692,0.002386,0.999745,-0.004266,0.003752,0.009395,-0.018968,0.001928,0.999818
20.065620,-0.004925,-0.000756,0.005643,0.022937,-0.004250,0.002337,0.999725,-0.004274,0.003819,0.009433,-0.020061,0.000768,0.999799
20.099106,-0.004864,-0.001069,0.005603,0.024439,-0.004067,0.001864,0.999691,-0.004375,0.003699,0.009572,-0.028497,-0.002500,0.999591
20.132223,-0.004779,-0.000921,0.005696,0.025324,-0.003336,0.001812,0.999672,-0.004360,0.003507,0.009510,-0.029300,-0.000349,0.999571
20.149013,-0.004768,-0.000873,0.005690,0.025427,-0.003015,0.002055,0.999670,-0.004389,0.003339,0.009573,-0.027177,-0.000088,0.999631
20.166360,-0.004745,-0.000727,0.005683,0.025425,-0.002792,0.002256,0.999670,-0.004392,0.003071,0.009668,-0.022375,0.001718,0.999748
20.199222,-0.004829,-0.000320,0.005792,0.025019,-0.002866,0.002275,0.999680,-0.004269,0.003149,0.009683,-0.026766,-0.001982,0.999640
20.232373,-0.004889,-0.000465,0.005986,0.023745,-0.003695,0.002389,0.999708,-0.004267,0.003250,0.009710,-0.028037,-0.000497,0.999607
20.249595,-0.004892,-0.000602,0.005975,0.023188,-0.004105,0.002338,0.999720,-0.004274,0.003421,0.009794,-0.027636,-0.003168,0.999613
20.282749,-0.004750,-0.000996,0.006085,0.023773,-0.004401,0.001875,0.999706,-0.004308,0.003466,0.009868,-0.026694,0.000629,0.999643
20.315889,-0.004640,-0.001172,0.006086,0.025282,-0.003813,0.001366,0.999672,-0.004346,0.003375,0.010065,-0.025724,-0.000576,0.999669
20.332747,-0.004575,-0.001160,0.006175,0.025743,-0.003237,0.001158,0.999663,-0.004327,0.003261,0.010105,-0.023241,-0.000542,0.999730
20.349437,-0.004504,-0.001141,0.006217,0.026012,-0.002617,0.001130,0.999658,-0.004327,0.003261,0.010105,-0.023241,-0.000542,0.999730
20.382703,-0.004582,-0.000971,0.006109,0.025861,-0.001735,0.001406,0.999663,-0.004202,0.002860,0.010160,-0.028033,0.001358,0.999606
20.416406,-0.004749,-0.000676,0.006075,0.025136,-0.001848,0.001700,0.999681,-0.003676,0.002391,0.010278,0.000160,0.012941,0.999916
20.449631,-0.004959,-0.000789,0.006166,0.024151,-0.002890,0.002006,0.999702,-0.003715,0.002606,0.010277,0.000559,0.002548,0.999997
20.466304,-0.004940,-0.001054,0.006297,0.023747,-0.003521,0.002273,0.999709,-0.003750,0.002672,0.010294,-0.001642,0.006115,0.999980
20.483252,-0.004995,-0.001174,0.006323,0.023871,-0.003986,0.002311,0.999704,-0.003773,0.002744,0.010408,-0.004162,0.002050,0.999989
20.516632,-0.005000,-0.001296,0.006299,0.024462,-0.004062,0.002014,0.999691,-0.003990,0.002633,0.010468,-0.000652,0.001854,0.999998
20.533473,-0.005002,-0.001319,0.006186,0.024802,-0.003762,0.001780,0.999684,-0.004041,0.002585,0.010477,0.001205,-0.000833,0.999999
20.550279,-0.004968,-0.001159,0.006239,0.024931,-0.003263,0.001743,0.999682,-0.004077,0.002418,0.010392,0.000388,0.001801,0.999998
20.583541,-0.004981,-0.001150,0.006171,0.024689,-0.002426,0.002185,0.999690,-0.004105,0.002155,0.010364,0.000600,0.000656,1.000000
20.616711,-0.004986,-0.000760,0.006277,0.024104,-0.002306,0.002484,0.999704,-0.004048,0.002197,0.010372,0.000854,0.004481,0.999990
20.650283,-0.005056,-0.000749,0.006362,0.023004,-0.002785,0.002360,0.999729,-0.003997,0.002414,0.010359,-0.000012,0.003586,0.999994
20.667008,-0.005053,-0.000827,0.006495,0.022525,-0.003318,0.002393,0.999738,-0.004002,0.002555,0.010383,-0.000642,0.001637,0.999999
20.700376,-0.005109,-0.001352,0.006498,0.022831,-0.003855,0.002028,0.999730,-0.004027,0.002710,0.010495,-0.007893,0.002471,0.999966
20.733487,-0.005094,-0.001738,0.006384,0.024164,-0.003564,0.001554,0.999700,-0.004155,0.002616,0.010559,-0.006054,-0.003134,0.999977
20.767205,-0.005035,-0.001462,0.006419,0.025056,-0.002842,0.001793,0.999680,-0.004228,0.002288,0.010488,-0.005881,0.003255,0.999977
20.784294,-0.005051,-0.001399,0.006440,0.025135,-0.002419,0.002032,0.999679,-0.004563,0.002602,0.010147,-0.037890,0.036994,0.998597
20.816929,-0.005140,-0.001085,0.006387,0.024638,-0.002240,0.002577,0.999691,-0.004119,0.002513,0.010150,-0.034522,0.044047,0.998433
20.833795,-0.005174,-0.000836,0.006288,0.024365,-0.002536,0.002673,0.999696,-0.004115,0.002509,0.010152,-0.040427,0.047583,0.998049
20.850581,-0.005242,-0.000861,0.006299,0.023771,-0.003066,0.002599,0.999709,-0.004054,0.002522,0.010044,-0.042414,0.052802,0.997704
20.883734,-0.005181,-0.001057,0.006261,0.022645,-0.004461,0.002423,0.999731,-0.004032,0.002707,0.009955,-0.052533,0.043027,0.997692
20.900457,-0.005083,-0.001323,0.006185,0.022569,-0.004830,0.002094,0.999731,-0.004064,0.002791,0.009977,-0.059024,0.045907,0.997200
20.917264,-0.004974,-0.001250,0.006162,0.023070,-0.004870,0.001616,0.999721,-0.004095,0.002928,0.009907,-0.077326,0.064840,0.994895
20.934126,-0.004840,-0.001485,0.006147,0.023596,-0.004546,0.001070,0.999711,-0.004106,0.002992,0.009909,-0.078802,0.032540,0.996359
20.967231,-0.004596,-0.001489,0.006049,0.024982,-0.003164,0.000607,0.999683,-0.004584,0.003034,0.009999,-0.106512,0.005243,0.994298
20.984077,-0.004501,-0.001460,0.006041,0.025395,-0.002311,0.000602,0.999675,-0.004308,0.003264,0.009445,-0.101057,0.030025,0.994427
21.000793,-0.004377,-0.001347,0.005928,0.025520,-0.001641,0.000683,0.999673,-0.004424,0.002830,0.009926,-0.119552,0.003701,0.992821
21.034006,-0.004396,-0.001054,0.005884,0.025108,-0.001044,0.000944,0.999684,-0.004147,0.003089,0.009846,-0.094765,0.055979,0.993925
21.067488,-0.004541,-0.000948,0.005936,0.024099,-0.001983,0.001154,0.999707,-0.003907,0.002929,0.009816,-0.144549,-0.002734,0.989494
21.084347,-0.004526,-0.001007,0.005916,0.023544,-0.002850,0.001127,0.999718,-0.003916,0.002995,0.009830,-0.144230,-0.002361,0.989542
21.117509,-0.004430,-0.001469,0.005820,0.023320,-0.004100,0.000447,0.999720,-0.003919,0.003215,0.010064,-0.174950,-0.037378,0.983868
21.134311,-0.004305,-0.001459,0.005870,0.023501,-0.004396,0.000352,0.999714,-0.003849,0.003172,0.009777,-0.158308,0.005272,0.987376
21.167571,-0.004143,-0.001508,0.005715,0.024092,-0.003813,-0.000212,0.999703,-0.003946,0.003067,0.009952,-0.191970,-0.021479,0.981166
21.184476,-0.003994,-0.001437,0.005675,0.024174,-0.003089,-0.000344,0.999703,-0.004018,0.003017,0.009928,-0.203297,-0.032022,0.978593
21.201288,-0.003954,-0.001221,0.005611,0.024229,-0.002244,-0.000157,0.999704,-0.003915,0.002943,0.009901,-0.208146,-0.032570,0.977555
21.234428,-0.003945,-0.001085,0.005473,0.023723,-0.001284,0.000150,0.999718,-0.003817,0.002925,0.009795,-0.211566,-0.039265,0.976575
21.267954,-0.004060,-0.000874,0.005540,0.022967,-0.001606,0.000039,0.999735,-0.003679,0.002940,0.009693,-0.216435,-0.033080,0.975736
21.284830,-0.004069,-0.000854,0.005622,0.022440,-0.002145,-0.000123,0.999746,-0.003700,0.002989,0.009730,-0.218412,-0.031965,0.975333
21.301548,-0.004106,-0.000922,0.005733,0.021881,-0.002732,-0.000258,0.999757,-0.003680,0.003074,0.009720,-0.220603,-0.033004,0.974805
21.334718,-0.003954,-0.001351,0.005741,0.022033,-0.003436,-0.000914,0.999751,-0.003658,0.003340,0.009703,-0.225866,-0.033549,0.973581
21.351426,-0.003885,-0.001589,0.005683,0.022531,-0.003414,-0.001324,0.999740,-0.003609,0.003423,0.009751,-0.228487,-0.038937,0.972768
21.368162,-0.003829,-0.001791,0.005706,0.023281,-0.003234,-0.001596,0.999723,-0.003575,0.003366,0.009758,-0.231067,-0.035044,0.972307
21.384896,-0.003794,-0.001753,0.005648,0.023990,-0.002717,-0.001671,0.999707,-0.003450,0.003518,0.009630,-0.229477,-0.034900,0.972688
21.401649,-0.003706,-0.001687,0.005701,0.024321,-0.002127,-0.001487,0.999701,-0.003439,0.003298,0.009665,-0.232362,-0.030841,0.972140
21.418427,-0.003689,-0.001564,0.005678,0.024559,-0.001581,-0.001175,0.999696,-0.003439,0.003046,0.009658,-0.226789,-0.023484,0.973661
21.435095,-0.003590,-0.001487,0.005543,0.024456,-0.001255,-0.000844,0.999700,-0.003381,0.002923,0.009656,-0.228450,-0.021956,0.973308
21.468087,-0.003751,-0.001259,0.005570,0.023614,-0.001415,-0.000461,0.999720,-0.003181,0.002842,0.009534,-0.228617,-0.021455,0.973280
21.484761,-0.003825,-0.001227,0.005559,0.022909,-0.001966,-0.000291,0.999736,-0.003166,0.002847,0.009522,-0.230262,-0.020729,0.972908
21.501933,-0.003878,-0.001065,0.005556,0.022285,-0.002783,-0.000103,0.999748,-0.003162,0.002932,0.009501,-0.230542,-0.021202,0.972831
21.535117,-0.003828,-0.001506,0.005657,0.021713,-0.004081,-0.000578,0.999756,-0.003191,0.003204,0.009493,-0.233599,-0.025043,0.972010
21.568376,-0.003694,-0.001764,0.005632,0.022395,-0.004261,-0.001309,0.999739,-0.003290,0.003310,0.009473,-0.229667,-0.018342,0.973096
21.585561,-0.003583,-0.001721,0.005644,0.023011,-0.003890,-0.001439,0.999727,-0.003310,0.003299,0.009510,-0.232998,-0.023977,0.972182
21.618546,-0.003444,-0.001750,0.005602,0.023913,-0.002504,-0.001687,0.999710,-0.003321,0.003076,0.009492,-0.230199,-0.020657,0.972924
21.769038,-0.003564,-0.001661,0.005015,0.022476,-0.004425,-0.001707,0.999736,-0.002919,0.003665,0.008961,-0.236654,-0.026702,0.971227
21.801873,-0.003394,-0.001852,0.004882,0.023683,-0.003824,-0.002229,0.999710,-0.002933,0.003635,0.009028,-0.249900,-0.045989,0.967179
21.818914,-0.003330,-0.001575,0.004815,0.023836,-0.003208,-0.002001,0.999709,-0.003065,0.003381,0.008949,-0.231174,-0.025369,0.972582
21.852333,-0.003254,-0.001228,0.004812,0.023535,-0.001903,-0.001432,0.999720,-0.002883,0.003380,0.008930,-0.245562,-0.041152,0.968507
21.885872,-0.003376,-0.001040,0.004791,0.022732,-0.001792,-0.000704,0.999740,-0.002895,0.003090,0.008933,-0.232372,-0.018124,0.972458
21.918990,-0.003599,-0.000832,0.004941,0.021744,-0.002873,-0.000403,0.999759,-0.002741,0.003393,0.008881,-0.237782,-0.026744,0.970950
21.952617,-0.003617,-0.001018,0.004971,0.020965,-0.004396,-0.000741,0.999770,-0.002844,0.003610,0.008811,-0.234341,-0.022350,0.971898
21.985903,-0.003563,-0.001280,0.004959,0.021466,-0.004969,-0.001385,0.999756,-0.003024,0.003768,0.008748,-0.230692,-0.016220,0.972892
22.019309,-0.003549,-0.001520,0.005190,0.023130,-0.003971,-0.001774,0.999723,-0.003223,0.003719,0.008977,-0.231320,-0.017614,0.972718
22.036214,-0.003654,-0.001439,0.005396,0.023779,-0.003135,-0.001626,0.999711,-0.003198,0.003696,0.008928,-0.230002,-0.018686,0.973011
22.069163,-0.003749,-0.001234,0.005442,0.024252,-0.001849,-0.000865,0.999704,-0.003210,0.003565,0.009107,-0.233245,-0.018449,0.972243
22.102776,-0.004050,-0.001004,0.005576,0.023871,-0.001807,-0.000077,0.999714,-0.003149,0.003507,0.009198,-0.240430,-0.022030,0.970417
22.136235,-0.004373,-0.000754,0.005795,0.022922,-0.003124,0.000227,0.999732,-0.003296,0.003459,0.009349,-0.236358,-0.023661,0.971378
22.169594,-0.004588,-0.000987,0.006174,0.022317,-0.004680,0.000031,0.999740,-0.003529,0.003628,0.009527,-0.231264,-0.020466,0.972676
22.186348,-0.004623,-0.001146,0.006186,0.022498,-0.005110,-0.000143,0.999734,-0.003759,0.003720,0.009735,-0.230230,-0.021798,0.972892
22.219593,-0.004650,-0.001407,0.006353,0.023586,-0.004771,-0.000530,0.999710,-0.004054,0.003745,0.009940,-0.230646,-0.021599,0.972798
22.236314,-0.004577,-0.001397,0.006613,0.024174,-0.004157,-0.000587,0.999699,-0.004121,0.003694,0.010014,-0.231905,-0.021136,0.972509
22.253063,-0.004584,-0.001221,0.006714,0.024563,-0.003371,-0.000358,0.999693,-0.004175,0.003576,0.010249,-0.230046,-0.023589,0.972894
22.286322,-0.004639,-0.000965,0.006873,0.024654,-0.002213,0.000179,0.999694,-0.004161,0.003419,0.010367,-0.232034,-0.021793,0.972464
22.319824,-0.004696,-0.001087,0.006930,0.024216,-0.002316,0.000620,0.999704,-0.003951,0.003496,0.010451,-0.237584,-0.025560,0.971031
22.352963,-0.004826,-0.000876,0.007160,0.023834,-0.003523,0.000633,0.999710,-0.003924,0.003811,0.010671,-0.242289,-0.049274,0.968952
22.369937,-0.004805,-0.001004,0.007278,0.023735,-0.004035,0.000289,0.999710,-0.004075,0.003650,0.010754,-0.233710,-0.027415,0.971920
22.386682,-0.004777,-0.001276,0.007324,0.023874,-0.004405,-0.000051,0.999705,-0.004103,0.003740,0.010829,-0.236192,-0.025511,0.971372
22.419928,-0.004652,-0.001556,0.007239,0.024948,-0.004407,-0.000571,0.999679,-0.004101,0.003839,0.010904,-0.239494,-0.025289,0.970569
22.436604,-0.004654,-0.001669,0.007171,0.025784,-0.003969,-0.000672,0.999659,-0.004239,0.003687,0.010947,-0.231755,-0.018970,0.972589
22.470280,-0.004635,-0.001454,0.007047,0.026777,-0.002742,-0.000420,0.999638,-0.004225,0.003718,0.010826,-0.229850,-0.017729,0.973065
22.503377,-0.004651,-0.001029,0.007013,0.026332,-0.002443,0.000641,0.999650,-0.004190,0.003386,0.010874,-0.233099,-0.014777,0.972341
22.520132,-0.004770,-0.000930,0.006998,0.025625,-0.002585,0.000866,0.999668,-0.003986,0.003505,0.010793,-0.239412,-0.022999,0.970646
22.537076,-0.004843,-0.000912,0.006990,0.024831,-0.003042,0.001119,0.999686,-0.004015,0.003523,0.010849,-0.240580,-0.038893,0.969850
22.570243,-0.004798,-0.000736,0.006922,0.023538,-0.004565,0.001234,0.999712,-0.004022,0.003692,0.010778,-0.238255,-0.029427,0.970757
22.586920,-0.004838,-0.000916,0.006920,0.023405,-0.005167,0.001007,0.999712,-0.003944,0.003835,0.010685,-0.239400,-0.034462,0.970309
22.603774,-0.004742,-0.001070,0.006809,0.023547,-0.005441,0.000636,0.999708,-0.004014,0.003880,0.010712,-0.242147,-0.030616,0.969757
22.620465,-0.004645,-0.001128,0.006879,0.024002,-0.005411,0.000349,0.999697,-0.004175,0.003882,0.010664,-0.232931,-0.024243,0.972191
22.653846,-0.004424,-0.001416,0.006609,0.025125,-0.004219,0.000107,0.999675,-0.004191,0.003826,0.010492,-0.235614,-0.015757,0.971719
22.670732,-0.004332,-0.001420,0.006393,0.025591,-0.003376,0.000197,0.999667,-0.004201,0.003668,0.010525,-0.235088,-0.022274,0.971719
22.704001,-0.004278,-0.001213,0.006353,0.025891,-0.002080,0.000678,0.999662,-0.004014,0.003572,0.010366,-0.238693,-0.038673,0.970325
22.737156,-0.004479,-0.001077,0.006325,0.025405,-0.002197,0.001251,0.999674,-0.003810,0.003501,0.010219,-0.238405,-0.030680,0.970681
22.754011,-0.004605,-0.001032,0.006340,0.025001,-0.002840,0.001460,0.999682,-0.003838,0.003478,0.010265,-0.238257,-0.029538,0.970753
22.787089,-0.004779,-0.000855,0.006407,0.024374,-0.004439,0.001406,0.999692,-0.003881,0.003712,0.010197,-0.238133,-0.029574,0.970782
22.803854,-0.004773,-0.000908,0.006419,0.024426,-0.005055,0.001039,0.999688,-0.003944,0.003744,0.010262,-0.241735,-0.031156,0.969842
22.837188,-0.004730,-0.001120,0.006420,0.024876,-0.005124,0.000383,0.999677,-0.004178,0.003785,0.010299,-0.239170,-0.023746,0.970687
23.288454,-0.004717,-0.001577,0.006982,0.025253,-0.003878,-0.000205,0.999674,-0.004483,0.003615,0.010764,-0.231816,-0.037409,0.972040
23.305183,-0.004614,-0.001603,0.006848,0.025804,-0.002827,0.000117,0.999663,-0.004463,0.003665,0.010887,-0.237162,-0.060875,0.969561
23.338359,-0.004616,-0.001378,0.006885,0.026226,-0.001253,0.000976,0.999655,-0.004363,0.003408,0.010864,-0.232600,-0.055633,0.970980
23.355081,-0.004665,-0.001225,0.006925,0.026107,-0.001037,0.001356,0.999658,-0.004199,0.003261,0.010765,-0.233720,-0.039770,0.971490
23.388498,-0.004930,-0.001374,0.007007,0.025469,-0.001893,0.001541,0.999673,-0.004066,0.003360,0.010823,-0.238420,-0.054391,0.969638
23.421972,-0.005033,-0.001236,0.007240,0.024914,-0.004034,0.001170,0.999681,-0.004124,0.003407,0.010963,-0.237740,-0.055732,0.969729
23.455264,-0.004934,-0.001457,0.007378,0.025354,-0.005162,0.000129,0.999665,-0.004299,0.003490,0.011110,-0.231093,-0.056560,0.971286
23.472007,-0.004845,-0.001630,0.007502,0.025742,-0.005077,-0.000386,0.999656,-0.004320,0.003559,0.011138,-0.234640,-0.058259,0.970335
23.488700,-0.004705,-0.001659,0.007566,0.026180,-0.004528,-0.000618,0.999647,-0.004406,0.003523,0.011173,-0.228935,-0.044434,0.972427
23.505517,-0.004700,-0.001802,0.007651,0.026694,-0.003553,-0.000564,0.999637,-0.004476,0.003405,0.011264,-0.226448,-0.041521,0.973138
23.538717,-0.004646,-0.001602,0.007522,0.027403,-0.001452,0.000075,0.999624,-0.004468,0.003241,0.011481,-0.226943,-0.040825,0.973052
23.555436,-0.004728,-0.001441,0.007587,0.027225,-0.000864,0.000501,0.999629,-0.004286,0.003350,0.011375,-0.234587,-0.060091,0.970236
23.572224,-0.004842,-0.001305,0.007658,0.026944,-0.000791,0.000953,0.999636,-0.004263,0.003097,0.011449,-0.231633,-0.040965,0.971941
23.588902,-0.004966,-0.001327,0.007667,0.026359,-0.001295,0.001467,0.999651,-0.004182,0.003198,0.011444,-0.233423,-0.053583,0.970898
23.622051,-0.005250,-0.001177,0.007763,0.025751,-0.003125,0.001805,0.999662,-0.004319,0.003179,0.011570,-0.242176,-0.049808,0.968953
23.639018,-0.005407,-0.001259,0.007849,0.025630,-0.004099,0.001226,0.999662,-0.004437,0.003233,0.011520,-0.236149,-0.040534,0.970871
23.655703,-0.005337,-0.001352,0.007869,0.025685,-0.004778,0.000562,0.999659,-0.004589,0.003366,0.011579,-0.236639,-0.052601,0.970173
23.689093,-0.005202,-0.001531,0.007988,0.025945,-0.004879,-0.000513,0.999651,-0.004799,0.003364,0.011636,-0.238276,-0.041861,0.970295
23.722607,-0.005065,-0.001926,0.007914,0.026653,-0.003152,-0.000909,0.999639,-0.004923,0.003244,0.011732,-0.234958,-0.037085,0.971298
23.755808,-0.004981,-0.001943,0.007854,0.027376,-0.001172,-0.000214,0.999625,-0.004821,0.003011,0.011888,-0.237248,-0.041684,0.970554
23.772608,-0.004938,-0.001815,0.007830,0.027253,-0.000535,0.000180,0.999628,-0.004767,0.002925,0.011905,-0.234287,-0.042982,0.971217
23.789500,-0.005034,-0.001709,0.007793,0.026891,-0.000215,0.000589,0.999638,-0.004600,0.002780,0.011854,-0.236468,-0.040956,0.970776
23.806204,-0.005001,-0.001913,0.007819,0.026241,-0.000545,0.000973,0.999655,-0.004591,0.002653,0.011857,-0.231111,-0.035228,0.972290
23.839079,-0.005173,-0.001743,0.007749,0.025315,-0.002364,0.001039,0.999676,-0.004393,0.002703,0.011758,-0.230295,-0.033390,0.972548
23.856332,-0.005194,-0.001875,0.007724,0.025217,-0.003307,0.000453,0.999677,-0.004423,0.002668,0.011809,-0.230843,-0.032895,0.972435
23.889615,-0.005141,-0.002057,0.007623,0.025499,-0.004644,-0.000692,0.999664,-0.004520,0.002735,0.011780,-0.230021,-0.033347,0.972614
23.922949,-0.005039,-0.002180,0.007469,0.025632,-0.004307,-0.000874,0.999662,-0.004569,0.002842,0.011675,-0.232349,-0.052538,0.971213
23.939909,-0.004919,-0.002354,0.007378,0.025671,-0.003551,-0.000735,0.999664,-0.004649,0.002591,0.011655,-0.226825,-0.029122,0.973500
23.972902,-0.004882,-0.002107,0.007221,0.025541,-0.001645,-0.000140,0.999672,-0.004620,0.002289,0.011628,-0.226097,-0.038667,0.973337
24.006232,-0.004965,-0.001767,0.007185,0.024829,-0.000915,0.000736,0.999691,-0.004542,0.002130,0.011544,-0.215301,-0.036459,0.975867
24.023130,-0.005090,-0.001835,0.007110,0.024295,-0.001096,0.001080,0.999704,-0.004473,0.002143,0.011438,-0.205784,-0.021492,0.978361
24.056453,-0.005261,-0.001718,0.007194,0.023365,-0.002386,0.001040,0.999724,-0.004388,0.002423,0.011321,-0.190697,-0.043742,0.980674
24.089861,-0.005295,-0.001880,0.007137,0.023359,-0.003558,-0.000039,0.999721,-0.004658,0.002233,0.010960,-0.085858,0.008263,0.996273
24.122892,-0.005163,-0.002036,0.007093,0.024032,-0.003440,-0.001163,0.999705,-0.004763,0.002337,0.010920,-0.066266,0.043628,0.996848
24.156828,-0.005091,-0.002296,0.006919,0.024992,-0.001679,-0.001205,0.999686,-0.004784,0.002344,0.010841,-0.049078,0.045054,0.997778
24.190028,-0.005102,-0.002013,0.006902,0.025401,0.000127,-0.000179,0.999677,-0.004665,0.002148,0.010839,-0.030685,0.052120,0.998169
24.206933,-0.005192,-0.001829,0.006931,0.025282,0.000555,0.000436,0.999680,-0.004549,0.002044,0.010763,-0.035713,0.054228,0.997890
24.239991,-0.005407,-0.001911,0.006965,0.024625,0.000195,0.001290,0.999696,-0.004493,0.002000,0.010762,-0.017225,-0.015955,0.999724
24.256749,-0.005545,-0.001757,0.006909,0.024277,-0.000495,0.001446,0.999704,-0.004447,0.002074,0.010760,-0.005474,-0.017318,0.999835
24.273516,-0.005687,-0.001790,0.006934,0.024014,-0.001231,0.001141,0.999710,-0.004129,0.001839,0.011031,0.006295,-0.003050,0.999976
24.290182,-0.005721,-0.001733,0.006902,0.024006,-0.001959,0.000610,0.999710,-0.004242,0.002066,0.010971,0.017357,-0.008455,0.999814
24.306869,-0.005786,-0.001830,0.006914,0.024013,-0.002382,0.000095,0.999709,-0.004530,0.002305,0.010841,0.086752,-0.003371,0.996224
24.340115,-0.005680,-0.001933,0.006802,0.024549,-0.001882,-0.000578,0.999697,-0.004830,0.002381,0.010833,0.107964,0.008094,0.994122
24.356849,-0.005647,-0.002063,0.006711,0.024894,-0.001093,-0.000497,0.999689,-0.004861,0.002415,0.010863,0.111675,0.000902,0.993744
24.373813,-0.005647,-0.002116,0.006700,0.025301,-0.000163,-0.000299,0.999680,-0.004908,0.002368,0.010837,0.119488,0.003820,0.992828
24.407026,-0.005586,-0.001637,0.006694,0.025387,0.001645,0.000237,0.999676,-0.004953,0.002341,0.010737,0.132329,0.007059,0.991181
24.423925,-0.005658,-0.001412,0.006652,0.025040,0.002029,0.000628,0.999684,-0.004861,0.002361,0.010759,0.138462,0.003326,0.990362
24.457194,-0.005695,-0.001363,0.006630,0.024015,0.001797,0.000627,0.999710,-0.004715,0.002420,0.010749,0.153792,0.003929,0.988096
24.474192,-0.005636,-0.001285,0.006602,0.023641,0.001304,0.000422,0.999720,-0.004728,0.002522,0.010692,0.161089,0.000499,0.986940
24.507325,-0.005577,-0.001353,0.006478,0.023543,0.000360,-0.000614,0.999723,-0.004707,0.002751,0.010607,0.179306,0.004452,0.983783
24.524050,-0.005531,-0.001390,0.006409,0.023633,0.000065,-0.001236,0.999720,-0.004684,0.002821,0.010540,0.183888,0.002096,0.982945
24.540788,-0.005442,-0.001566,0.006246,0.023743,0.000224,-0.001718,0.999717,-0.004692,0.002824,0.010502,0.188683,0.007014,0.982013
24.574338,-0.005368,-0.001875,0.006082,0.024303,0.001582,-0.001959,0.999702,-0.004687,0.002770,0.010315,0.199084,0.010504,0.979926
24.607570,-0.005377,-0.001696,0.005959,0.024922,0.003373,-0.001246,0.999683,-0.004652,0.002689,0.010193,0.208736,0.006806,0.977948
24.640932,-0.005528,-0.001547,0.005794,0.024673,0.003960,-0.000342,0.999688,-0.004544,0.002484,0.010100,0.214087,0.008331,0.976779
24.657608,-0.005589,-0.001512,0.005739,0.024153,0.003810,0.000263,0.999701,-0.004502,0.002405,0.009977,0.217952,0.014168,0.975857
24.674533,-0.005715,-0.001449,0.005742,0.023623,0.003406,0.000635,0.999715,-0.004506,0.002407,0.009897,0.221039,0.014622,0.975155
24.691316,-0.005801,-0.001356,0.005698,0.023197,0.002782,0.000507,0.999727,-0.004553,0.002425,0.009814,0.225626,0.016412,0.974076
24.724312,-0.005845,-0.001287,0.005830,0.022998,0.001353,-0.000355,0.999735,-0.004609,0.002570,0.009763,0.244478,0.023127,0.969379
24.740984,-0.005749,-0.001355,0.005883,0.023087,0.000828,-0.000985,0.999733,-0.004702,0.002647,0.009688,0.243778,0.030286,0.969358
24.758113,-0.005736,-0.001474,0.005876,0.023173,0.000816,-0.001451,0.999730,-0.004744,0.002700,0.009684,0.244524,0.028505,0.969224
24.791074,-0.005675,-0.001696,0.005826,0.023673,0.001534,-0.001237,0.999718,-0.004777,0.002468,0.009694,0.253168,0.060476,0.965530
24.824707,-0.005649,-0.001530,0.005956,0.024071,0.002657,-0.000370,0.999707,-0.004786,0.002420,0.009709,0.254589,0.059355,0.965226
24.857995,-0.005756,-0.001368,0.006037,0.024003,0.003249,0.000568,0.999707,-0.004719,0.002473,0.009692,0.247108,0.026682,0.968621
24.891413,-0.005829,-0.001430,0.006340,0.023721,0.002316,0.001276,0.999715,-0.004685,0.002546,0.009839,0.249414,0.023691,0.968107
24.908106,-0.005837,-0.001381,0.006510,0.023684,0.001485,0.001046,0.999718,-0.004712,0.002570,0.009899,0.249964,0.024457,0.967946
24.925217,-0.005863,-0.001367,0.006598,0.024008,0.000791,0.000474,0.999711,-0.004721,0.002623,0.009992,0.247116,0.023841,0.968693
24.958074,-0.005712,-0.001575,0.006889,0.024841,0.000174,-0.001063,0.999691,-0.004852,0.002741,0.010230,0.235671,0.022865,0.971564
24.991406,-0.005594,-0.001730,0.007182,0.025854,0.001144,-0.001650,0.999664,-0.004933,0.002706,0.010545,0.235878,0.026731,0.971415
25.008168,-0.005439,-0.001924,0.007261,0.026447,0.001977,-0.001458,0.999647,-0.004922,0.002672,0.010659,0.234507,0.025495,0.971780
25.041682,-0.005347,-0.001760,0.007469,0.027352,0.003795,-0.000606,0.999619,-0.004778,0.002570,0.010871,0.233122,0.027074,0.972071
25.058509,-0.005441,-0.001603,0.007569,0.027359,0.004294,0.000030,0.999617,-0.004656,0.002434,0.011081,0.236111,0.023127,0.971451
25.091741,-0.005526,-0.001765,0.007827,0.026943,0.003747,0.001147,0.999629,-0.004501,0.002311,0.011298,0.236447,0.022548,0.971383
25.124997,-0.005606,-0.001738,0.008014,0.026900,0.001839,0.000945,0.999636,-0.004462,0.002326,0.011503,0.236881,0.030368,0.971064
25.141794,-0.005627,-0.001773,0.008169,0.027196,0.001081,0.000168,0.999630,-0.004482,0.002336,0.011599,0.235106,0.027971,0.971567
25.175084,-0.005419,-0.001786,0.008354,0.027486,0.000195,-0.001221,0.999622,-0.004602,0.002300,0.011907,0.237507,0.020045,0.971179
25.192012,-0.005339,-0.001899,0.008368,0.027529,0.000472,-0.001714,0.999620,-0.004623,0.002285,0.012005,0.236826,0.020064,0.971345
25.208745,-0.005297,-0.001962,0.008343,0.027666,0.001175,-0.001673,0.999615,-0.004622,0.002255,0.012091,0.237194,0.022768,0.971196
25.225433,-0.005242,-0.002178,0.008253,0.027994,0.001963,-0.001385,0.999605,-0.004665,0.002306,0.012132,0.235925,0.027414,0.971385
25.258996,-0.005276,-0.002005,0.008326,0.028509,0.003814,-0.000458,0.999586,-0.004667,0.002236,0.012278,0.237479,0.027429,0.971005
25.292029,-0.005511,-0.001936,0.008470,0.027906,0.004518,0.000674,0.999600,-0.004543,0.002002,0.012441,0.236087,0.023814,0.971440
25.325506,-0.005682,-0.001963,0.008469,0.027176,0.003293,0.001481,0.999624,-0.004511,0.002016,0.012384,0.238692,0.032383,0.970555
25.342564,-0.005769,-0.002033,0.008452,0.027049,0.002465,0.001146,0.999631,-0.004498,0.002028,0.012427,0.238336,0.022136,0.970931
25.375431,-0.005807,-0.001960,0.008242,0.027381,0.000886,-0.000291,0.999625,-0.004584,0.002035,0.012460,0.240124,0.023719,0.970452
25.392211,-0.005731,-0.001954,0.008249,0.027317,0.000580,-0.000633,0.999627,-0.004640,0.002060,0.012426,0.240621,0.020482,0.970403
25.409051,-0.005636,-0.001939,0.008209,0.027082,0.000833,-0.000889,0.999633,-0.004706,0.002042,0.012377,0.239067,0.025888,0.970658
25.426004,-0.005564,-0.002026,0.008137,0.026826,0.001519,-0.000882,0.999639,-0.004729,0.002074,0.012332,0.240707,0.023908,0.970303
25.459031,-0.005608,-0.001932,0.007899,0.026722,0.003201,0.000131,0.999638,-0.004785,0.002118,0.012147,0.239023,0.032052,0.970485
25.492500,-0.005674,-0.001555,0.007837,0.026194,0.004299,0.001426,0.999647,-0.004737,0.002148,0.012047,0.241923,0.021964,0.970047
25.525923,-0.005945,-0.001578,0.007821,0.025484,0.003362,0.002570,0.999666,-0.004649,0.002236,0.011863,0.238763,0.025158,0.970752
25.542662,-0.005972,-0.001582,0.007889,0.025236,0.002399,0.002558,0.999675,-0.004683,0.002309,0.011809,0.237263,0.024738,0.971131
25.559432,-0.006059,-0.001525,0.007921,0.025138,0.001254,0.002159,0.999681,-0.004687,0.002406,0.011804,0.236821,0.023350,0.971273
25.592598,-0.006188,-0.001391,0.007911,0.025059,-0.001430,0.001576,0.999684,-0.004811,0.002451,0.011773,0.236517,0.024439,0.971320
25.609337,-0.006219,-0.001486,0.007825,0.024976,-0.002068,0.000830,0.999686,-0.004929,0.002515,0.011758,0.237264,0.026403,0.971086
25.642747,-0.006135,-0.001715,0.007714,0.024804,-0.001300,0.000274,0.999692,-0.005161,0.002549,0.011713,0.233656,0.025198,0.971993
25.659489,-0.006092,-0.001826,0.007710,0.024970,-0.000339,0.000605,0.999688,-0.005233,0.002497,0.011721,0.234259,0.026675,0.971808
25.692776,-0.006229,-0.001553,0.007712,0.025093,0.001460,0.001880,0.999682,-0.005343,0.002491,0.011672,0.235818,0.025183,0.971471
25.709745,-0.006267,-0.001505,0.007785,0.025018,0.002104,0.002506,0.999682,-0.005347,0.002449,0.011651,0.236499,0.028069,0.971226
25.742556,-0.006402,-0.001605,0.007806,0.024753,0.002126,0.003338,0.999686,-0.005334,0.002438,0.011635,0.232806,0.024835,0.972206
25.759571,-0.006436,-0.001631,0.007873,0.024761,0.001516,0.003328,0.999687,-0.005329,0.002481,0.011638,0.234117,0.027773,0.971812
25.776293,-0.006507,-0.001671,0.007840,0.024946,0.000878,0.002734,0.999685,-0.005358,0.002525,0.011651,0.233964,0.024471,0.971937
25.793061,-0.006551,-0.001517,0.007876,0.025257,0.000248,0.002058,0.999679,-0.005380,0.002455,0.011677,0.234657,0.025637,0.971740
25.809891,-0.006511,-0.001620,0.007888,0.025523,-0.000295,0.001430,0.999673,-0.005435,0.002481,0.011678,0.233193,0.025003,0.972109
25.843018,-0.006415,-0.001733,0.007836,0.026004,-0.000087,0.000667,0.999662,-0.005565,0.002487,0.011754,0.236416,0.025503,0.971317
25.860290,-0.006375,-0.001815,0.007787,0.026149,0.000499,0.000696,0.999658,-0.005581,0.002477,0.011757,0.233122,0.025304,0.972118
25.893188,-0.006321,-0.001803,0.007716,0.026484,0.001961,0.001411,0.999646,-0.005586,0.002409,0.011753,0.245821,0.036012,0.968646
25.909977,-0.006356,-0.001594,0.007743,0.026444,0.002598,0.001702,0.999646,-0.005534,0.002318,0.011759,0.240927,0.038233,0.969790
25.926702,-0.006414,-0.001557,0.007782,0.026169,0.002805,0.002118,0.999651,-0.005478,0.002267,0.011746,0.242229,0.035612,0.969565
25.959918,-0.006567,-0.001685,0.007705,0.025756,0.001491,0.003030,0.999663,-0.005324,0.002299,0.011779,0.240513,0.033462,0.970069
25.995017,-0.006468,-0.001631,0.007805,0.026010,-0.000486,0.001902,0.999660,-0.005306,0.002359,0.011789,0.241627,0.033842,0.969779
26.026376,-0.006351,-0.001592,0.007788,0.026156,-0.001260,0.000551,0.999657,-0.005387,0.002344,0.011842,0.241298,0.034155,0.969850
26.043442,-0.006271,-0.001696,0.007700,0.026187,-0.000925,0.000121,0.999657,-0.005443,0.002354,0.011816,0.241480,0.032330,0.969867
26.076670,-0.006176,-0.001969,0.007528,0.026389,0.000498,0.000345,0.999652,-0.005520,0.002409,0.011702,0.237279,0.036715,0.970748
26.093593,-0.006127,-0.002004,0.007496,0.026733,0.001281,0.000799,0.999642,-0.005472,0.002352,0.011765,0.237283,0.029427,0.970995
26.126951,-0.006111,-0.001601,0.007435,0.026461,0.002326,0.001967,0.999645,-0.005351,0.002247,0.011717,0.235940,0.029992,0.971305
26.143849,-0.006239,-0.001629,0.007397,0.025943,0.002308,0.002483,0.999658,-0.005322,0.002196,0.011635,0.237605,0.032479,0.970819
26.160667,-0.006218,-0.001482,0.007425,0.025464,0.001821,0.002912,0.999670,-0.005206,0.002163,0.011601,0.236593,0.033525,0.971030
26.194044,-0.006359,-0.001600,0.007333,0.024817,0.000329,0.002851,0.999688,-0.005158,0.002249,0.011498,0.236399,0.032289,0.971120
26.227392,-0.006354,-0.001430,0.007327,0.025180,-0.000950,0.001566,0.999681,-0.005244,0.002377,0.011416,0.236910,0.033841,0.970942
26.260882,-0.006131,-0.001416,0.007474,0.025584,-0.000955,0.000590,0.999672,-0.005375,0.002531,0.011375,0.238481,0.030784,0.970659
26.294363,-0.005999,-0.001702,0.007563,0.025780,0.000453,0.000831,0.999667,-0.005353,0.002597,0.011436,0.237758,0.030075,0.970859
26.327760,-0.006030,-0.001571,0.007508,0.026046,0.001883,0.001619,0.999658,-0.005276,0.002561,0.011523,0.236480,0.031955,0.971111
26.360624,-0.006152,-0.001465,0.007561,0.025933,0.002260,0.002665,0.999658,-0.005191,0.002497,0.011504,0.238621,0.031779,0.970593
26.377552,-0.006275,-0.001412,0.007586,0.025819,0.001752,0.003127,0.999660,-0.005179,0.002503,0.011479,0.238983,0.031858,0.970501
26.394326,-0.006347,-0.001562,0.007514,0.025616,0.000887,0.003207,0.999666,-0.005136,0.002485,0.011480,0.236743,0.032531,0.971028
26.427293,-0.006467,-0.001430,0.007596,0.025896,-0.000556,0.002427,0.999662,-0.005209,0.002518,0.011449,0.238322,0.033887,0.970595
26.444060,-0.006488,-0.001367,0.007591,0.026250,-0.001067,0.001750,0.999653,-0.005279,0.002538,0.011448,0.238636,0.032449,0.970567
26.460877,-0.006375,-0.001331,0.007662,0.026462,-0.001281,0.001287,0.999648,-0.005358,0.002566,0.011549,0.239539,0.032058,0.970357
26.477566,-0.006410,-0.001338,0.007570,0.026418,-0.001167,0.001151,0.999650,-0.005412,0.002567,0.011564,0.237946,0.030718,0.970793
26.510409,-0.006338,-0.001453,0.007444,0.026360,-0.000265,0.001568,0.999651,-0.005454,0.002603,0.011578,0.236710,0.033118,0.971016
26.527953,-0.006189,-0.001325,0.007381,0.026344,0.000202,0.002227,0.999651,-0.005393,0.002646,0.011542,0.236370,0.032481,0.971120
26.561209,-0.006250,-0.001042,0.007351,0.025922,0.000538,0.003569,0.999658,-0.005300,0.002716,0.011442,0.236491,0.032054,0.971105
26.594320,-0.006383,-0.000913,0.007359,0.024838,-0.000674,0.004336,0.999682,-0.005235,0.002806,0.011405,0.238367,0.027695,0.970780
26.611052,-0.006410,-0.000934,0.007292,0.024376,-0.001463,0.004363,0.999692,-0.005260,0.002840,0.011381,0.238392,0.030185,0.970700
26.627741,-0.006273,-0.000268,0.007349,0.026275,-0.002390,0.000629,0.999652,-0.005272,0.002893,0.011393,0.238862,0.027832,0.970655
26.660796,-0.006217,-0.000174,0.007214,0.026373,-0.003135,-0.000944,0.999647,-0.005234,0.003555,0.011429,0.236286,0.026230,0.971329
26.677892,-0.006118,-0.000215,0.007168,0.026498,-0.002988,-0.001438,0.999643,-0.005289,0.003616,0.011373,0.235273,0.029931,0.971468
26.695280,-0.005964,-0.000314,0.007002,0.026428,-0.002541,-0.001793,0.999646,-0.005323,0.003612,0.011349,0.234577,0.028231,0.971687
26.728078,-0.005845,-0.000552,0.006841,0.026315,-0.001023,-0.001613,0.999652,-0.005262,0.003654,0.011141,0.235005,0.028081,0.971588
26.744915,-0.005834,-0.000504,0.006767,0.026413,-0.000112,-0.001249,0.999650,-0.005213,0.003668,0.011074,0.234661,0.030177,0.971609
26.777987,-0.006000,-0.000351,0.006672,0.026336,0.000529,-0.000195,0.999653,-0.005087,0.003622,0.010938,0.234076,0.027331,0.971834
26.794943,-0.006112,-0.000498,0.006684,0.026144,0.000204,0.000315,0.999658,-0.005077,0.003618,0.010907,0.237654,0.023982,0.971054
26.828075,-0.006371,-0.000618,0.006499,0.025987,-0.001489,0.000757,0.999661,-0.005013,0.003541,0.010840,0.237564,0.023286,0.971093
26.861534,-0.006502,-0.000309,0.006405,0.025999,-0.003507,0.000027,0.999656,-0.005125,0.003531,0.010717,0.237074,0.022114,0.971240
26.894945,-0.006471,-0.000245,0.006105,0.025676,-0.004086,-0.001012,0.999661,-0.005314,0.003516,0.010600,0.234880,0.029573,0.971574
26.927991,-0.006284,-0.000392,0.005868,0.025142,-0.003004,-0.001076,0.999679,-0.005498,0.003493,0.010318,0.232382,0.030678,0.972141
26.945022,-0.006267,-0.000496,0.005762,0.025030,-0.002161,-0.000696,0.999684,-0.005545,0.003549,0.010234,0.234287,0.032206,0.971634
26.962401,-0.006299,-0.000422,0.005627,0.025009,-0.001320,-0.000135,0.999686,-0.005523,0.003580,0.010077,0.234644,0.031704,0.971564
26.995133,-0.006338,-0.000413,0.005621,0.024625,-0.000526,0.000738,0.999696,-0.005456,0.003561,0.009881,0.231611,0.032786,0.972256
27.028540,-0.006499,-0.000351,0.005511,0.024060,-0.001261,0.001108,0.999709,-0.005408,0.003578,0.009707,0.236493,0.029633,0.971181
27.045239,-0.006541,-0.000494,0.005488,0.024051,-0.001904,0.000761,0.999709,-0.005412,0.003620,0.009632,0.235627,0.027605,0.971452
27.062066,-0.006552,-0.000383,0.005463,0.024232,-0.002445,0.000199,0.999703,-0.005471,0.003644,0.009566,0.235421,0.026826,0.971523
27.078748,-0.006584,-0.000322,0.005433,0.024451,-0.003012,-0.000548,0.999696,-0.005507,0.003652,0.009512,0.237221,0.030180,0.970987
27.095487,-0.006602,-0.000327,0.005545,0.024740,-0.003239,-0.001207,0.999688,-0.005552,0.003675,0.009475,0.236795,0.029788,0.971103
27.129034,-0.006614,-0.000433,0.005659,0.025029,-0.002768,-0.001510,0.999682,-0.005673,0.003681,0.009480,0.234344,0.029665,0.971701
27.162128,-0.006536,-0.000604,0.005636,0.025272,-0.001370,-0.000782,0.999679,-0.005750,0.003645,0.009568,0.234808,0.031036,0.971546
27.179109,-0.006529,-0.000504,0.005627,0.025373,-0.000617,-0.000267,0.999678,-0.005750,0.003651,0.009562,0.235157,0.030285,0.971485
27.195849,-0.006622,-0.000470,0.005728,0.025324,-0.000126,0.000290,0.999679,-0.005735,0.003631,0.009568,0.235636,0.031445,0.971333
27.229010,-0.006785,-0.000416,0.005954,0.024873,-0.000659,0.001433,0.999689,-0.005734,0.003554,0.009627,0.240434,0.031722,0.970147
27.262190,-0.006979,-0.000643,0.006007,0.024745,-0.002438,0.001474,0.999690,-0.005737,0.003515,0.009718,0.232676,0.039846,0.971738
27.296093,-0.007128,-0.000468,0.006243,0.025044,-0.004070,0.000046,0.999678,-0.005902,0.003496,0.009856,0.231714,0.036727,0.972090
27.329671,-0.007018,-0.000230,0.006673,0.025182,-0.004448,-0.000979,0.999673,-0.006172,0.003538,0.010095,0.190695,0.076362,0.978675
27.362639,-0.006893,-0.000468,0.006836,0.024896,-0.003290,-0.001151,0.999684,-0.006251,0.003595,0.010399,0.187131,0.080894,0.978999
27.395972,-0.006784,-0.000427,0.006916,0.025004,-0.002005,-0.000232,0.999685,-0.006264,0.003567,0.010635,0.174583,0.090818,0.980445
27.412639,-0.006813,-0.000436,0.006965,0.024829,-0.001603,0.000160,0.999690,-0.006233,0.003564,0.010651,0.167830,0.101107,0.980617
27.596507,-0.006916,0.000260,0.006929,0.021480,-0.003821,-0.001970,0.999760,-0.005454,0.002906,0.011434,0.057420,0.174546,0.982973
27.629966,-0.006991,0.000399,0.006919,0.019875,-0.003380,-0.001224,0.999796,-0.005416,0.002910,0.011452,0.043850,0.192930,0.980232
27.663195,-0.007155,0.000643,0.006763,0.018136,-0.004112,-0.000363,0.999827,-0.005261,0.002906,0.011481,0.027306,0.209725,0.977379
27.696724,-0.007278,0.000937,0.006905,0.017128,-0.005535,-0.000596,0.999838,-0.005157,0.003003,0.011655,0.008457,0.231460,0.972808
30.568613,-0.006362,0.001997,0.006188,0.014162,-0.002247,-0.003192,0.999892,-0.005531,0.005716,0.010105,0.018239,0.160552,0.986859
30.585366,-0.006384,0.001825,0.006235,0.014174,-0.002015,-0.002858,0.999893,-0.005698,0.006030,0.010008,0.026333,0.102406,0.994394
30.602128,-0.006408,0.001498,0.006327,0.014290,-0.002101,-0.002462,0.999893,-0.005993,0.006030,0.009938,0.022092,0.054863,0.998250
30.635439,-0.006621,0.001170,0.006510,0.015177,-0.002803,-0.002002,0.999879,-0.005318,0.005965,0.010091,-0.001206,0.001814,0.999998
30.652225,-0.006597,0.001183,0.006597,0.015961,-0.003331,-0.002050,0.999865,-0.005561,0.006426,0.009763,-0.022474,-0.018199,0.999582
30.685453,-0.006593,0.000860,0.006624,0.017649,-0.004015,-0.002593,0.999833,-0.005932,0.006186,0.009855,0.056592,-0.024513,0.998097
30.718542,-0.006551,0.000803,0.006674,0.019457,-0.004336,-0.003059,0.999797,-0.005798,0.005987,0.009951,0.018642,-0.056376,0.998236
30.735756,-0.006592,0.000750,0.006858,0.020421,-0.004336,-0.003299,0.999777,-0.005709,0.005845,0.010004,0.009331,-0.071736,0.997380
30.902348,-0.005831,-0.000722,0.007966,0.026095,-0.003653,-0.004414,0.999643,-0.005490,0.004709,0.011701,-0.002370,-0.211795,0.977311
30.919687,-0.005747,-0.000776,0.007972,0.026980,-0.003522,-0.004959,0.999618,-0.005187,0.004823,0.011519,0.021627,-0.197856,0.979993
30.952907,-0.005643,-0.000724,0.008041,0.028325,-0.003155,-0.005714,0.999578,-0.004971,0.004351,0.011616,0.013212,-0.188348,0.982014
30.986276,-0.005619,-0.000773,0.008087,0.028765,-0.002713,-0.005874,0.999565,-0.005024,0.004296,0.011786,0.026904,-0.228276,0.973225
31.019619,-0.005641,-0.001034,0.008268,0.028442,-0.002365,-0.005414,0.999578,-0.004938,0.004139,0.011907,0.024155,-0.218935,0.975440
31.053062,-0.005687,-0.001285,0.008420,0.028603,-0.002601,-0.004622,0.999577,-0.004834,0.003982,0.012089,0.016712,-0.207898,0.978008
31.085977,-0.005569,-0.001317,0.008664,0.029801,-0.002550,-0.004687,0.999542,-0.004840,0.003860,0.012285,0.018133,-0.210259,0.977478
31.103165,-0.005590,-0.001514,0.008689,0.030395,-0.002377,-0.004907,0.999523,-0.004870,0.003812,0.012348,0.023593,-0.221304,0.974920
31.136158,-0.005535,-0.001552,0.008638,0.031296,-0.002200,-0.005549,0.999492,-0.004879,0.003662,0.012046,0.003989,-0.197524,0.980290
31.169862,-0.005617,-0.001393,0.008503,0.031930,-0.001671,-0.006003,0.999471,-0.004877,0.003454,0.012013,0.008528,-0.198587,0.980046
31.203271,-0.005625,-0.001449,0.008610,0.031880,-0.000969,-0.006252,0.999472,-0.004931,0.003373,0.011889,0.010174,-0.199615,0.979822
31.219972,-0.005654,-0.001487,0.008683,0.031530,-0.000745,-0.006008,0.999485,-0.004974,0.003355,0.011893,0.011713,-0.201874,0.979342
31.236736,-0.005708,-0.001780,0.008676,0.031295,-0.000638,-0.005771,0.999493,-0.004935,0.003373,0.011912,0.011142,-0.200668,0.979596
31.270003,-0.005863,-0.002147,0.008804,0.031736,-0.000719,-0.005373,0.999482,-0.004913,0.003336,0.011966,0.008707,-0.204755,0.978775
31.286670,-0.005868,-0.002221,0.008841,0.032353,-0.000877,-0.005489,0.999461,-0.004839,0.003286,0.012019,-0.003265,-0.205036,0.978749
31.319773,-0.005975,-0.002355,0.008872,0.033829,-0.001368,-0.005700,0.999411,-0.004993,0.003081,0.012098,0.004192,-0.209597,0.977779
31.336770,-0.005973,-0.002395,0.008860,0.034361,-0.001415,-0.005966,0.999391,-0.005035,0.003002,0.012144,0.005513,-0.216035,0.976370
31.369852,-0.005996,-0.002309,0.008814,0.035030,-0.001073,-0.006369,0.999365,-0.005155,0.002640,0.012282,0.009927,-0.211658,0.977293
31.386910,-0.005983,-0.002135,0.008851,0.035045,-0.000698,-0.006324,0.999366,-0.005070,0.002636,0.012218,-0.002643,-0.218724,0.975783
31.419918,-0.005904,-0.002007,0.009028,0.034296,-0.000227,-0.005733,0.999395,-0.005050,0.002531,0.012354,0.000357,-0.215912,0.976413
31.453428,-0.005996,-0.002311,0.008991,0.033198,-0.000291,-0.005023,0.999436,-0.005087,0.002658,0.012318,0.000889,-0.214900,0.976636
31.470365,-0.006048,-0.002403,0.008971,0.032922,-0.000537,-0.004779,0.999446,-0.005122,0.002727,0.012386,0.006549,-0.218352,0.975848
31.487117,-0.006019,-0.002382,0.008999,0.032940,-0.000839,-0.004728,0.999446,-0.005197,0.002783,0.012369,0.013118,-0.217963,0.975869
31.520259,-0.005920,-0.002203,0.009051,0.033370,-0.001199,-0.005387,0.999428,-0.005160,0.002811,0.012445,0.003766,-0.219873,0.975521
31.536935,-0.005895,-0.002308,0.008935,0.033725,-0.001198,-0.005805,0.999414,-0.005142,0.002757,0.012486,0.001403,-0.218935,0.975739
31.570121,-0.005752,-0.002122,0.008866,0.034084,-0.001188,-0.006185,0.999399,-0.005136,0.002658,0.012439,0.001664,-0.213342,0.976976
31.587074,-0.005678,-0.001900,0.008872,0.034131,-0.000909,-0.006442,0.999396,-0.005112,0.002707,0.012470,0.006782,-0.217945,0.975938
31.604000,-0.005515,-0.001777,0.008838,0.033819,-0.000487,-0.006686,0.999406,-0.005061,0.002737,0.012448,0.003659,-0.220180,0.975452
31.637258,-0.005518,-0.001689,0.008824,0.032759,0.000083,-0.006408,0.999443,-0.004890,0.002877,0.012359,0.003996,-0.223130,0.974781
31.670764,-0.005443,-0.002004,0.008820,0.031574,-0.000040,-0.005525,0.999486,-0.004770,0.003031,0.012354,0.003333,-0.219893,0.975518
31.687928,-0.005465,-0.002102,0.008803,0.031518,-0.000302,-0.005256,0.999489,-0.004642,0.003128,0.012423,0.001729,-0.221056,0.975260
31.720894,-0.005457,-0.002062,0.008679,0.032122,-0.000989,-0.005264,0.999470,-0.004590,0.003143,0.012427,0.001442,-0.216507,0.976280
31.754609,-0.005444,-0.002055,0.008579,0.032670,-0.001503,-0.005845,0.999448,-0.004717,0.003061,0.012302,0.006166,-0.219819,0.975521
31.787291,-0.005418,-0.001886,0.008403,0.032480,-0.001365,-0.006115,0.999453,-0.004670,0.002862,0.012188,-0.000353,-0.214117,0.976808
31.804335,-0.005434,-0.001561,0.008425,0.032307,-0.001138,-0.006112,0.999459,-0.004733,0.002875,0.012120,0.008242,-0.217985,0.975917
31.837901,-0.005317,-0.001235,0.008391,0.031233,-0.000428,-0.005874,0.999495,-0.004677,0.003040,0.011999,-0.000490,-0.214187,0.976793
31.870946,-0.005396,-0.001439,0.008354,0.029813,-0.000019,-0.005344,0.999541,-0.004548,0.003319,0.011918,-0.006424,-0.220278,0.975416
31.887667,-0.005407,-0.001574,0.008288,0.029537,-0.000151,-0.005056,0.999551,-0.004622,0.003434,0.011873,0.003445,-0.219033,0.975711
31.904559,-0.005430,-0.001717,0.008325,0.029552,-0.000388,-0.005061,0.999550,-0.004606,0.003494,0.011819,0.004281,-0.214467,0.976722
31.938187,-0.005468,-0.001819,0.008242,0.030320,-0.000890,-0.005520,0.999525,-0.004623,0.003557,0.011839,0.004710,-0.218828,0.975752
31.971213,-0.005415,-0.001769,0.008246,0.031401,-0.001183,-0.005995,0.999488,-0.004630,0.003466,0.011737,-0.001257,-0.217038,0.976162
31.987919,-0.005394,-0.001719,0.008180,0.031772,-0.001082,-0.006187,0.999475,-0.004645,0.003360,0.011754,0.003310,-0.217454,0.976065
32.021181,-0.005425,-0.001485,0.008099,0.032145,-0.000529,-0.006246,0.999464,-0.004681,0.003234,0.011694,0.013193,-0.211142,0.977366
32.037995,-0.005400,-0.001393,0.008142,0.031894,-0.000231,-0.006023,0.999473,-0.004655,0.003200,0.011681,0.010396,-0.208431,0.977982
32.054790,-0.005396,-0.001312,0.008194,0.031354,-0.000057,-0.005699,0.999492,-0.004633,0.003192,0.011643,0.010976,-0.211583,0.977298
32.087982,-0.005626,-0.001540,0.008270,0.029911,-0.000327,-0.004785,0.999541,-0.004586,0.003307,0.011701,0.005345,-0.210437,0.977593
32.104861,-0.005692,-0.001602,0.008314,0.029555,-0.000712,-0.004418,0.999553,-0.004706,0.003392,0.011645,0.016809,-0.207587,0.978072
32.121743,-0.005747,-0.001681,0.008297,0.029551,-0.001184,-0.004339,0.999553,-0.004724,0.003518,0.011674,0.011671,-0.208875,0.977873
32.154864,-0.005750,-0.001768,0.008327,0.030333,-0.002021,-0.004788,0.999526,-0.004654,0.003262,0.012158,0.024118,-0.225549,0.973933
32.187993,-0.005666,-0.001649,0.008507,0.030712,-0.002315,-0.005273,0.999512,-0.004992,0.003352,0.011704,0.018349,-0.213519,0.976767
32.205148,-0.005762,-0.001566,0.008437,0.030710,-0.001890,-0.005611,0.999511,-0.005013,0.003292,0.011741,0.017226,-0.211742,0.977174
32.238338,-0.005792,-0.001366,0.008372,0.030607,-0.001026,-0.005578,0.999515,-0.005073,0.003277,0.011783,0.014588,-0.211133,0.977348
32.255018,-0.005804,-0.001249,0.008412,0.030430,-0.000609,-0.005413,0.999522,-0.004850,0.003007,0.012165,0.015106,-0.218393,0.975744
32.271903,-0.005841,-0.001351,0.008453,0.029951,-0.000288,-0.005208,0.999538,-0.005088,0.003371,0.011716,0.011305,-0.210052,0.977625
32.305175,-0.005989,-0.001642,0.008467,0.029160,-0.000375,-0.004442,0.999565,-0.004839,0.003166,0.012190,0.016152,-0.217207,0.975992
32.321905,-0.006111,-0.001863,0.008437,0.029127,-0.000692,-0.004225,0.999567,-0.005114,0.003531,0.011731,0.017968,-0.210081,0.977519
32.338828,-0.006135,-0.001862,0.008404,0.029374,-0.001034,-0.004213,0.999559,-0.005094,0.003512,0.011785,0.014404,-0.209311,0.977743
32.371923,-0.006214,-0.002071,0.008348,0.030585,-0.001675,-0.004542,0.999520,-0.005174,0.003393,0.011769,0.013879,-0.209415,0.977728
32.405305,-0.006311,-0.001994,0.008290,0.031301,-0.001987,-0.004628,0.999497,-0.005256,0.003165,0.011783,0.010086,-0.211565,0.977312
32.422209,-0.006333,-0.001873,0.008348,0.031197,-0.001956,-0.004623,0.999501,-0.005124,0.002753,0.012202,0.020560,-0.225196,0.974097
32.455163,-0.006394,-0.001426,0.008289,0.030341,-0.001493,-0.004374,0.999529,-0.005160,0.002636,0.012158,0.014504,-0.220213,0.975344
32.472413,-0.006373,-0.001365,0.008363,0.029700,-0.001304,-0.004140,0.999549,-0.005220,0.002691,0.012144,0.015090,-0.221477,0.975049
32.489193,-0.006407,-0.001449,0.008425,0.028858,-0.001162,-0.003897,0.999575,-0.005298,0.002756,0.012139,0.025640,-0.225938,0.973804
32.522507,-0.006480,-0.001809,0.008463,0.028041,-0.001232,-0.003329,0.999601,-0.005459,0.003197,0.011711,0.009420,-0.206816,0.978335
32.555662,-0.006470,-0.001983,0.008504,0.028564,-0.001560,-0.003419,0.999585,-0.005493,0.003318,0.011762,0.008170,-0.210287,0.977606
32.572519,-0.006390,-0.002196,0.008723,0.029141,-0.001702,-0.003667,0.999567,-0.005600,0.003324,0.011751,0.013183,-0.210605,0.977482
32.589197,-0.006404,-0.002163,0.008717,0.029826,-0.001802,-0.003919,0.999546,-0.005558,0.003211,0.011949,0.009878,-0.211077,0.977420
32.622437,-0.006385,-0.002182,0.008779,0.030772,-0.001656,-0.004485,0.999515,-0.005639,0.002999,0.012021,0.013787,-0.212782,0.977002
32.639268,-0.006384,-0.002313,0.008820,0.031060,-0.001442,-0.004663,0.999506,-0.005624,0.002915,0.012084,0.011707,-0.213526,0.976867
32.655988,-0.006398,-0.002171,0.008831,0.031336,-0.001251,-0.004607,0.999498,-0.005494,0.002631,0.012526,0.024186,-0.232663,0.972257
32.672679,-0.006448,-0.002088,0.008935,0.031299,-0.001070,-0.004446,0.999500,-0.005696,0.002803,0.012066,0.016011,-0.212689,0.976989
32.706096,-0.006570,-0.002179,0.009061,0.030451,-0.001135,-0.003762,0.999529,-0.005671,0.002723,0.012189,0.012529,-0.212687,0.977040
32.722812,-0.006654,-0.002374,0.009030,0.030083,-0.001321,-0.003359,0.999541,-0.005648,0.002730,0.012313,0.010846,-0.215217,0.976506
32.739527,-0.006785,-0.002673,0.009017,0.030142,-0.001450,-0.003139,0.999540,-0.005685,0.002744,0.012301,0.011248,-0.208518,0.977954
32.772905,-0.006760,-0.002766,0.009092,0.031041,-0.001770,-0.003012,0.999512,-0.005631,0.002503,0.012855,0.014744,-0.225379,0.974160
32.789640,-0.006721,-0.002834,0.009097,0.031586,-0.001896,-0.003161,0.999494,-0.005748,0.002492,0.012964,0.026187,-0.239093,0.970644
32.806411,-0.006662,-0.002842,0.009221,0.032072,-0.001793,-0.003512,0.999478,-0.005766,0.002367,0.012957,0.023264,-0.234993,0.971719
32.823078,-0.006648,-0.002743,0.009188,0.032231,-0.001665,-0.003785,0.999472,-0.005789,0.002168,0.013063,0.024218,-0.228938,0.973140
32.839774,-0.006549,-0.002686,0.009315,0.032176,-0.001461,-0.003941,0.999473,-0.005954,0.002307,0.012606,0.011250,-0.211286,0.977360
32.873103,-0.006541,-0.002316,0.009328,0.031732,-0.000823,-0.004301,0.999487,-0.005873,0.002244,0.012652,0.012663,-0.209777,0.977667
32.906151,-0.006551,-0.002194,0.009318,0.030867,-0.000514,-0.004299,0.999514,-0.005795,0.002353,0.012707,0.008246,-0.211518,0.977339
32.939968,-0.006624,-0.002527,0.009470,0.029914,-0.000604,-0.003754,0.999545,-0.005783,0.002591,0.012707,0.009982,-0.211647,0.977295
32.972948,-0.006581,-0.002811,0.009511,0.030234,-0.000912,-0.003786,0.999535,-0.005726,0.002669,0.012907,0.007405,-0.210077,0.977657
32.989723,-0.006585,-0.002929,0.009432,0.030607,-0.000995,-0.004008,0.999523,-0.005645,0.002605,0.013042,0.006325,-0.205414,0.978655
33.006511,-0.006483,-0.003001,0.009377,0.031224,-0.001063,-0.004247,0.999503,-0.005635,0.002534,0.012995,0.004482,-0.205170,0.978716
33.039898,-0.006403,-0.002860,0.009254,0.032096,-0.000987,-0.004533,0.999474,-0.005593,0.002345,0.012918,0.002913,-0.206362,0.978471
33.073244,-0.006339,-0.002574,0.009073,0.032190,-0.000775,-0.004523,0.999471,-0.005488,0.002171,0.012866,0.002167,-0.207198,0.978297
33.090353,-0.006356,-0.002303,0.008986,0.031709,-0.000615,-0.004420,0.999487,-0.005512,0.002177,0.012766,0.010636,-0.206491,0.978391
33.123759,-0.006338,-0.002033,0.008907,0.029974,-0.000411,-0.004126,0.999542,-0.005441,0.002391,0.012573,-0.000175,-0.209018,0.977912
33.156874,-0.006309,-0.002323,0.008793,0.028569,-0.000718,-0.003617,0.999585,-0.005255,0.002593,0.012516,-0.005463,-0.201384,0.979497
33.173721,-0.006222,-0.002514,0.008672,0.028570,-0.000884,-0.003498,0.999585,-0.005327,0.002741,0.012408,-0.002348,-0.205371,0.978681
33.193185,-0.006225,-0.002446,0.008588,0.029069,-0.001067,-0.003567,0.999571,-0.004930,0.002361,0.013002,0.006688,-0.215735,0.976429
33.223765,-0.006094,-0.002519,0.008530,0.030173,-0.001098,-0.004067,0.999536,-0.005214,0.002792,0.012192,-0.007030,-0.203996,0.978947
33.240509,-0.006067,-0.002431,0.008543,0.030520,-0.000960,-0.004240,0.999525,-0.005243,0.002703,0.012126,-0.003319,-0.201167,0.979551
33.273737,-0.006051,-0.002313,0.008577,0.030797,-0.000398,-0.004524,0.999515,-0.005177,0.002611,0.012058,-0.007955,-0.203733,0.978994
33.290484,-0.006093,-0.002199,0.008517,0.030815,-0.000055,-0.004601,0.999515,-0.005120,0.002493,0.012150,-0.014071,-0.193562,0.980987
33.307348,-0.006154,-0.002074,0.008506,0.030676,0.000217,-0.004568,0.999519,-0.005134,0.002555,0.012069,-0.012350,-0.201286,0.979455
33.340423,-0.006285,-0.002018,0.008584,0.029819,0.000133,-0.004071,0.999547,-0.005218,0.002669,0.011948,-0.002766,-0.202429,0.979293
33.357153,-0.006365,-0.002162,0.008576,0.029380,-0.000158,-0.003755,0.999561,-0.005197,0.002769,0.011986,-0.004576,-0.201906,0.979394
33.390593,-0.006577,-0.002438,0.008618,0.029601,-0.000607,-0.003474,0.999556,-0.005287,0.002887,0.012147,-0.008543,-0.194611,0.980843
33.423996,-0.006626,-0.002479,0.008741,0.030463,-0.000813,-0.003665,0.999529,-0.005417,0.002880,0.012258,-0.008575,-0.195680,0.980630
33.457416,-0.006573,-0.002307,0.008775,0.031231,-0.000738,-0.003788,0.999505,-0.005551,0.002765,0.012302,-0.000813,-0.199470,0.979904
33.490832,-0.006504,-0.002252,0.008731,0.031376,-0.000309,-0.004110,0.999499,-0.005121,0.002035,0.012956,-0.001837,-0.199401,0.979916
33.524297,-0.006420,-0.001951,0.008977,0.031060,0.000043,-0.004333,0.999508,-0.005216,0.002069,0.013133,0.011298,-0.212625,0.977069
33.557662,-0.006320,-0.002039,0.009197,0.029949,-0.000004,-0.004414,0.999542,-0.005109,0.002153,0.013191,0.009942,-0.212413,0.977130
33.590500,-0.006205,-0.002629,0.009206,0.029762,-0.000382,-0.004041,0.999549,-0.005026,0.002463,0.013281,0.008261,-0.228407,0.973531
33.607314,-0.006172,-0.002582,0.009376,0.030470,-0.000464,-0.004081,0.999527,-0.005342,0.002939,0.012557,-0.002390,-0.205959,0.978558
33.624274,-0.006145,-0.002710,0.009299,0.031032,-0.000471,-0.004317,0.999509,-0.005284,0.002960,0.012648,-0.006216,-0.204213,0.978907
33.657541,-0.006170,-0.002573,0.009282,0.032059,-0.000260,-0.004665,0.999475,-0.004968,0.002253,0.013441,0.017431,-0.203346,0.978952
33.674714,-0.006175,-0.002508,0.009297,0.032263,-0.000018,-0.004694,0.999468,-0.004958,0.002173,0.013458,0.020016,-0.214009,0.976627
33.707750,-0.006237,-0.002309,0.009210,0.032271,0.000231,-0.004385,0.999470,-0.005049,0.002106,0.013429,0.026241,-0.220149,0.975113
33.741215,-0.006206,-0.001824,0.009172,0.031482,0.000063,-0.004060,0.999496,-0.004896,0.001975,0.013537,0.017179,-0.217647,0.975876
33.774678,-0.006277,-0.001780,0.009332,0.029607,-0.000568,-0.003644,0.999555,-0.004916,0.002211,0.013456,0.027195,-0.225868,0.973778
33.808225,-0.006352,-0.002160,0.009351,0.028845,-0.001160,-0.003396,0.999578,-0.005022,0.002523,0.013410,0.025108,-0.218965,0.975410
33.825083,-0.006337,-0.002020,0.009245,0.029086,-0.001325,-0.003478,0.999570,-0.005011,0.002554,0.013459,0.017808,-0.206056,0.978378
33.858248,-0.006276,-0.002096,0.009187,0.030199,-0.001344,-0.003870,0.999536,-0.005030,0.002712,0.013404,0.012848,-0.219616,0.975502
33.891441,-0.006256,-0.001972,0.009167,0.030841,-0.000759,-0.003994,0.999516,-0.005116,0.002622,0.013324,0.019038,-0.219820,0.975355
33.925173,-0.006169,-0.001820,0.009180,0.030984,-0.000214,-0.004048,0.999512,-0.005013,0.002542,0.013352,0.015055,-0.229908,0.973096
33.958314,-0.006262,-0.001570,0.009259,0.030352,-0.000115,-0.004064,0.999531,-0.004938,0.002566,0.013246,0.000110,-0.216308,0.976325
33.974981,-0.006288,-0.001643,0.009349,0.029712,-0.000350,-0.004004,0.999551,-0.005011,0.002638,0.013257,0.013254,-0.220262,0.975351
33.991719,-0.006312,-0.001688,0.009390,0.029203,-0.000737,-0.003813,0.999566,-0.004935,0.002697,0.013294,0.009398,-0.214431,0.976694
34.024990,-0.006424,-0.002193,0.009271,0.029413,-0.001477,-0.003551,0.999560,-0.004932,0.002786,0.013294,0.001689,-0.210498,0.977593
34.041719,-0.006421,-0.002146,0.009418,0.029898,-0.001451,-0.003730,0.999545,-0.004967,0.002794,0.013286,0.002676,-0.209699,0.977762
34.074633,-0.006442,-0.002183,0.009377,0.030899,-0.001276,-0.003936,0.999514,-0.005099,0.002694,0.013372,0.001656,-0.208185,0.978088
34.091538,-0.006438,-0.002027,0.009354,0.031056,-0.000959,-0.003969,0.999509,-0.005207,0.002649,0.013414,0.010601,-0.217195,0.976071
34.108263,-0.006412,-0.002023,0.009369,0.031119,-0.000599,-0.003832,0.999508,-0.005073,0.002494,0.013502,-0.001246,-0.220271,0.975438
34.125696,-0.006409,-0.001868,0.009426,0.031114,-0.000404,-0.003499,0.999510,-0.005192,0.002429,0.013441,0.012745,-0.212539,0.977070
34.158683,-0.006520,-0.001403,0.009442,0.030502,-0.000485,-0.003408,0.999529,-0.005132,0.002544,0.013336,0.020469,-0.146341,0.989022
34.192118,-0.006575,-0.001400,0.009583,0.028842,-0.001224,-0.003244,0.999578,-0.005606,0.002921,0.013017,0.050773,-0.100901,0.993600
34.208849,-0.006569,-0.001309,0.009620,0.027830,-0.001706,-0.003105,0.999606,-0.005513,0.002680,0.013435,0.076320,-0.097677,0.992288
34.241702,-0.006641,-0.001063,0.009915,0.026252,-0.002325,-0.003067,0.999648,-0.005499,0.003105,0.013144,0.032279,-0.080528,0.996230
34.258519,-0.006634,-0.000977,0.009799,0.025061,-0.002484,-0.002978,0.999678,-0.005416,0.003223,0.013295,0.017590,-0.043145,0.998914
34.275570,-0.006605,-0.000889,0.009612,0.024438,-0.002253,-0.003297,0.999693,-0.005649,0.003324,0.013328,-0.034231,-0.029430,0.998981
34.292360,-0.006553,-0.000624,0.009403,0.024028,-0.002009,-0.003538,0.999703,-0.005656,0.003416,0.013322,-0.028429,-0.014658,0.999488
34.325577,-0.006667,-0.000249,0.009090,0.023146,-0.001984,-0.003980,0.999722,-0.005755,0.003501,0.013265,-0.024816,-0.009326,0.999649
34.358961,-0.006810,0.000125,0.008870,0.022189,-0.002392,-0.003841,0.999744,-0.005801,0.003706,0.013161,-0.020956,-0.010578,0.999724
34.391988,-0.006730,0.000398,0.008736,0.021036,-0.002714,-0.003734,0.999768,-0.005872,0.004031,0.012904,-0.014795,-0.004666,0.999880
34.409043,-0.006770,0.000376,0.008682,0.020453,-0.002765,-0.003609,0.999781,-0.005861,0.004242,0.012755,-0.019522,-0.004432,0.999800
34.459006,-0.006609,0.000069,0.008396,0.020572,-0.002752,-0.003547,0.999778,-0.005885,0.004729,0.012438,-0.018349,-0.010024,0.999781
34.492917,-0.006560,-0.000089,0.008159,0.022240,-0.002231,-0.004130,0.999742,-0.005599,0.004142,0.012785,0.012925,-0.010551,0.999861
34.525717,-0.006382,-0.000080,0.007989,0.023444,-0.001276,-0.004414,0.999715,-0.005565,0.003924,0.012580,0.017300,0.003950,0.999843
34.542754,-0.006238,-0.000022,0.007967,0.023711,-0.000647,-0.004457,0.999709,-0.005521,0.003845,0.012484,0.013942,-0.011415,0.999838
34.559559,-0.006065,0.000210,0.007977,0.023793,-0.000002,-0.004569,0.999707,-0.005476,0.003815,0.012401,0.024841,0.002500,0.999688
34.592829,-0.005779,0.000456,0.007951,0.023381,0.001512,-0.005031,0.999713,-0.005357,0.003758,0.012279,0.032816,0.003848,0.999454
34.626442,-0.005336,0.000558,0.007923,0.022098,0.003746,-0.005991,0.999731,-0.005257,0.003941,0.012183,0.052152,0.007683,0.998610
34.659620,-0.004972,0.000189,0.007777,0.021486,0.005255,-0.006897,0.999732,-0.004960,0.004182,0.012146,0.073406,0.001086,0.997302
34.693028,-0.004464,-0.000013,0.007620,0.021922,0.006886,-0.008451,0.999700,-0.004547,0.004239,0.012084,0.078316,0.000539,0.996929
34.710246,-0.004335,0.000140,0.007514,0.022194,0.007458,-0.008824,0.999687,-0.004370,0.004254,0.012018,0.081287,-0.001900,0.996689
34.743201,-0.004221,0.000288,0.007459,0.022397,0.008277,-0.009373,0.999671,-0.003925,0.004097,0.011857,0.085183,-0.003667,0.996359
34.776205,-0.004212,0.000616,0.007398,0.021837,0.008688,-0.009246,0.999681,-0.003618,0.004077,0.011741,0.089149,-0.000498,0.996018
34.793094,-0.004156,0.000706,0.007449,0.021379,0.008506,-0.009033,0.999695,-0.003489,0.004045,0.011740,0.096322,-0.005061,0.995337
34.809806,-0.004183,0.000704,0.007516,0.020740,0.008200,-0.008792,0.999713,-0.003388,0.004122,0.011669,0.098114,-0.006979,0.995151
34.842924,-0.004176,0.000660,0.007663,0.019602,0.007320,-0.008320,0.999747,-0.003252,0.004310,0.011560,0.105137,-0.003274,0.994452
34.859746,-0.004152,0.000369,0.007674,0.019562,0.006770,-0.008147,0.999753,-0.003165,0.004462,0.011602,0.109348,-0.004367,0.993994
34.876593,-0.004115,0.000388,0.007693,0.019957,0.006369,-0.008302,0.999746,-0.003212,0.004586,0.011595,0.117802,-0.005173,0.993024
34.893269,-0.004095,0.000128,0.007581,0.020550,0.006181,-0.008829,0.999731,-0.003229,0.004663,0.011612,0.119483,-0.005783,0.992819
34.909936,-0.004049,0.000108,0.007596,0.021439,0.006217,-0.009210,0.999708,-0.003242,0.004640,0.011584,0.116284,0.001545,0.993215
34.927064,-0.003906,0.000179,0.007484,0.022157,0.006442,-0.009366,0.999690,-0.003239,0.004562,0.011519,0.121937,0.004422,0.992528
34.960048,-0.003807,0.000243,0.007333,0.023015,0.007382,-0.009093,0.999667,-0.003167,0.004360,0.011456,0.128616,0.008065,0.991662
34.976816,-0.003789,0.000346,0.007310,0.023042,0.007915,-0.008909,0.999664,-0.003136,0.004251,0.011505,0.135730,0.005916,0.990728
35.010239,-0.003803,0.000876,0.007246,0.022539,0.008654,-0.008607,0.999672,-0.002992,0.004132,0.011388,0.136379,0.010340,0.990603
35.043432,-0.003869,0.000903,0.007392,0.021378,0.008440,-0.008381,0.999701,-0.002954,0.004367,0.011240,0.141016,0.007363,0.989980
35.077088,-0.003899,0.000461,0.007349,0.021391,0.008150,-0.008712,0.999700,-0.002938,0.004588,0.011214,0.141736,0.016282,0.989771
35.093892,-0.003820,0.000478,0.007314,0.021828,0.007963,-0.008822,0.999691,-0.002929,0.004704,0.011219,0.144646,0.016032,0.989354
35.127667,-0.003895,0.000415,0.007394,0.022895,0.007880,-0.009262,0.999664,-0.002925,0.004697,0.011305,0.155089,0.008292,0.987866
35.160955,-0.003917,0.000546,0.007535,0.023410,0.008653,-0.009283,0.999645,-0.002982,0.004518,0.011335,0.159378,0.008140,0.987184
35.193799,-0.003981,0.000661,0.007768,0.023299,0.009070,-0.008545,0.999651,-0.002988,0.004355,0.011486,0.167985,0.008409,0.985754
35.210565,-0.004106,0.000769,0.007833,0.023160,0.009048,-0.008231,0.999657,-0.003043,0.004385,0.011460,0.171341,0.015143,0.985095
35.227301,-0.004156,0.000865,0.008063,0.022893,0.008803,-0.008038,0.999667,-0.002998,0.004347,0.011568,0.171775,0.013958,0.985037
35.260745,-0.004300,0.000783,0.008521,0.022214,0.008006,-0.007831,0.999691,-0.003038,0.004445,0.011813,0.179409,0.008905,0.983734
35.293973,-0.004343,0.000275,0.008776,0.022878,0.007169,-0.008005,0.999681,-0.003222,0.004682,0.012034,0.179290,0.011545,0.983729
35.310927,-0.004356,0.000002,0.008780,0.023660,0.007079,-0.008324,0.999660,-0.003294,0.004700,0.012209,0.182891,0.005483,0.983118
35.344235,-0.004334,-0.000137,0.009068,0.025657,0.007615,-0.008873,0.999602,-0.003382,0.004540,0.012498,0.187441,0.009608,0.982229
35.377528,-0.004414,-0.000017,0.009048,0.026632,0.008608,-0.008442,0.999573,-0.003499,0.004271,0.012710,0.190643,0.015100,0.981543
35.394301,-0.004453,0.000091,0.009060,0.026769,0.009027,-0.007991,0.999569,-0.003522,0.004085,0.012686,0.194609,0.017735,0.980721
35.410975,-0.004532,0.000257,0.009127,0.026677,0.009206,-0.007686,0.999572,-0.003541,0.003971,0.012780,0.196719,0.018402,0.980287
35.444142,-0.004803,0.000542,0.009341,0.025647,0.008676,-0.007207,0.999607,-0.003560,0.003916,0.012914,0.202677,0.017411,0.979091
35.461105,-0.004939,0.000618,0.009355,0.024990,0.008079,-0.006990,0.999631,-0.003570,0.003947,0.013027,0.207754,0.014280,0.978077
35.477849,-0.004968,0.000350,0.009405,0.024422,0.007455,-0.006798,0.999651,-0.003648,0.004053,0.013042,0.206566,0.019475,0.978239
35.494531,-0.004978,0.000134,0.009324,0.024442,0.006903,-0.006795,0.999654,-0.003728,0.004139,0.013083,0.210801,0.014124,0.977427
35.527608,-0.004801,-0.000098,0.009452,0.025572,0.006361,-0.007422,0.999625,-0.003914,0.004329,0.013109,0.213119,0.020259,0.976816
35.544631,-0.004707,-0.000067,0.009541,0.026357,0.006594,-0.007717,0.999601,-0.003966,0.004290,0.013247,0.215983,0.013454,0.976304
35.577936,-0.004479,-0.000011,0.009605,0.027136,0.007845,-0.008052,0.999569,-0.003951,0.004177,0.013387,0.218067,0.011571,0.975865
35.611303,-0.004295,0.000067,0.009672,0.027281,0.009069,-0.007750,0.999557,-0.003817,0.003923,0.013498,0.221373,0.012231,0.975113
35.628142,-0.004264,0.000172,0.009477,0.027161,0.009380,-0.007537,0.999559,-0.003709,0.003849,0.013559,0.223023,0.012487,0.974733
35.661374,-0.004314,0.000315,0.009710,0.026360,0.009266,-0.007455,0.999582,-0.003548,0.003856,0.013442,0.224081,0.017584,0.974412
35.678236,-0.004469,0.000305,0.009746,0.025810,0.008883,-0.007396,0.999600,-0.003486,0.003907,0.013476,0.226041,0.016019,0.973986
35.694939,-0.004513,-0.000038,0.009701,0.025356,0.008430,-0.007510,0.999615,-0.003537,0.003981,0.013482,0.228246,0.015493,0.973480
35.728261,-0.004545,-0.000344,0.009578,0.025940,0.007726,-0.007998,0.999602,-0.003587,0.004108,0.013491,0.231812,0.014925,0.972646
35.761568,-0.004560,-0.000588,0.009435,0.027510,0.007918,-0.008335,0.999555,-0.003637,0.003994,0.013569,0.235232,0.009944,0.971889
35.794906,-0.004512,-0.000369,0.009257,0.027847,0.008759,-0.007779,0.999544,-0.003687,0.003681,0.013502,0.238415,0.013708,0.971067
35.811787,-0.004556,-0.000187,0.009286,0.027497,0.009154,-0.007383,0.999553,-0.003677,0.003540,0.013515,0.240486,0.014108,0.970550
35.828532,-0.004559,-0.000070,0.009192,0.026840,0.009402,-0.007092,0.999570,-0.003643,0.003414,0.013375,0.240373,0.014031,0.970579
35.845431,-0.004626,0.000154,0.009210,0.026086,0.009292,-0.006875,0.999593,-0.003636,0.003389,0.013361,0.241129,0.015268,0.970373
35.878738,-0.004846,0.000238,0.009247,0.024508,0.008377,-0.006752,0.999642,-0.003598,0.003468,0.013266,0.239773,0.012751,0.970745
35.895435,-0.004934,0.000183,0.009207,0.023818,0.007655,-0.006719,0.999664,-0.003614,0.003536,0.013190,0.240554,0.013937,0.970536
35.912155,-0.004961,-0.000118,0.009233,0.023493,0.007083,-0.006866,0.999675,-0.003660,0.003664,0.013190,0.240920,0.016483,0.970405
35.944984,-0.004841,-0.000373,0.009276,0.024136,0.006830,-0.007470,0.999658,-0.003850,0.003895,0.013147,0.239793,0.014255,0.970719
35.962340,-0.004712,-0.000646,0.009366,0.024826,0.007112,-0.007762,0.999636,-0.003896,0.003949,0.013122,0.238764,0.013935,0.970978
35.995559,-0.004607,-0.000460,0.009353,0.026038,0.008323,-0.007984,0.999594,-0.003898,0.003795,0.013194,0.239482,0.014893,0.970787
36.029274,-0.004705,-0.000338,0.009376,0.026417,0.009481,-0.007463,0.999578,-0.003805,0.003607,0.013206,0.238602,0.014785,0.971005
36.062388,-0.004859,-0.000202,0.009378,0.025931,0.009132,-0.006770,0.999599,-0.003754,0.003416,0.013234,0.238065,0.014872,0.971135
36.079065,-0.005022,-0.000133,0.009466,0.025522,0.008552,-0.006617,0.999616,-0.003779,0.003420,0.013279,0.241115,0.016229,0.970361
36.095824,-0.005149,0.000007,0.009445,0.025087,0.007942,-0.006595,0.999632,-0.003724,0.003423,0.013220,0.241173,0.012724,0.970399
36.129583,-0.005236,-0.000416,0.009497,0.024524,0.006431,-0.006740,0.999656,-0.003977,0.003678,0.013301,0.239630,0.013283,0.970773
36.162768,-0.005200,-0.000676,0.009515,0.025203,0.006072,-0.006964,0.999640,-0.004049,0.003741,0.013299,0.238146,0.011635,0.971160
36.196047,-0.005166,-0.000710,0.009545,0.026611,0.006936,-0.006945,0.999598,-0.004232,0.003673,0.013374,0.236406,0.015220,0.971535
36.229417,-0.005202,-0.000419,0.009413,0.026946,0.007965,-0.006398,0.999585,-0.004313,0.003338,0.013514,0.234677,0.016726,0.971930
36.262715,-0.005255,-0.000028,0.009447,0.026299,0.008314,-0.006195,0.999600,-0.004318,0.003320,0.013415,0.235393,0.016209,0.971765
36.296042,-0.005393,0.000158,0.009589,0.025147,0.007335,-0.006166,0.999638,-0.004366,0.003549,0.013401,0.235482,0.017137,0.971728
36.329463,-0.005351,0.000024,0.009479,0.024449,0.006157,-0.006423,0.999662,-0.004324,0.003693,0.013486,0.237753,0.012078,0.971251
36.362898,-0.005230,-0.000103,0.009427,0.024883,0.005774,-0.007022,0.999649,-0.004375,0.003968,0.013388,0.240235,0.026303,0.970358
36.396157,-0.005052,-0.000451,0.009298,0.026121,0.006641,-0.007273,0.999610,-0.004415,0.004102,0.013384,0.239183,0.026131,0.970623
36.413214,-0.005052,-0.000413,0.009224,0.026679,0.007352,-0.007261,0.999591,-0.004376,0.003904,0.013334,0.241478,0.026757,0.970037
36.446279,-0.005067,-0.000172,0.009091,0.027167,0.008077,-0.006605,0.999576,-0.004249,0.003623,0.013330,0.241015,0.024018,0.970224
36.463199,-0.005104,-0.000003,0.009027,0.027025,0.008147,-0.006323,0.999582,-0.004207,0.003559,0.013300,0.240124,0.021684,0.970500
36.479905,-0.005178,0.000152,0.008995,0.026575,0.007845,-0.005950,0.999598,-0.004180,0.003546,0.013232,0.238332,0.020260,0.970972
36.513032,-0.005389,0.000482,0.008999,0.024907,0.006372,-0.005766,0.999653,-0.004214,0.003656,0.013093,0.236878,0.020975,0.971313
36.529747,-0.005400,0.000528,0.008981,0.024147,0.005546,-0.005946,0.999675,-0.004214,0.003656,0.013093,0.236878,0.020975,0.971313
36.546721,-0.005378,0.000270,0.008976,0.023817,0.004849,-0.006405,0.999684,-0.004352,0.004032,0.012939,0.229304,0.020024,0.973149
36.579643,-0.005258,0.000096,0.008933,0.024052,0.004391,-0.007042,0.999676,-0.004426,0.004197,0.012907,0.224273,0.020577,0.974309
36.596595,-0.005145,-0.000155,0.008949,0.024677,0.004693,-0.007174,0.999659,-0.004428,0.004204,0.012948,0.220175,0.014080,0.975359
36.630103,-0.005023,-0.000177,0.008859,0.025697,0.005705,-0.007035,0.999629,-0.004410,0.004140,0.012996,0.217217,0.011796,0.976052
36.663291,-0.005054,0.000137,0.008922,0.026041,0.006532,-0.006470,0.999619,-0.004286,0.003881,0.012880,0.197583,0.012058,0.980212
36.696547,-0.005171,0.000160,0.008982,0.025456,0.006058,-0.005973,0.999640,-0.004198,0.003812,0.012966,0.194557,0.014629,0.980782
36.713527,-0.005270,0.000198,0.009100,0.024982,0.005228,-0.005849,0.999657,-0.004198,0.003812,0.012831,0.189209,0.018402,0.981764
36.730336,-0.005424,0.000260,0.009150,0.024621,0.004318,-0.005912,0.999670,-0.004185,0.003829,0.012893,0.182131,0.019534,0.983080
36.763580,-0.005528,-0.000166,0.009180,0.024402,0.003007,-0.006571,0.999676,-0.004398,0.003963,0.012960,0.174889,0.016170,0.984455
36.780424,-0.005524,-0.000328,0.009218,0.024814,0.002782,-0.006813,0.999665,-0.004517,0.003935,0.012997,0.169416,0.019862,0.985345
36.813890,-0.005542,-0.000618,0.009282,0.025921,0.002913,-0.007057,0.999635,-0.004598,0.003827,0.013187,0.163576,0.010100,0.986479
36.847018,-0.005628,-0.000592,0.009412,0.026928,0.003431,-0.006906,0.999608,-0.004656,0.003574,0.013312,0.148364,0.012987,0.988848
36.863795,-0.005681,-0.000390,0.009456,0.027131,0.003637,-0.006458,0.999605,-0.004656,0.003574,0.013312,0.148364,0.012987,0.988848
36.897138,-0.005827,-0.000153,0.009554,0.026837,0.003450,-0.005451,0.999619,-0.004721,0.003387,0.013495,0.136729,0.005181,0.990595
36.930767,-0.005989,0.000137,0.009682,0.026045,0.002306,-0.005228,0.999645,-0.004737,0.003379,0.013534,0.130347,0.006625,0.991446
36.964105,-0.006034,0.000142,0.009856,0.025042,0.000767,-0.005544,0.999671,-0.004875,0.003659,0.013642,0.111251,0.014879,0.993681
36.997503,-0.006034,-0.000147,0.009781,0.025145,-0.000350,-0.006535,0.999662,-0.004994,0.003823,0.013818,0.102441,0.005713,0.994723
37.015713,-0.006030,-0.000306,0.009785,0.025606,-0.000563,-0.007042,0.999647,-0.004989,0.003869,0.013845,0.096174,0.004293,0.995355
37.047431,-0.006036,-0.000483,0.009637,0.026589,-0.000473,-0.007163,0.999621,-0.005022,0.003800,0.013867,0.080606,-0.000235,0.996746
37.080664,-0.006073,-0.000239,0.009556,0.026633,-0.000500,-0.006766,0.999622,-0.005017,0.003532,0.013864,0.070012,0.005091,0.997533
37.114242,-0.006152,-0.000094,0.009488,0.026044,-0.000314,-0.005948,0.999643,-0.004958,0.003483,0.013778,0.040350,-0.005400,0.999171
37.131110,-0.006214,-0.000145,0.009421,0.025586,-0.000565,-0.005584,0.999657,-0.004958,0.003483,0.013778,0.040350,-0.005400,0.999171
37.164481,-0.006380,0.000012,0.009227,0.024756,-0.001407,-0.005577,0.999677,-0.004861,0.003611,0.013622,-0.004136,-0.020589,0.999780
37.197744,-0.006453,-0.000080,0.009045,0.024384,-0.002406,-0.006102,0.999681,-0.004939,0.003651,0.013526,-0.009022,-0.020778,0.999743
37.214450,-0.006530,-0.000073,0.009021,0.024258,-0.002597,-0.006586,0.999681,-0.005073,0.003665,0.013496,-0.007755,-0.018150,0.999805
37.231158,-0.006504,-0.000209,0.008755,0.024106,-0.002531,-0.006887,0.999683,-0.005284,0.003725,0.013302,-0.012165,-0.015226,0.999810
37.264561,-0.006557,-0.000309,0.008477,0.024153,-0.001995,-0.006703,0.999684,-0.005204,0.003802,0.013118,-0.028387,-0.021472,0.999366
37.298159,-0.006669,0.000037,0.008308,0.023691,-0.001317,-0.005672,0.999702,-0.005343,0.003635,0.012858,-0.033196,-0.017799,0.999290
37.330919,-0.006848,0.000178,0.008270,0.022809,-0.001290,-0.004650,0.999728,-0.005242,0.003571,0.012508,-0.004761,0.018275,0.999822
37.347930,-0.007018,0.000302,0.008312,0.022364,-0.001921,-0.004292,0.999739,-0.005386,0.003773,0.012196,-0.032673,0.043101,0.998536
37.364791,-0.007113,0.000446,0.008577,0.021893,-0.002755,-0.004360,0.999747,-0.005238,0.003663,0.012427,-0.018822,0.011515,0.999757
37.381462,-0.007209,0.000370,0.008604,0.021751,-0.003544,-0.004718,0.999746,-0.005506,0.003919,0.012340,-0.013490,0.015213,0.999793
37.414686,-0.007268,0.000048,0.008733,0.022107,-0.004943,-0.005555,0.999728,-0.005642,0.004137,0.012320,-0.053082,0.035743,0.997950
37.431552,-0.007253,0.000050,0.008737,0.022397,-0.005059,-0.006049,0.999718,-0.005728,0.004176,0.012386,-0.051228,0.038699,0.997937
37.465056,-0.007330,-0.000230,0.008900,0.022975,-0.004678,-0.006319,0.999705,-0.005949,0.004228,0.012428,-0.060704,0.028137,0.997759
37.498228,-0.007362,-0.000149,0.008923,0.023613,-0.004239,-0.005805,0.999695,-0.006702,0.004112,0.012634,-0.077760,0.017157,0.996824
37.531518,-0.007467,0.000016,0.009112,0.023761,-0.003939,-0.004777,0.999699,-0.006696,0.003966,0.012676,-0.099212,0.013780,0.994971
37.564831,-0.007726,0.000002,0.009384,0.023145,-0.004636,-0.003959,0.999714,-0.006678,0.003922,0.012624,-0.099924,0.020956,0.994774
37.581677,-0.007749,-0.000009,0.009508,0.022898,-0.005009,-0.004081,0.999717,-0.006769,0.003874,0.012758,-0.108667,0.018287,0.993910
37.614707,-0.007837,-0.000176,0.009663,0.023399,-0.006048,-0.004759,0.999697,-0.006959,0.004083,0.013040,-0.133093,0.000843,0.991103
37.631608,-0.007865,-0.000305,0.009663,0.023894,-0.006469,-0.005224,0.999680,-0.007116,0.004024,0.013151,-0.129350,0.014223,0.991497
37.648423,-0.007882,-0.000417,0.009799,0.024497,-0.006626,-0.005606,0.999662,-0.007116,0.004024,0.013151,-0.129350,0.014223,0.991497
37.665470,-0.007775,-0.000482,0.009720,0.024835,-0.006457,-0.005777,0.999654,-0.007182,0.004407,0.013182,-0.104357,0.047314,0.993414
37.698711,-0.007793,-0.000342,0.009713,0.025567,-0.005637,-0.005553,0.999642,-0.007281,0.003849,0.013368,-0.144590,0.015573,0.989369
37.731869,-0.007910,-0.000091,0.009772,0.025658,-0.005424,-0.004954,0.999644,-0.007218,0.003851,0.013401,-0.156240,0.000214,0.987719
37.748684,-0.007948,-0.000172,0.009882,0.025294,-0.005486,-0.004530,0.999655,-0.007248,0.003805,0.013471,-0.162165,0.002096,0.986762
37.765380,-0.008070,-0.000223,0.009856,0.025019,-0.005719,-0.004157,0.999662,-0.007269,0.003814,0.013515,-0.165299,0.002843,0.986240
37.798995,-0.008107,-0.000098,0.010049,0.024856,-0.006392,-0.004464,0.999661,-0.007299,0.003998,0.013584,-0.174165,0.001117,0.984716
37.832277,-0.008081,-0.000253,0.010045,0.025378,-0.006786,-0.005463,0.999640,-0.007456,0.004160,0.014008,-0.202543,-0.029369,0.978833
37.865593,-0.008008,-0.000579,0.009993,0.026139,-0.006609,-0.006240,0.999617,-0.007564,0.004024,0.014053,-0.204552,-0.014240,0.978752
37.882289,-0.008010,-0.000764,0.009946,0.026657,-0.006021,-0.006390,0.999606,-0.007568,0.003975,0.014126,-0.208181,-0.025234,0.977765
37.915496,-0.007947,-0.000684,0.009812,0.027253,-0.004847,-0.005536,0.999602,-0.007582,0.003889,0.014127,-0.209139,-0.024700,0.977574
37.932178,-0.008001,-0.000411,0.009827,0.027039,-0.004463,-0.005115,0.999611,-0.007401,0.003697,0.014123,-0.220003,-0.030766,0.975014
37.965792,-0.008162,-0.000393,0.009805,0.025805,-0.004405,-0.004223,0.999648,-0.007472,0.003505,0.014081,-0.213032,-0.015037,0.976929
37.982820,-0.008301,-0.000316,0.009740,0.025255,-0.004936,-0.003881,0.999661,-0.007502,0.003549,0.014017,-0.218816,-0.022216,0.975513
38.016008,-0.008091,-0.000308,0.009975,0.024680,-0.006173,-0.004292,0.999667,-0.007183,0.004083,0.013936,-0.223454,-0.025416,0.974383
38.032793,-0.007919,-0.000343,0.009975,0.024812,-0.006343,-0.004568,0.999662,-0.007257,0.004072,0.013905,-0.224449,-0.017845,0.974322
38.065921,-0.007832,-0.000434,0.009925,0.025162,-0.004679,-0.005009,0.999660,-0.007352,0.004223,0.013853,-0.226037,-0.022359,0.973862
38.099225,-0.007654,-0.000711,0.009889,0.025782,-0.002762,-0.005159,0.999651,-0.007379,0.004299,0.013859,-0.230008,-0.019882,0.972986
38.116181,-0.007682,-0.000744,0.009855,0.026282,-0.001906,-0.005055,0.999640,-0.007290,0.004204,0.013957,-0.233668,-0.023116,0.972042
38.149422,-0.007787,-0.000429,0.009934,0.026476,-0.001491,-0.004418,0.999639,-0.007261,0.004053,0.013931,-0.230322,-0.016209,0.972979
38.183227,-0.007757,-0.000531,0.010261,0.025774,-0.000788,-0.003004,0.999663,-0.006950,0.003932,0.014106,-0.242575,-0.024209,0.969831
38.216510,-0.008080,-0.000500,0.010230,0.025292,-0.002299,-0.002819,0.999674,-0.006977,0.003910,0.014125,-0.238752,-0.011169,0.971016
38.233202,-0.008010,-0.000437,0.010306,0.025495,-0.003175,-0.003442,0.999664,-0.007059,0.003959,0.014149,-0.238616,-0.019382,0.970921
38.250108,-0.007964,-0.000473,0.010386,0.025667,-0.003719,-0.004001,0.999656,-0.007058,0.004016,0.014199,-0.242469,-0.020062,0.969952
38.283243,-0.007980,-0.000602,0.010398,0.026034,-0.003990,-0.004694,0.999642,-0.007222,0.004108,0.014237,-0.242826,-0.024828,0.969752
38.316533,-0.007996,-0.000681,0.010194,0.026476,-0.003044,-0.004328,0.999636,-0.007291,0.004201,0.014204,-0.257403,-0.037172,0.965589
38.333318,-0.008047,-0.000682,0.010027,0.026749,-0.002414,-0.003863,0.999632,-0.007420,0.004022,0.014175,-0.240106,-0.016152,0.970612
38.350023,-0.008197,-0.000400,0.010019,0.027057,-0.002247,-0.003654,0.999625,-0.007402,0.004060,0.014053,-0.239038,-0.017660,0.970850
38.366701,-0.008230,-0.000286,0.010111,0.027094,-0.002745,-0.003514,0.999623,-0.007391,0.004086,0.014036,-0.239305,-0.022041,0.970694
38.399959,-0.008395,-0.000406,0.010163,0.026850,-0.003407,-0.003209,0.999629,-0.007485,0.003987,0.014003,-0.238363,-0.018157,0.971006
38.416746,-0.008430,-0.000453,0.010172,0.027093,-0.003838,-0.003068,0.999621,-0.007574,0.004085,0.014031,-0.240898,-0.027217,0.970169
38.433640,-0.008455,-0.000416,0.010323,0.027556,-0.004230,-0.003380,0.999606,-0.007645,0.004097,0.014071,-0.240632,-0.027591,0.970224
38.466935,-0.008459,-0.000536,0.010540,0.028413,-0.004744,-0.004368,0.999576,-0.007783,0.004160,0.014128,-0.232127,-0.017795,0.972523
38.483747,-0.008397,-0.000720,0.010547,0.028801,-0.004929,-0.004984,0.999561,-0.007857,0.004072,0.014374,-0.232876,-0.025282,0.972178
38.517000,-0.008313,-0.000888,0.010577,0.029454,-0.004013,-0.005524,0.999543,-0.007782,0.003996,0.014444,-0.233616,-0.023822,0.972037
38.550362,-0.008374,-0.000915,0.010448,0.029736,-0.003619,-0.004993,0.999539,-0.007703,0.003811,0.014515,-0.231903,-0.018982,0.972554
38.583574,-0.008426,-0.000638,0.010449,0.029465,-0.003233,-0.003879,0.999553,-0.007629,0.003649,0.014545,-0.230184,-0.020569,0.972930
38.617067,-0.008507,-0.000561,0.010370,0.028526,-0.004069,-0.002841,0.999581,-0.007616,0.003663,0.014546,-0.231718,-0.029222,0.972344
38.634208,-0.008564,-0.000475,0.010298,0.028046,-0.004434,-0.002568,0.999594,-0.007610,0.003734,0.014448,-0.231099,-0.023966,0.972635
38.667664,-0.008415,-0.000264,0.010091,0.027523,-0.005499,-0.003501,0.999600,-0.007755,0.003857,0.014423,-0.230496,-0.026452,0.972714
38.700851,-0.008146,-0.000357,0.010082,0.027039,-0.005216,-0.004682,0.999610,-0.007751,0.004040,0.014140,-0.228380,-0.020991,0.973346
38.734004,-0.008169,-0.000453,0.009912,0.026860,-0.004296,-0.005072,0.999617,-0.007833,0.003699,0.014243,-0.223030,-0.018500,0.974636
38.750694,-0.008245,-0.000480,0.009866,0.026995,-0.004081,-0.004818,0.999616,-0.007787,0.003763,0.014210,-0.222710,-0.022873,0.974617
38.767722,-0.008126,-0.000456,0.009798,0.027091,-0.003826,-0.004450,0.999616,-0.007729,0.003788,0.014211,-0.223638,-0.028288,0.974262
38.800844,-0.008365,-0.000329,0.009754,0.026973,-0.003669,-0.003573,0.999623,-0.007588,0.003699,0.014047,-0.213873,-0.015009,0.976746
38.834251,-0.008490,-0.000450,0.009764,0.026177,-0.004865,-0.002709,0.999642,-0.007721,0.003689,0.013941,-0.203235,-0.019728,0.978931
38.867221,-0.008508,-0.000333,0.009632,0.026110,-0.005649,-0.003273,0.999638,-0.007746,0.003692,0.013952,-0.204567,-0.029784,0.978399
38.884109,-0.008472,-0.000331,0.009602,0.026186,-0.006044,-0.003845,0.999632,-0.007771,0.003675,0.013890,-0.200716,-0.027179,0.979272
38.917783,-0.008323,-0.000427,0.009584,0.026077,-0.005653,-0.004920,0.999632,-0.007888,0.003636,0.013640,-0.167234,0.003451,0.985911
38.950865,-0.008262,-0.000653,0.009568,0.026085,-0.004347,-0.005029,0.999638,-0.007890,0.003607,0.013687,-0.159670,0.006746,0.987148
38.984447,-0.008305,-0.000575,0.009440,0.026196,-0.003407,-0.004413,0.999641,-0.007824,0.003516,0.013619,-0.151009,0.002185,0.988530
39.017533,-0.008390,-0.000263,0.009559,0.025667,-0.003057,-0.003471,0.999660,-0.007758,0.003741,0.013504,-0.103791,0.067530,0.992304
39.034373,-0.008271,-0.000314,0.009480,0.025160,-0.003308,-0.002889,0.999674,-0.007724,0.003504,0.013485,-0.143880,0.005154,0.989582
39.068049,-0.008235,-0.000457,0.009465,0.024906,-0.003783,-0.002637,0.999679,-0.007666,0.003762,0.013381,-0.096540,0.069260,0.992916
39.084718,-0.008177,-0.000313,0.009505,0.024959,-0.004074,-0.003213,0.999675,-0.007607,0.003610,0.013416,-0.133879,0.013326,0.990908
39.101420,-0.008124,-0.000188,0.009615,0.025158,-0.004386,-0.004004,0.999666,-0.007683,0.003717,0.013363,-0.088921,0.077912,0.992987
39.134347,-0.007786,-0.000272,0.009677,0.025414,-0.003637,-0.005432,0.999656,-0.007661,0.003717,0.013431,-0.114562,0.012616,0.993336
39.151508,-0.007684,-0.000328,0.009681,0.025435,-0.002530,-0.005855,0.999656,-0.007725,0.003720,0.013402,-0.098423,0.020031,0.994943
39.184764,-0.007517,-0.000375,0.009629,0.025822,-0.000373,-0.005687,0.999650,-0.007552,0.003785,0.013511,-0.082399,0.044639,0.995599
39.217821,-0.007348,-0.000170,0.009767,0.025963,0.000998,-0.005161,0.999649,-0.006579,0.003581,0.013603,-0.066540,0.042688,0.996870
39.234742,-0.007272,-0.000234,0.009748,0.025788,0.001424,-0.004653,0.999656,-0.006434,0.003546,0.013600,-0.063736,0.040649,0.997139
39.251555,-0.007265,-0.000142,0.009792,0.025467,0.001771,-0.004076,0.999666,-0.006361,0.003444,0.013594,-0.058169,0.049565,0.997076
39.268423,-0.007255,-0.000313,0.009758,0.025063,0.001698,-0.003880,0.999677,-0.006245,0.003442,0.013606,-0.057502,0.044719,0.997343
39.285132,-0.007242,-0.000244,0.009708,0.025021,0.001334,-0.004060,0.999678,-0.006186,0.003458,0.013741,-0.035084,0.024360,0.999088
39.301822,-0.007063,-0.000225,0.009620,0.025068,0.000873,-0.004632,0.999675,-0.006142,0.003498,0.013577,-0.059608,0.041646,0.997353
39.335029,-0.006867,-0.000285,0.009505,0.025856,0.001183,-0.005930,0.999647,-0.006036,0.003554,0.013654,-0.033939,0.025847,0.999090
39.351831,-0.006805,-0.000377,0.009462,0.026050,0.001273,-0.006413,0.999639,-0.005929,0.003606,0.013606,-0.005535,-0.009442,0.999940
39.368515,-0.006548,-0.000337,0.009359,0.025973,0.001452,-0.006400,0.999641,-0.005818,0.003596,0.013410,-0.046439,0.040690,0.998092
39.385397,-0.006496,-0.000455,0.009346,0.025759,0.001966,-0.006276,0.999647,-0.005749,0.003612,0.013391,-0.031331,0.047042,0.998401
39.418464,-0.006405,-0.000176,0.009132,0.025462,0.003430,-0.005672,0.999654,-0.005599,0.003553,0.013236,-0.022852,0.050156,0.998480
39.435217,-0.006221,-0.000096,0.008982,0.025189,0.003962,-0.005233,0.999661,-0.005475,0.003480,0.013319,0.011138,0.003631,0.999931
39.468638,-0.005932,-0.000099,0.008931,0.024454,0.004812,-0.004364,0.999680,-0.005157,0.003463,0.013092,0.015169,0.006360,0.999865
39.501987,-0.005805,-0.000220,0.008942,0.024479,0.005608,-0.004465,0.999675,-0.005244,0.003624,0.013065,-0.036321,-0.012203,0.999266
39.535192,-0.005461,-0.000255,0.008845,0.025120,0.005876,-0.006180,0.999648,-0.005221,0.003868,0.013051,-0.023041,-0.013655,0.999641
39.568531,-0.005191,-0.000392,0.008781,0.025538,0.006684,-0.007580,0.999623,-0.004983,0.003870,0.013022,-0.001972,-0.020462,0.999789
39.585437,-0.005127,-0.000472,0.008688,0.025667,0.007388,-0.007828,0.999613,-0.004785,0.003873,0.012936,-0.009609,-0.020317,0.999747
39.652253,-0.004932,-0.000372,0.008558,0.025573,0.009305,-0.006912,0.999606,-0.004070,0.003427,0.012739,0.062211,0.010187,0.998011
39.669082,-0.004924,-0.000315,0.008584,0.025287,0.009696,-0.006401,0.999613,-0.003987,0.003414,0.012731,0.071984,0.002666,0.997402
39.686031,-0.004877,-0.000301,0.008500,0.025014,0.009851,-0.005997,0.999621,-0.003966,0.003490,0.012658,0.078048,0.007655,0.996920
39.718711,-0.004630,-0.000325,0.008525,0.025127,0.009915,-0.006395,0.999615,-0.003855,0.003620,0.012615,0.098026,0.004096,0.995176
39.735743,-0.004615,-0.000323,0.008521,0.025390,0.010213,-0.007090,0.999600,-0.003812,0.003629,0.012649,0.112029,-0.002494,0.993702
39.752471,-0.004469,-0.000238,0.008475,0.025689,0.010534,-0.007700,0.999585,-0.003787,0.003625,0.012635,0.114697,-0.002701,0.993397
39.785588,-0.004089,-0.000396,0.008471,0.026024,0.011752,-0.008707,0.999554,-0.003678,0.003602,0.012493,0.127841,0.012517,0.991716
39.802359,-0.003905,-0.000486,0.008378,0.026108,0.013075,-0.008935,0.999534,-0.003600,0.003638,0.012456,0.134346,0.011025,0.990873
39.819379,-0.003805,-0.000494,0.008351,0.026202,0.014491,-0.008738,0.999513,-0.003445,0.003661,0.012442,0.138677,0.010646,0.990280
39.852436,-0.003548,-0.000164,0.008443,0.025929,0.016274,-0.008250,0.999497,-0.003175,0.003704,0.012385,0.164341,0.011632,0.986335
39.869535,-0.003363,-0.000076,0.008543,0.025637,0.016925,-0.008027,0.999496,-0.002955,0.003667,0.012398,0.168916,0.011229,0.985567
39.902572,-0.003108,-0.000008,0.008698,0.025127,0.017837,-0.007536,0.999497,-0.002599,0.003826,0.012285,0.182575,0.031995,0.982671
40.153229,-0.002765,-0.000327,0.008987,0.025100,0.019776,-0.008450,0.999454,-0.001550,0.003832,0.012707,0.203209,0.001756,0.979134
40.170206,-0.002949,-0.000338,0.008971,0.025454,0.019168,-0.009255,0.999449,-0.001566,0.003843,0.012744,0.205557,0.001610,0.978644
40.186901,-0.002986,-0.000269,0.009015,0.025867,0.018549,-0.009950,0.999444,-0.001652,0.003798,0.012712,0.204651,0.003226,0.978830
40.219917,-0.003060,-0.000272,0.009043,0.026037,0.018306,-0.010244,0.999441,-0.001801,0.003794,0.012747,0.210029,0.003342,0.977689
40.236607,-0.003203,-0.000471,0.009034,0.025788,0.018692,-0.009923,0.999443,-0.001830,0.003790,0.012795,0.211419,0.002854,0.977391
40.253546,-0.003197,-0.000346,0.009039,0.025655,0.018965,-0.009342,0.999447,-0.001938,0.003781,0.012793,0.214036,-0.000497,0.976826
40.286876,-0.003285,-0.000426,0.009250,0.025335,0.020098,-0.008110,0.999444,-0.002007,0.003721,0.012878,0.217104,0.002974,0.976144
40.320262,-0.003561,-0.000395,0.009344,0.025257,0.019467,-0.007036,0.999467,-0.002068,0.003702,0.012934,0.242305,0.008215,0.970165
40.353544,-0.003638,-0.000652,0.009438,0.025907,0.017688,-0.007389,0.999481,-0.002113,0.003658,0.013080,0.239448,0.007967,0.970877
40.386964,-0.003589,-0.000677,0.009426,0.027077,0.016873,-0.008839,0.999452,-0.002215,0.003564,0.013254,0.241863,0.007568,0.970281
40.420590,-0.003716,-0.000630,0.009337,0.027506,0.016978,-0.009171,0.999435,-0.002371,0.003296,0.013284,0.249336,0.028444,0.967999
40.453932,-0.003916,-0.000820,0.009216,0.026964,0.016512,-0.008792,0.999461,-0.002466,0.003231,0.013317,0.250382,0.033740,0.967559
40.470817,-0.003973,-0.000808,0.009171,0.026720,0.016585,-0.008063,0.999473,-0.002541,0.003219,0.013308,0.252593,0.033809,0.966982
40.504099,-0.004343,-0.000771,0.009034,0.026104,0.016836,-0.006410,0.999497,-0.002699,0.003181,0.013209,0.250787,0.037354,0.967322
40.537343,-0.004604,-0.000737,0.008988,0.025504,0.015384,-0.005255,0.999543,-0.002889,0.003301,0.013122,0.245254,0.012898,0.969373
40.554076,-0.004595,-0.000766,0.008926,0.025401,0.014569,-0.005188,0.999558,-0.003038,0.003322,0.013105,0.245312,0.010354,0.969389
40.587163,-0.004543,-0.000728,0.008776,0.025526,0.014218,-0.006381,0.999553,-0.003313,0.003355,0.012994,0.246470,0.008441,0.969114
40.604016,-0.004585,-0.000662,0.008728,0.025871,0.014421,-0.007096,0.999536,-0.003391,0.003340,0.012930,0.245254,0.009598,0.969411
40.620815,-0.004534,-0.000669,0.008664,0.026132,0.014597,-0.007607,0.999523,-0.003517,0.003334,0.012898,0.245453,0.009359,0.969364
40.654157,-0.004372,-0.000857,0.008650,0.026060,0.015972,-0.008000,0.999501,-0.003607,0.003345,0.012795,0.242734,0.007239,0.970066
40.670949,-0.004402,-0.000957,0.008599,0.025975,0.017019,-0.007763,0.999488,-0.003584,0.003338,0.012732,0.243594,0.009548,0.969830
40.687649,-0.004407,-0.000866,0.008604,0.025949,0.017611,-0.007350,0.999481,-0.003553,0.003281,0.012679,0.243359,0.011456,0.969869
40.721017,-0.004681,-0.001053,0.008755,0.025608,0.017313,-0.006354,0.999502,-0.003404,0.003223,0.012650,0.238328,0.007248,0.971158
40.737748,-0.004776,-0.001050,0.008788,0.025620,0.016502,-0.005856,0.999518,-0.003416,0.003074,0.012626,0.248848,0.027187,0.968161
40.754452,-0.004833,-0.001252,0.008873,0.025764,0.015258,-0.005641,0.999536,-0.003401,0.003013,0.012608,0.247198,0.027936,0.968562
40.771180,-0.005058,-0.001267,0.008855,0.026284,0.014133,-0.005776,0.999538,-0.003427,0.002954,0.012628,0.245880,0.027817,0.968901
40.804390,-0.005134,-0.001152,0.008927,0.027047,0.012815,-0.006401,0.999532,-0.003708,0.002861,0.012608,0.245390,0.034200,0.968821
40.838020,-0.005269,-0.000789,0.009030,0.027060,0.012364,-0.007121,0.999532,-0.003961,0.002797,0.012719,0.246143,0.027739,0.968837
40.871253,-0.005309,-0.000903,0.009178,0.026645,0.011901,-0.007307,0.999547,-0.004055,0.002933,0.012817,0.238336,0.017928,0.971017
40.904801,-0.005433,-0.000771,0.009304,0.026388,0.012412,-0.006350,0.999555,-0.004196,0.002990,0.012928,0.241545,0.030521,0.969910
40.922126,-0.005456,-0.000844,0.009389,0.026346,0.012622,-0.005740,0.999557,-0.004288,0.003104,0.013002,0.244282,0.031973,0.969177
40.954691,-0.005494,-0.000744,0.009695,0.026369,0.012721,-0.004671,0.999561,-0.004295,0.003293,0.013152,0.237815,0.016772,0.971166
40.971543,-0.005494,-0.000847,0.009775,0.026619,0.012300,-0.004627,0.999559,-0.004315,0.003301,0.013245,0.237381,0.014753,0.971305
41.004470,-0.005427,-0.000963,0.009844,0.027652,0.011609,-0.005633,0.999534,-0.004354,0.003326,0.013450,0.237948,0.011465,0.971210
41.021733,-0.005383,-0.000827,0.009911,0.028258,0.011484,-0.006344,0.999515,-0.004372,0.003304,0.013534,0.235429,0.011629,0.971822
41.054996,-0.005284,-0.000706,0.010049,0.028923,0.011744,-0.007401,0.999485,-0.004381,0.003244,0.013733,0.233615,0.010999,0.972267
41.071722,-0.005193,-0.000781,0.010150,0.028955,0.012097,-0.007349,0.999481,-0.004369,0.003226,0.013798,0.232590,0.011799,0.972503
41.088663,-0.005223,-0.000904,0.010124,0.028754,0.012621,-0.007073,0.999482,-0.004299,0.003203,0.013910,0.229921,0.010117,0.973157
41.105373,-0.005241,-0.000925,0.010163,0.028729,0.012941,-0.006685,0.999481,-0.004255,0.003200,0.013973,0.227816,0.008965,0.973663
41.122062,-0.005278,-0.000845,0.010174,0.028557,0.012947,-0.006218,0.999489,-0.004173,0.003213,0.014042,0.217612,0.009820,0.975986
41.155313,-0.005442,-0.000753,0.010167,0.028274,0.012426,-0.005160,0.999510,-0.004072,0.003282,0.014020,0.198077,0.013816,0.980089
41.188611,-0.005650,-0.000901,0.010148,0.028175,0.010753,-0.004393,0.999536,-0.004095,0.003217,0.014188,0.192088,0.008431,0.981342
41.221994,-0.005576,-0.000822,0.010113,0.028621,0.008904,-0.005190,0.999537,-0.004190,0.003190,0.014243,0.188664,0.007942,0.982010
41.255266,-0.005481,-0.000521,0.010144,0.028779,0.008300,-0.006241,0.999532,-0.004376,0.003184,0.014213,0.175259,0.011844,0.984451
41.272082,-0.005465,-0.000523,0.010161,0.028637,0.008416,-0.006391,0.999534,-0.004421,0.003190,0.014254,0.173071,0.000892,0.984909
41.288774,-0.005575,-0.000491,0.010138,0.028417,0.008537,-0.006515,0.999539,-0.004434,0.003218,0.014285,0.168022,0.000342,0.985783
41.305493,-0.005695,-0.000447,0.010106,0.027927,0.008230,-0.006548,0.999555,-0.004459,0.003294,0.014207,0.158230,0.004978,0.987390
41.338651,-0.005723,-0.000543,0.009968,0.027318,0.007241,-0.006130,0.999582,-0.004462,0.003431,0.014202,0.149924,-0.006116,0.988679
41.355494,-0.005780,-0.000664,0.009951,0.027212,0.007332,-0.005610,0.999587,-0.004499,0.003497,0.014112,0.142674,0.009392,0.989725
41.388857,-0.005970,-0.000591,0.009973,0.027015,0.006700,-0.004605,0.999602,-0.004620,0.003559,0.014027,0.132564,0.008892,0.991135
41.422126,-0.006085,-0.000626,0.009911,0.027432,0.005869,-0.004830,0.999595,-0.004809,0.003556,0.014010,0.117791,0.006415,0.993018
41.439373,-0.006244,-0.000577,0.009917,0.027876,0.005466,-0.005304,0.999582,-0.004874,0.003501,0.013995,0.114862,0.009260,0.993338
41.472480,-0.006525,-0.000306,0.009757,0.028544,0.004290,-0.006558,0.999562,-0.005061,0.003451,0.014004,0.100632,0.013037,0.994838
41.489180,-0.006587,-0.000203,0.009735,0.028507,0.003924,-0.007053,0.999561,-0.005174,0.003388,0.013975,0.092853,0.018285,0.995512
41.505912,-0.006669,-0.000204,0.009720,0.027949,0.003354,-0.006985,0.999579,-0.005229,0.003381,0.013959,0.091162,0.016868,0.995693
41.522643,-0.006769,-0.000206,0.009684,0.027321,0.002752,-0.006807,0.999600,-0.005308,0.003378,0.013857,0.083875,0.016699,0.996336
41.555747,-0.007003,-0.000271,0.009671,0.026242,0.001903,-0.006079,0.999635,-0.005475,0.003446,0.013784,0.074226,0.019405,0.997053
41.572624,-0.007246,-0.000283,0.009786,0.026009,0.001407,-0.005574,0.999645,-0.005549,0.003501,0.013760,0.068302,0.017786,0.997506
41.589526,-0.007271,-0.000250,0.009811,0.025869,0.000873,-0.005213,0.999651,-0.005676,0.003555,0.013782,0.064511,0.020682,0.997703
41.622788,-0.007453,-0.000544,0.009700,0.026461,0.000163,-0.004815,0.999638,-0.006030,0.003417,0.013647,0.034464,0.000683,0.999406
41.639576,-0.007532,-0.000604,0.009670,0.027069,-0.000271,-0.004972,0.999621,-0.006113,0.003399,0.013666,-0.371903,0.011557,0.928200
41.656356,-0.007553,-0.000581,0.009755,0.027763,-0.000598,-0.005453,0.999600,-0.006237,0.003352,0.013656,-0.379292,0.012081,0.925198
41.673350,-0.007707,-0.000480,0.009678,0.028257,-0.000636,-0.006111,0.999582,-0.006347,0.003327,0.013668,-0.379488,0.009504,0.925148
41.706433,-0.007924,-0.000442,0.009956,0.028689,-0.001388,-0.006972,0.999563,-0.006550,0.003223,0.013626,-0.386205,0.012231,0.922332
41.723187,-0.008014,-0.000475,0.010009,0.028458,-0.001905,-0.007174,0.999567,-0.006701,0.003115,0.013789,-0.389677,0.013424,0.920854
41.756409,-0.008365,-0.000620,0.010261,0.027927,-0.002925,-0.007165,0.999580,-0.006927,0.003078,0.013996,-0.394343,0.015445,0.918834
41.789893,-0.008493,-0.000751,0.010421,0.027780,-0.003787,-0.006208,0.999588,-0.007205,0.003282,0.014143,-0.014082,-0.000678,0.999901
41.806621,-0.008607,-0.000873,0.010588,0.027894,-0.004044,-0.005571,0.999587,-0.007605,0.003412,0.014223,-0.002575,-0.009901,0.999948
41.823291,-0.008672,-0.000808,0.010608,0.028218,-0.004313,-0.005114,0.999579,-0.007430,0.003651,0.013902,-0.000419,0.016332,0.999867
41.839999,-0.008667,-0.000912,0.010632,0.028521,-0.004613,-0.005224,0.999569,-0.008044,0.002931,0.014491,-0.010395,-0.001231,0.999945
41.856676,-0.008692,-0.000937,0.010692,0.028983,-0.004773,-0.005606,0.999553,-0.007698,0.003543,0.013919,-0.006130,0.011078,0.999920
41.889744,-0.008584,-0.000774,0.010864,0.029385,-0.005108,-0.006395,0.999535,-0.007426,0.002927,0.014422,-0.039206,0.049418,0.998008
41.923119,-0.008662,-0.000650,0.010999,0.029300,-0.005001,-0.007081,0.999533,-0.007500,0.002853,0.014569,-0.051537,0.042096,0.997784
41.940084,-0.008640,-0.000772,0.011022,0.028848,-0.005233,-0.007359,0.999543,-0.007553,0.002898,0.014809,-0.034438,0.014818,0.999297
41.956833,-0.008616,-0.000734,0.011103,0.028367,-0.005294,-0.007371,0.999556,-0.007566,0.002823,0.014598,-0.059203,0.053479,0.996812
41.990133,-0.008638,-0.000969,0.011264,0.027768,-0.005053,-0.006889,0.999578,-0.007626,0.002976,0.014724,-0.063620,0.045717,0.996927
42.006917,-0.008636,-0.001147,0.011238,0.027685,-0.004937,-0.006635,0.999583,-0.007531,0.002914,0.014766,-0.083300,0.062300,0.994575
42.039680,-0.008514,-0.001250,0.011279,0.028270,-0.004892,-0.006311,0.999569,-0.008246,0.002971,0.014902,-0.087733,0.020656,0.995930
42.056518,-0.008413,-0.001434,0.011273,0.028858,-0.004889,-0.006685,0.999549,-0.008181,0.002910,0.014929,-0.095108,0.020311,0.995260
42.073207,-0.008467,-0.001539,0.011280,0.029496,-0.004794,-0.007226,0.999527,-0.008141,0.002793,0.015013,-0.100290,0.051391,0.993630
42.090486,-0.008411,-0.001496,0.011271,0.029892,-0.004713,-0.007783,0.999512,-0.008147,0.002728,0.014976,-0.105010,0.024872,0.994160
42.123749,-0.008411,-0.001329,0.011357,0.030214,-0.004409,-0.008504,0.999498,-0.008162,0.002681,0.015064,-0.078644,0.088382,0.992977
42.157103,-0.008307,-0.001330,0.011183,0.029527,-0.003954,-0.008670,0.999519,-0.007942,0.002565,0.015048,-0.097293,0.036174,0.994598
42.173925,-0.008377,-0.001405,0.011013,0.029108,-0.003601,-0.008606,0.999533,-0.007957,0.002744,0.015103,-0.094488,0.082528,0.992099
42.207126,-0.008417,-0.001625,0.010927,0.028095,-0.003515,-0.007817,0.999569,-0.007845,0.002793,0.014955,-0.112149,0.078941,0.990551
42.223887,-0.008422,-0.001644,0.010916,0.027737,-0.003672,-0.007725,0.999579,-0.007816,0.002798,0.014868,-0.117267,0.076577,0.990144
42.240563,-0.008348,-0.001662,0.010847,0.027673,-0.003835,-0.007883,0.999579,-0.007726,0.002573,0.014789,-0.161053,0.018266,0.986777
42.274027,-0.008307,-0.001727,0.010818,0.028005,-0.004477,-0.008429,0.999562,-0.007677,0.002627,0.014672,-0.183251,0.008721,0.983028
42.290781,-0.008251,-0.001684,0.010777,0.028289,-0.004567,-0.008991,0.999549,-0.007808,0.002583,0.014896,-0.200863,-0.012320,0.979542
42.307494,-0.008174,-0.001588,0.010645,0.028437,-0.004400,-0.009459,0.999541,-0.007725,0.002526,0.014627,-0.183184,0.010121,0.983027
42.340639,-0.008082,-0.001295,0.010597,0.028551,-0.003710,-0.009964,0.999536,-0.007758,0.002561,0.014800,-0.210894,-0.028482,0.977094
42.357502,-0.007980,-0.001315,0.010683,0.028245,-0.003297,-0.010056,0.999545,-0.007692,0.002605,0.014719,-0.212274,-0.022503,0.976951
42.374196,-0.007985,-0.001274,0.010685,0.027845,-0.002804,-0.009997,0.999558,-0.007638,0.002686,0.014716,-0.212039,-0.028889,0.976834
42.390928,-0.007979,-0.001418,0.010658,0.027465,-0.002505,-0.009730,0.999572,-0.007514,0.002598,0.014356,-0.172410,0.019411,0.984834
42.424247,-0.008034,-0.001589,0.010753,0.027383,-0.002743,-0.009202,0.999579,-0.007415,0.002712,0.014440,-0.174022,0.023939,0.984451
42.457947,-0.008005,-0.001624,0.010753,0.028049,-0.003455,-0.009289,0.999557,-0.007307,0.002862,0.014413,-0.180129,0.016442,0.983506
42.490962,-0.008017,-0.001655,0.010512,0.029020,-0.004052,-0.009820,0.999522,-0.007367,0.002759,0.014584,-0.207727,-0.009590,0.978140
42.524640,-0.007923,-0.001500,0.010496,0.029454,-0.003982,-0.010678,0.999501,-0.007372,0.002732,0.014619,-0.215771,-0.027680,0.976052
42.557906,-0.007884,-0.001203,0.010449,0.029279,-0.002862,-0.010749,0.999509,-0.007341,0.002938,0.014389,-0.233744,-0.018183,0.972128
42.574616,-0.007919,-0.001130,0.010372,0.028761,-0.002239,-0.010515,0.999529,-0.007351,0.002986,0.014458,-0.232365,-0.032178,0.972096
42.609484,-0.007968,-0.001230,0.010180,0.027591,-0.001655,-0.009809,0.999570,-0.007340,0.003139,0.014355,-0.233777,-0.029890,0.971831
42.641338,-0.008009,-0.001251,0.010113,0.027141,-0.001860,-0.009275,0.999587,-0.007246,0.003293,0.014191,-0.235550,-0.023453,0.971579
42.658187,-0.008062,-0.001331,0.010145,0.027212,-0.002248,-0.009284,0.999584,-0.007168,0.003462,0.014042,-0.235308,-0.024800,0.971604
42.691623,-0.008030,-0.001354,0.010084,0.027972,-0.002791,-0.010090,0.999554,-0.007234,0.003402,0.014135,-0.238146,-0.028632,0.970807
42.724848,-0.007948,-0.001302,0.010085,0.028850,-0.002996,-0.010723,0.999522,-0.007272,0.003376,0.014169,-0.243273,-0.030523,0.969477
42.758504,-0.007700,-0.001127,0.009991,0.029320,-0.001792,-0.011218,0.999506,-0.007210,0.003316,0.014123,-0.243011,-0.028614,0.969602
42.791702,-0.007750,-0.000981,0.009954,0.028664,-0.000626,-0.010843,0.999530,-0.007070,0.003400,0.014004,-0.244600,-0.029988,0.969160
42.808569,-0.007767,-0.001003,0.009984,0.028144,-0.000323,-0.010400,0.999550,-0.007055,0.003412,0.013981,-0.244166,-0.028792,0.969306
42.825394,-0.007903,-0.001247,0.009910,0.027742,-0.000275,-0.010036,0.999565,-0.007052,0.003393,0.014055,-0.241047,-0.028313,0.970100
42.858232,-0.007874,-0.001422,0.009820,0.027501,-0.000554,-0.009392,0.999578,-0.006908,0.003439,0.014061,-0.240506,-0.030643,0.970164
42.875248,-0.007847,-0.001348,0.009852,0.027579,-0.000791,-0.009033,0.999579,-0.006887,0.003465,0.013957,-0.240380,-0.025526,0.970343
42.892007,-0.007935,-0.001268,0.009738,0.027761,-0.001273,-0.009011,0.999573,-0.006863,0.003431,0.013899,-0.238261,-0.021529,0.970963
42.908765,-0.007856,-0.001350,0.009780,0.027945,-0.001689,-0.009381,0.999564,-0.006990,0.003329,0.013939,-0.236840,-0.025226,0.971221
42.941876,-0.007824,-0.001204,0.009633,0.027892,-0.002048,-0.009934,0.999560,-0.007034,0.003242,0.013880,-0.235828,-0.026462,0.971435
42.958552,-0.007800,-0.001062,0.009616,0.027934,-0.001879,-0.010107,0.999557,-0.007012,0.003187,0.013825,-0.235455,-0.024094,0.971587
42.975281,-0.007802,-0.000910,0.009559,0.027906,-0.001578,-0.010174,0.999558,-0.007070,0.003254,0.013719,-0.231233,-0.025827,0.972556
42.992037,-0.007715,-0.000834,0.009706,0.027531,-0.001330,-0.010011,0.999570,-0.007034,0.003225,0.013741,-0.234490,-0.021159,0.971888
43.025319,-0.007589,-0.000828,0.009858,0.026442,-0.000757,-0.009451,0.999605,-0.007057,0.003383,0.013737,-0.232957,-0.029112,0.972051
43.042243,-0.007644,-0.001072,0.009904,0.026160,-0.000482,-0.009096,0.999616,-0.007062,0.003511,0.013707,-0.230918,-0.032194,0.972440
43.075399,-0.007699,-0.001322,0.010034,0.026581,-0.000706,-0.008748,0.999608,-0.006999,0.003599,0.013793,-0.229452,-0.023971,0.973025
43.108858,-0.007744,-0.001380,0.010129,0.027841,-0.001380,-0.009201,0.999569,-0.007023,0.003535,0.013934,-0.226206,-0.024611,0.973769
43.125615,-0.007721,-0.001460,0.010173,0.028536,-0.001869,-0.009461,0.999546,-0.007063,0.003443,0.014036,-0.227115,-0.025254,0.973540
43.158840,-0.007667,-0.001278,0.010210,0.029385,-0.001728,-0.010032,0.999516,-0.007116,0.003292,0.014080,-0.223220,-0.024870,0.974451
43.192364,-0.007793,-0.001018,0.010370,0.029503,-0.000876,-0.009933,0.999515,-0.007294,0.002810,0.014306,-0.220139,-0.018457,0.975294
43.209169,-0.007872,-0.000898,0.010312,0.029084,-0.000607,-0.009651,0.999530,-0.007265,0.002782,0.014312,-0.218675,-0.011789,0.975727
43.242213,-0.007811,-0.000960,0.010493,0.027758,-0.000492,-0.008801,0.999576,-0.007323,0.002931,0.014419,-0.218121,-0.026336,0.975566
43.259126,-0.007819,-0.000995,0.010454,0.027508,-0.000573,-0.008290,0.999587,-0.007269,0.003026,0.014495,-0.218712,-0.023228,0.975513
43.275870,-0.007821,-0.001159,0.010431,0.027529,-0.000652,-0.008078,0.999588,-0.007157,0.003465,0.014370,-0.225558,-0.025057,0.973907
43.292677,-0.007917,-0.001100,0.010461,0.027805,-0.000854,-0.008094,0.999580,-0.007145,0.003621,0.014361,-0.227669,-0.025445,0.973406
43.326003,-0.007858,-0.001063,0.010389,0.028498,-0.001672,-0.008537,0.999556,-0.007242,0.003567,0.014413,-0.224971,-0.024579,0.974056
43.343177,-0.007773,-0.000978,0.010385,0.028927,-0.001789,-0.009044,0.999539,-0.007266,0.003559,0.014355,-0.218523,-0.020787,0.975610
43.376078,-0.007702,-0.000862,0.010334,0.029299,-0.001168,-0.009900,0.999521,-0.007356,0.003233,0.014475,-0.219526,-0.023888,0.975314
43.409735,-0.007560,-0.000725,0.010223,0.029268,0.000018,-0.009919,0.999522,-0.007411,0.003115,0.014531,-0.215224,-0.021181,0.976335
43.442599,-0.007554,-0.000706,0.010314,0.028426,0.001026,-0.009682,0.999549,-0.007311,0.003016,0.014398,-0.203552,-0.002492,0.979061
43.459540,-0.007588,-0.000956,0.010453,0.027908,0.001119,-0.009411,0.999566,-0.007265,0.003134,0.014490,-0.208037,-0.020709,0.977902
43.492986,-0.007557,-0.001250,0.010482,0.027920,0.000917,-0.008946,0.999570,-0.007079,0.003317,0.014571,-0.208237,-0.020262,0.977869
43.509725,-0.007535,-0.001380,0.010460,0.028252,0.000900,-0.008997,0.999560,-0.007119,0.003231,0.014592,-0.201214,-0.010185,0.979494
43.542913,-0.007539,-0.001464,0.010309,0.029386,0.000683,-0.009472,0.999523,-0.006864,0.003140,0.014338,-0.183822,0.010522,0.982903
43.560097,-0.007565,-0.001449,0.010291,0.029648,0.000537,-0.009526,0.999515,-0.006906,0.003085,0.014650,-0.206159,-0.028869,0.978093
43.593221,-0.007495,-0.001262,0.010194,0.029253,0.000817,-0.009949,0.999522,-0.006980,0.002699,0.014586,-0.192363,-0.018187,0.981155
43.626747,-0.007432,-0.000911,0.010129,0.028268,0.001600,-0.009810,0.999551,-0.006868,0.002677,0.014519,-0.195361,-0.031104,0.980238
43.659521,-0.007482,-0.000910,0.010135,0.026705,0.002196,-0.009147,0.999599,-0.006789,0.002728,0.014102,-0.162356,0.007483,0.986704
43.676340,-0.007495,-0.001103,0.010109,0.026135,0.002275,-0.008664,0.999618,-0.006784,0.002793,0.014036,-0.155636,0.021334,0.987584
43.693241,-0.007442,-0.001130,0.010080,0.025973,0.002339,-0.008263,0.999626,-0.006747,0.002944,0.014015,-0.155587,0.012276,0.987746
43.709942,-0.007440,-0.001222,0.010108,0.026053,0.002399,-0.008196,0.999624,-0.006786,0.002955,0.013987,-0.147484,0.022122,0.988817
43.743139,-0.007426,-0.001321,0.010062,0.026829,0.002632,-0.008445,0.999601,-0.006749,0.003072,0.013952,-0.139997,0.019159,0.989967
43.776587,-0.007273,-0.001222,0.010101,0.027821,0.003114,-0.009141,0.999566,-0.006790,0.002950,0.013863,-0.145731,0.023579,0.989043
43.793460,-0.007172,-0.001327,0.010100,0.028041,0.003417,-0.009543,0.999555,-0.006713,0.003009,0.013869,-0.151766,0.010371,0.988362
43.826370,-0.007009,-0.001076,0.010114,0.028262,0.003968,-0.009691,0.999546,-0.006571,0.002825,0.013963,-0.148449,0.005295,0.988906
43.843490,-0.007059,-0.000906,0.010158,0.028092,0.004231,-0.009534,0.999551,-0.006529,0.002811,0.013969,-0.147293,0.005726,0.989076
43.860159,-0.006867,-0.000902,0.010160,0.027652,0.004379,-0.009368,0.999564,-0.006350,0.003190,0.014079,-0.111227,0.058425,0.992076
43.876928,-0.006971,-0.001006,0.010184,0.027077,0.004413,-0.009031,0.999583,-0.006409,0.002795,0.013957,-0.133041,0.016996,0.990965
43.910103,-0.006952,-0.001429,0.010195,0.026673,0.003965,-0.008423,0.999601,-0.006184,0.003348,0.013949,-0.100023,0.056083,0.993403
43.926914,-0.006920,-0.001444,0.010209,0.026884,0.003790,-0.008121,0.999598,-0.006137,0.003346,0.013963,-0.095664,0.057887,0.993729
43.943754,-0.006871,-0.001545,0.010182,0.027332,0.003664,-0.008059,0.999587,-0.006153,0.003307,0.014009,-0.091862,0.061854,0.993849
43.977128,-0.006795,-0.001469,0.010204,0.028561,0.003585,-0.008481,0.999550,-0.006236,0.003173,0.014077,-0.079986,0.059090,0.995043
44.010420,-0.006779,-0.001368,0.010142,0.028796,0.003508,-0.009035,0.999538,-0.006260,0.002682,0.014070,-0.107087,0.011099,0.994188
44.043874,-0.006726,-0.000979,0.010243,0.028538,0.004151,-0.009561,0.999538,-0.006246,0.002628,0.014044,-0.103213,0.003751,0.994652
44.060707,-0.006639,-0.000907,0.010227,0.028133,0.004593,-0.009614,0.999547,-0.006005,0.002991,0.013541,-0.094881,0.024280,0.995193
44.093886,-0.006564,-0.001201,0.010245,0.027017,0.005052,-0.009039,0.999581,-0.005857,0.003131,0.013579,-0.089414,0.026173,0.995651
44.127336,-0.006549,-0.001467,0.010140,0.026936,0.005403,-0.008634,0.999585,-0.006078,0.002881,0.014125,-0.083371,0.009457,0.996474
44.160743,-0.006487,-0.001642,0.010070,0.027783,0.005403,-0.008922,0.999560,-0.005949,0.003053,0.014092,-0.086017,-0.002361,0.996291
44.193950,-0.006478,-0.001644,0.009913,0.029017,0.005417,-0.009227,0.999522,-0.005978,0.002704,0.014078,-0.069073,0.015862,0.997486
44.227805,-0.006553,-0.001472,0.009872,0.029475,0.005483,-0.009412,0.999506,-0.005966,0.002484,0.014030,-0.061053,0.041291,0.997280
44.260723,-0.006442,-0.000959,0.009772,0.028955,0.005808,-0.009127,0.999522,-0.005969,0.002414,0.014040,-0.065175,0.038375,0.997136
44.277464,-0.006457,-0.000820,0.009819,0.028169,0.006084,-0.008938,0.999545,-0.005973,0.002376,0.013972,-0.058357,0.047270,0.997176
44.294286,-0.006447,-0.000860,0.009804,0.027213,0.006137,-0.008496,0.999575,-0.005958,0.002443,0.014081,-0.004857,-0.009184,0.999946
44.311063,-0.006529,-0.000955,0.009736,0.026398,0.006095,-0.008155,0.999600,-0.005944,0.002580,0.013828,-0.040759,0.040634,0.998342
44.344263,-0.006524,-0.001223,0.009682,0.026221,0.005882,-0.007844,0.999608,-0.005232,0.002757,0.013727,-0.044484,0.051915,0.997660
44.377896,-0.006537,-0.001285,0.009574,0.027118,0.005705,-0.008058,0.999584,-0.005315,0.002957,0.013656,-0.030681,0.044637,0.998532
44.394800,-0.006560,-0.001233,0.009661,0.027790,0.005724,-0.008186,0.999564,-0.005331,0.002941,0.013589,-0.030059,0.044473,0.998558
44.428006,-0.006524,-0.000993,0.009701,0.028520,0.006192,-0.008690,0.999536,-0.005403,0.002818,0.013555,-0.022889,0.036898,0.999057
44.461601,-0.006500,-0.000799,0.009761,0.028549,0.006889,-0.008823,0.999530,-0.005397,0.002800,0.013573,-0.020789,0.031962,0.999273
44.478280,-0.006536,-0.000599,0.009739,0.028407,0.007171,-0.008688,0.999533,-0.005456,0.002856,0.013557,-0.014190,0.034226,0.999313
44.511466,-0.006577,-0.000688,0.009922,0.027550,0.007683,-0.008032,0.999559,-0.005372,0.002939,0.013608,-0.008785,0.044026,0.998992
44.528461,-0.006694,-0.000791,0.009934,0.027222,0.007681,-0.007613,0.999571,-0.005314,0.003022,0.013618,-0.013834,0.044047,0.998934
44.561824,-0.006699,-0.001053,0.010018,0.027721,0.007375,-0.007213,0.999563,-0.005399,0.003174,0.013643,-0.006243,0.045609,0.998940
44.595143,-0.006717,-0.001164,0.009943,0.029015,0.007166,-0.007449,0.999526,-0.005474,0.003158,0.013903,0.037383,-0.014738,0.999192
44.628690,-0.006697,-0.000986,0.010012,0.029840,0.006816,-0.007554,0.999503,-0.005421,0.003036,0.013720,-0.006879,0.040234,0.999167
44.661681,-0.006732,-0.000742,0.010016,0.030052,0.006786,-0.007321,0.999499,-0.005439,0.002861,0.013810,-0.016049,0.054374,0.998392
44.678496,-0.006778,-0.000584,0.010029,0.029916,0.006820,-0.007288,0.999503,-0.005465,0.002807,0.013857,-0.004884,0.048836,0.998795
44.695225,-0.006763,-0.000440,0.010171,0.029528,0.006806,-0.007160,0.999515,-0.005460,0.002775,0.014116,0.029945,-0.016896,0.999409
44.728440,-0.006782,-0.000353,0.010426,0.028228,0.006585,-0.006626,0.999558,-0.005572,0.003007,0.013935,0.007160,0.051902,0.998627
44.745382,-0.006827,-0.000578,0.010466,0.027852,0.006442,-0.006494,0.999570,-0.005555,0.003111,0.014137,0.017635,0.020324,0.999638
44.778583,-0.006845,-0.000880,0.010478,0.028690,0.005952,-0.006373,0.999550,-0.005554,0.003424,0.014319,0.016445,0.017602,0.999710
44.795383,-0.006748,-0.001085,0.010569,0.029392,0.005902,-0.006712,0.999528,-0.005549,0.003458,0.014261,0.003205,0.032005,0.999483
44.812089,-0.006783,-0.001016,0.010607,0.030258,0.005892,-0.006933,0.999501,-0.005626,0.003443,0.014465,0.044604,-0.021733,0.998768
44.828771,-0.006778,-0.001017,0.010574,0.030679,0.005904,-0.007085,0.999487,-0.006194,0.003367,0.014634,0.011096,-0.012653,0.999858
44.862005,-0.006805,-0.000975,0.010632,0.031143,0.006023,-0.006917,0.999473,-0.006169,0.003065,0.014681,0.012422,-0.008304,0.999888
44.895917,-0.006940,-0.000696,0.010510,0.030945,0.006149,-0.006477,0.999481,-0.006157,0.002809,0.014611,-0.007646,0.023108,0.999704
44.928999,-0.007111,-0.000725,0.010589,0.029689,0.005735,-0.005878,0.999526,-0.005914,0.003193,0.014040,0.003492,0.041375,0.999138
44.962781,-0.007260,-0.000923,0.010453,0.028096,0.004826,-0.004959,0.999581,-0.006257,0.002898,0.014725,0.013071,-0.006271,0.999895
44.995924,-0.007337,-0.000988,0.010373,0.028029,0.003957,-0.004939,0.999587,-0.006357,0.003112,0.014651,0.012557,-0.012054,0.999849
45.012619,-0.007387,-0.001113,0.010330,0.028411,0.003751,-0.005052,0.999577,-0.006241,0.002921,0.014642,0.000700,0.001978,0.999998
45.045733,-0.007413,-0.000844,0.010126,0.029161,0.003769,-0.005032,0.999555,-0.006594,0.003059,0.014570,-0.023404,0.007502,0.999698
45.062731,-0.007476,-0.000807,0.010115,0.029334,0.003972,-0.004911,0.999550,-0.006604,0.003051,0.014436,-0.022405,0.003029,0.999744
45.096150,-0.007535,-0.000588,0.010098,0.029051,0.004354,-0.004586,0.999558,-0.006744,0.002962,0.014338,-0.022418,-0.000512,0.999749
45.129258,-0.007662,-0.000363,0.010141,0.028243,0.004368,-0.004404,0.999582,-0.006788,0.003001,0.014300,-0.022885,0.004356,0.999729
45.162672,-0.007880,-0.000489,0.010177,0.026925,0.003749,-0.003887,0.999623,-0.006871,0.003191,0.014222,-0.021911,0.000475,0.999760
45.195949,-0.007980,-0.000893,0.010229,0.027203,0.003151,-0.003747,0.999618,-0.007002,0.003389,0.014226,-0.021771,0.001707,0.999762
45.229378,-0.008113,-0.001140,0.010156,0.028329,0.003062,-0.003864,0.999587,-0.007158,0.003448,0.014316,-0.021528,-0.000769,0.999768
45.246136,-0.008145,-0.000953,0.010169,0.028863,0.003072,-0.003799,0.999571,-0.007232,0.003369,0.014323,-0.021002,0.000057,0.999780
45.263058,-0.008138,-0.000882,0.010124,0.029114,0.003178,-0.003664,0.999564,-0.007309,0.003234,0.014319,-0.022622,-0.002197,0.999742
45.296017,-0.008269,-0.000603,0.010094,0.029001,0.003476,-0.003252,0.999568,-0.007407,0.003020,0.014278,-0.027749,0.000804,0.999615
45.313104,-0.008319,-0.000346,0.010086,0.028594,0.003581,-0.003048,0.999580,-0.007427,0.002984,0.014275,0.013833,-0.003583,0.999898
45.329992,-0.008380,-0.000199,0.010120,0.028078,0.003566,-0.002916,0.999595,-0.007455,0.003022,0.014280,0.011111,-0.002338,0.999936
45.363336,-0.008463,-0.000287,0.010222,0.026760,0.003204,-0.002518,0.999634,-0.007583,0.003175,0.014209,0.014824,-0.000340,0.999890
45.396666,-0.008549,-0.000632,0.010248,0.026325,0.002752,-0.002346,0.999647,-0.007735,0.003430,0.014179,-0.025362,0.002777,0.999675
45.429790,-0.008575,-0.000760,0.010192,0.027078,0.002537,-0.002880,0.999626,-0.007903,0.003597,0.014231,-0.022528,-0.001847,0.999745
45.446565,-0.008523,-0.000733,0.010207,0.027688,0.002617,-0.003184,0.999608,-0.007915,0.003574,0.014255,-0.026671,0.002992,0.999640
45.463587,-0.008582,-0.000690,0.010266,0.028200,0.002804,-0.003209,0.999593,-0.007919,0.003570,0.014198,-0.028729,-0.000569,0.999587
45.480485,-0.008606,-0.000653,0.010254,0.028589,0.003085,-0.003138,0.999582,-0.007971,0.003459,0.014241,-0.025373,0.001451,0.999677
45.513383,-0.008717,-0.000546,0.010379,0.028631,0.003804,-0.002854,0.999579,-0.008136,0.003272,0.014377,-0.023437,-0.000135,0.999725
45.530388,-0.008701,-0.000343,0.010304,0.028457,0.003965,-0.002703,0.999584,-0.008136,0.003272,0.014377,-0.023437,-0.000135,0.999725
45.563799,-0.008868,-0.000371,0.010471,0.027403,0.003591,-0.002230,0.999616,-0.007900,0.003069,0.014381,0.004423,0.008336,0.999956
45.596879,-0.008948,-0.000686,0.010323,0.026577,0.002507,-0.002123,0.999641,-0.007915,0.003177,0.014444,-0.024010,-0.001645,0.999710
45.631015,-0.009020,-0.000901,0.010328,0.027385,0.001851,-0.002356,0.999621,-0.007941,0.003367,0.014349,-0.024744,-0.002206,0.999691
45.663634,-0.009012,-0.000857,0.010413,0.028261,0.002056,-0.002604,0.999595,-0.008154,0.003130,0.014393,-0.027562,-0.001106,0.999620
45.696752,-0.009089,-0.000668,0.010397,0.028362,0.002984,-0.002230,0.999591,-0.008268,0.002927,0.014392,-0.013367,0.002623,0.999907
45.713768,-0.009142,-0.000560,0.010427,0.028221,0.003265,-0.001988,0.999594,-0.008268,0.002927,0.014392,-0.013367,0.002623,0.999907
45.730502,-0.009121,-0.000380,0.010483,0.027982,0.003460,-0.001773,0.999601,-0.008286,0.002946,0.014403,-0.013755,0.004469,0.999895
45.764065,-0.009249,-0.000082,0.010684,0.027203,0.003343,-0.001483,0.999623,-0.008315,0.002932,0.014452,-0.010588,0.008323,0.999909
45.797051,-0.009409,-0.000200,0.010885,0.025998,0.002379,-0.001380,0.999658,-0.008349,0.003158,0.014526,-0.011428,0.004900,0.999923
45.814170,-0.009397,-0.000628,0.010909,0.025968,0.001943,-0.001520,0.999660,-0.008433,0.003421,0.014616,-0.011897,0.006911,0.999905
45.847369,-0.009429,-0.000876,0.011034,0.027263,0.001843,-0.002000,0.999625,-0.008570,0.003527,0.014758,-0.011802,0.006374,0.999910
45.880667,-0.009464,-0.000917,0.011126,0.028769,0.002429,-0.002235,0.999581,-0.008609,0.003439,0.014853,-0.012850,0.011112,0.999856
45.897551,-0.009388,-0.000863,0.011037,0.029198,0.002884,-0.002138,0.999567,-0.008681,0.003294,0.014876,-0.013688,0.009948,0.999857
45.930979,-0.009377,-0.000813,0.011103,0.029471,0.003619,-0.001716,0.999558,-0.008365,0.002684,0.015108,0.000868,0.024250,0.999706
45.964311,-0.009468,-0.000439,0.011118,0.028782,0.003487,-0.001558,0.999578,-0.008296,0.002579,0.015087,-0.003435,0.013221,0.999907
45.997678,-0.009526,-0.000432,0.011318,0.027516,0.002808,-0.001355,0.999617,-0.008263,0.002622,0.015267,0.001634,0.025095,0.999684
46.031024,-0.009533,-0.000938,0.011331,0.027172,0.002095,-0.001283,0.999628,-0.008282,0.002764,0.015343,0.004220,0.008725,0.999953
46.047705,-0.009453,-0.000959,0.011403,0.027565,0.002009,-0.001542,0.999617,-0.008306,0.002831,0.015412,0.002175,0.013134,0.999911
46.064563,-0.009410,-0.001033,0.011347,0.028053,0.002100,-0.001787,0.999603,-0.008311,0.002856,0.015467,0.000428,0.024698,0.999695
46.097873,-0.009272,-0.000807,0.011405,0.028814,0.002696,-0.002022,0.999579,-0.008322,0.002762,0.015527,0.000559,0.019636,0.999807
46.131001,-0.009143,-0.000679,0.011386,0.028876,0.003440,-0.002185,0.999575,-0.008376,0.002520,0.015571,0.002547,0.025471,0.999672
46.164528,-0.009141,-0.000408,0.011384,0.028456,0.003565,-0.001976,0.999587,-0.008182,0.002474,0.015641,0.003652,0.034201,0.999408
46.181251,-0.009146,-0.000309,0.011435,0.028006,0.003479,-0.002026,0.999600,-0.008182,0.002474,0.015641,0.003652,0.034201,0.999408
46.197951,-0.009127,-0.000334,0.011485,0.027418,0.003263,-0.002037,0.999617,-0.008774,0.002752,0.015560,0.029836,0.042669,0.998644
46.214639,-0.009152,-0.000377,0.011505,0.026767,0.002947,-0.002085,0.999635,-0.008797,0.002650,0.015633,0.038673,0.047584,0.998118
46.231321,-0.009064,-0.000762,0.011499,0.026305,0.002744,-0.002258,0.999648,-0.008664,0.002834,0.015664,0.013745,0.047534,0.998775
46.248029,-0.009075,-0.000935,0.011463,0.026530,0.002596,-0.002449,0.999642,-0.008648,0.002793,0.015693,0.014214,0.052095,0.998541
46.264857,-0.009097,-0.001101,0.011457,0.026869,0.002556,-0.002676,0.999632,-0.008706,0.002783,0.015706,0.016480,0.053756,0.998418
46.281680,-0.009092,-0.001248,0.011375,0.027566,0.002654,-0.002938,0.999612,-0.008706,0.002783,0.015706,0.016480,0.053756,0.998418
46.298425,-0.009125,-0.001226,0.011219,0.028199,0.002923,-0.003105,0.999593,-0.008766,0.002541,0.015756,0.020107,0.061749,0.997889
46.331364,-0.009093,-0.001018,0.010926,0.028443,0.003448,-0.002635,0.999586,-0.008784,0.002220,0.015749,0.016800,0.064052,0.997805
46.348140,-0.009163,-0.000837,0.010909,0.027925,0.003468,-0.002317,0.999601,-0.008825,0.002040,0.015455,0.026524,0.067587,0.997361
46.365167,-0.009150,-0.000627,0.010712,0.027197,0.003410,-0.002190,0.999622,-0.008840,0.001956,0.015400,0.025821,0.073414,0.996967
46.398382,-0.009277,-0.000329,0.010562,0.025580,0.002865,-0.002121,0.999667,-0.008772,0.001945,0.015307,0.021795,0.071439,0.997207
46.431765,-0.009272,-0.000351,0.010413,0.024206,0.002048,-0.001833,0.999703,-0.008862,0.002373,0.015044,0.042849,0.065051,0.996962
48.769311,-0.010156,-0.000410,0.011056,0.022868,-0.000624,-0.002738,0.999735,-0.009640,0.002553,0.015439,0.056468,0.076738,0.995451
48.786042,-0.010200,-0.000429,0.011077,0.023171,-0.001222,-0.003332,0.999725,-0.009767,0.002657,0.015436,0.062171,0.066326,0.995859
48.802809,-0.010089,-0.000477,0.011126,0.023283,-0.001534,-0.003936,0.999720,-0.009746,0.002872,0.015357,0.044326,0.077617,0.995997
48.835726,-0.009982,-0.000600,0.010960,0.023313,-0.000829,-0.004435,0.999718,-0.009792,0.002885,0.015325,0.055857,0.054774,0.996935
48.852715,-0.009873,-0.000736,0.010930,0.023671,-0.000157,-0.004239,0.999711,-0.009641,0.003223,0.015168,0.032221,0.051362,0.998160
48.869754,-0.009846,-0.000600,0.010972,0.023877,0.000796,-0.003811,0.999707,-0.009535,0.003165,0.015196,0.026484,0.046125,0.998585
48.903017,-0.009844,-0.000385,0.010882,0.023405,0.001996,-0.002848,0.999720,-0.008837,0.002636,0.015306,-0.009248,0.037948,0.999237
48.921657,-0.009896,-0.000536,0.010903,0.023113,0.001769,-0.002277,0.999729,-0.008778,0.002666,0.015239,-0.005158,0.029739,0.999544
48.953166,-0.010007,-0.000561,0.010827,0.022846,0.000688,-0.002369,0.999736,-0.008614,0.002823,0.015125,-0.016905,0.021866,0.999618
48.986569,-0.009892,-0.000603,0.010649,0.023308,-0.000787,-0.003825,0.999721,-0.008716,0.003087,0.015010,-0.003114,0.021353,0.999767
49.019927,-0.009754,-0.000866,0.010533,0.023811,-0.001192,-0.005016,0.999703,-0.008765,0.003119,0.014929,-0.010649,-0.014211,0.999842
49.036669,-0.009797,-0.000805,0.010409,0.024095,-0.000688,-0.005084,0.999697,-0.008727,0.003152,0.014875,-0.012494,-0.023350,0.999649
49.070028,-0.009702,-0.000981,0.010262,0.024696,0.000796,-0.004508,0.999685,-0.008870,0.003255,0.014725,0.000528,-0.015653,0.999877
49.103314,-0.009665,-0.000592,0.010195,0.024384,0.001805,-0.003405,0.999695,-0.008743,0.003157,0.014678,-0.002290,-0.024478,0.999698
49.136977,-0.009793,-0.000620,0.010194,0.023445,0.001429,-0.002634,0.999721,-0.008611,0.003232,0.014480,-0.001962,-0.041719,0.999127
49.170071,-0.009812,-0.000610,0.010214,0.023220,0.000014,-0.003147,0.999726,-0.008786,0.003584,0.014035,-0.008382,0.012073,0.999892
49.203425,-0.009607,-0.000614,0.010429,0.024104,-0.001269,-0.004601,0.999698,-0.008818,0.003543,0.013979,0.039791,-0.010222,0.999156
49.236734,-0.009419,-0.000824,0.010425,0.025546,-0.000714,-0.005914,0.999656,-0.008949,0.004083,0.013702,0.019352,-0.061821,0.997900
49.253566,-0.009353,-0.001056,0.010452,0.026434,0.000006,-0.006128,0.999632,-0.008927,0.004103,0.013783,0.016054,-0.065980,0.997692
49.270313,-0.009281,-0.001210,0.010551,0.027372,0.000673,-0.006006,0.999607,-0.008908,0.004032,0.013786,0.020370,-0.070113,0.997331
49.287019,-0.009275,-0.001224,0.010647,0.028398,0.001455,-0.005722,0.999579,-0.008757,0.003976,0.013946,0.010030,-0.065041,0.997832
49.320288,-0.009243,-0.001127,0.010830,0.029539,0.002516,-0.005070,0.999548,-0.008645,0.003703,0.014073,0.017414,-0.072408,0.997223
49.337242,-0.009264,-0.001325,0.010888,0.029713,0.002485,-0.004504,0.999545,-0.008532,0.003578,0.014106,0.010852,-0.075350,0.997098
49.353935,-0.009305,-0.001297,0.010961,0.029784,0.002127,-0.003980,0.999546,-0.008504,0.003545,0.014122,0.017568,-0.101071,0.994724
49.387322,-0.009362,-0.001478,0.011026,0.030109,0.000814,-0.004291,0.999537,-0.008510,0.003139,0.014212,0.025433,-0.084304,0.996115
49.420411,-0.009290,-0.001467,0.011218,0.030824,-0.000160,-0.005296,0.999511,-0.008480,0.003226,0.014445,0.013568,-0.125131,0.992047
49.453641,-0.009224,-0.001674,0.011381,0.031518,-0.000245,-0.006078,0.999485,-0.008511,0.003162,0.014679,0.007812,-0.132273,0.991183
49.470994,-0.009214,-0.001720,0.011437,0.031767,0.000108,-0.006082,0.999477,-0.008514,0.003128,0.014740,0.007436,-0.134120,0.990937
49.503985,-0.009273,-0.001761,0.011447,0.032482,0.000800,-0.005481,0.999457,-0.008523,0.003114,0.014885,0.007045,-0.145983,0.989262
49.520661,-0.009212,-0.001533,0.011526,0.032600,0.001009,-0.005323,0.999454,-0.008526,0.003068,0.014904,0.008908,-0.150904,0.988508
49.537683,-0.009236,-0.001515,0.011522,0.032526,0.001363,-0.005018,0.999457,-0.008456,0.003002,0.014949,0.005586,-0.153141,0.988189
49.570975,-0.009222,-0.001645,0.011451,0.032661,0.000897,-0.004388,0.999457,-0.008412,0.003152,0.014940,0.005398,-0.161015,0.986937
49.587791,-0.009263,-0.001776,0.011459,0.033037,0.000496,-0.004642,0.999443,-0.008334,0.003148,0.014980,0.006216,-0.160785,0.986970
49.620794,-0.009118,-0.001727,0.011349,0.033976,-0.000235,-0.005798,0.999406,-0.008259,0.003154,0.015004,0.006531,-0.169803,0.985457
49.637566,-0.009014,-0.001720,0.011237,0.034539,-0.000339,-0.006373,0.999383,-0.008314,0.003118,0.015031,0.009936,-0.174900,0.984536
49.671131,-0.008988,-0.001926,0.010927,0.035612,0.000112,-0.006870,0.999342,-0.008199,0.003110,0.014940,0.002854,-0.181100,0.983461
49.704354,-0.009022,-0.002134,0.010657,0.036678,0.000864,-0.006440,0.999306,-0.008197,0.003112,0.014733,0.005475,-0.195501,0.980688
49.721187,-0.009041,-0.001929,0.010628,0.036941,0.001232,-0.005770,0.999300,-0.008119,0.003049,0.014677,0.004427,-0.193907,0.981010
49.738093,-0.009076,-0.001796,0.010655,0.036863,0.001319,-0.005225,0.999306,-0.008101,0.002949,0.014595,0.003338,-0.196849,0.980428
49.771417,-0.009219,-0.001563,0.010615,0.036027,0.000934,-0.003976,0.999343,-0.007934,0.002686,0.014794,0.014011,-0.221187,0.975131
49.788088,-0.009311,-0.001725,0.010490,0.035443,0.000278,-0.003585,0.999365,-0.008155,0.003071,0.014277,0.004140,-0.224878,0.974378
49.804803,-0.009390,-0.001594,0.010476,0.035369,-0.000347,-0.003815,0.999367,-0.007973,0.002840,0.014705,0.006013,-0.245390,0.969406
49.838205,-0.009500,-0.001416,0.010314,0.035550,-0.001479,-0.004830,0.999355,-0.008257,0.003160,0.014181,-0.009286,-0.221200,0.975184
49.871226,-0.009450,-0.001322,0.010443,0.035436,-0.001585,-0.005513,0.999356,-0.008359,0.003248,0.014171,-0.017174,-0.223054,0.974655
49.888041,-0.009427,-0.001294,0.010390,0.035235,-0.001064,-0.005483,0.999364,-0.008549,0.003349,0.014211,-0.004038,-0.231331,0.972867
49.904872,-0.009496,-0.001354,0.010321,0.035103,-0.000363,-0.005195,0.999370,-0.008474,0.003336,0.014216,-0.015912,-0.226105,0.973973
49.921762,-0.009495,-0.001243,0.010307,0.034972,0.000328,-0.004766,0.999377,-0.008496,0.003482,0.014229,-0.020941,-0.230734,0.972792
49.954810,-0.009714,-0.001094,0.010376,0.034743,0.001397,-0.003774,0.999388,-0.008603,0.003513,0.014196,-0.013676,-0.231479,0.972744
49.988224,-0.009928,-0.001004,0.010491,0.034312,0.000673,-0.002748,0.999407,-0.008628,0.003620,0.014169,-0.014067,-0.238601,0.971016
50.021690,-0.010119,-0.001065,0.010609,0.034351,-0.000717,-0.002940,0.999405,-0.008748,0.003676,0.014181,-0.021669,-0.234795,0.971804
50.055029,-0.010182,-0.001021,0.010800,0.034753,-0.001835,-0.003943,0.999387,-0.009084,0.003715,0.014251,-0.006928,-0.239637,0.970838
50.088353,-0.010160,-0.000908,0.010989,0.034953,-0.001697,-0.004553,0.999377,-0.009256,0.003725,0.014351,-0.013305,-0.235908,0.971684
50.122031,-0.010151,-0.001022,0.011093,0.034555,-0.000578,-0.004196,0.999394,-0.009262,0.003807,0.014468,-0.024499,-0.229836,0.972921
50.155358,-0.010177,-0.000812,0.011286,0.034325,0.000667,-0.003509,0.999404,-0.009455,0.003823,0.014539,0.000669,-0.221379,0.975188
50.172026,-0.010232,-0.000941,0.011476,0.034158,0.000824,-0.003109,0.999411,-0.009414,0.003869,0.014552,-0.004010,-0.222760,0.974865
50.189025,-0.010331,-0.000937,0.011585,0.034098,0.000465,-0.002541,0.999415,-0.009373,0.003826,0.014689,-0.004790,-0.221710,0.975101
50.222220,-0.010364,-0.001155,0.011687,0.034217,-0.000925,-0.002461,0.999411,-0.009421,0.003908,0.014788,0.003627,-0.225764,0.974175
50.238940,-0.010340,-0.001152,0.011666,0.034416,-0.001428,-0.003003,0.999402,-0.009401,0.003894,0.014896,0.000099,-0.223106,0.974794
50.272373,-0.010182,-0.001015,0.011718,0.034976,-0.001799,-0.004368,0.999377,-0.009542,0.003859,0.014997,0.008139,-0.225148,0.974291
50.305429,-0.010026,-0.001142,0.011773,0.035139,-0.001060,-0.004739,0.999371,-0.009402,0.003753,0.015125,-0.003130,-0.213546,0.976928
50.322215,-0.009971,-0.001207,0.011793,0.035105,-0.000316,-0.004594,0.999373,-0.009513,0.003754,0.015100,0.013542,-0.212434,0.977082
50.355570,-0.009944,-0.001175,0.011700,0.034825,0.000900,-0.003641,0.999386,-0.009392,0.003750,0.015124,0.009256,-0.224739,0.974375
50.388999,-0.010106,-0.001124,0.011746,0.033769,0.000893,-0.002614,0.999426,-0.009021,0.003362,0.015519,0.010102,-0.227789,0.973658
50.405686,-0.010232,-0.001084,0.011632,0.033243,0.000223,-0.002269,0.999445,-0.008992,0.003452,0.015555,0.007324,-0.238849,0.971029
50.422779,-0.010228,-0.001178,0.011651,0.032913,-0.000618,-0.002183,0.999456,-0.009014,0.003361,0.015459,0.008366,-0.231546,0.972788
50.455907,-0.010268,-0.001068,0.011663,0.032885,-0.001970,-0.002943,0.999453,-0.009318,0.003659,0.015035,0.002756,-0.212069,0.977251
50.472757,-0.010217,-0.001069,0.011573,0.033051,-0.002415,-0.003478,0.999445,-0.009340,0.003671,0.015103,0.003176,-0.210543,0.977579
50.489772,-0.010166,-0.000971,0.011578,0.033272,-0.002461,-0.004007,0.999435,-0.009428,0.003666,0.015030,0.012340,-0.208794,0.977882
50.522777,-0.010043,-0.000992,0.011651,0.033211,-0.001661,-0.004420,0.999437,-0.009495,0.003825,0.014976,0.001670,-0.213770,0.976883
50.555971,-0.009928,-0.001104,0.011489,0.032726,-0.000150,-0.004079,0.999456,-0.009506,0.003929,0.014828,0.006161,-0.208185,0.978070
50.572882,-0.009933,-0.000976,0.011225,0.032593,0.000610,-0.003725,0.999462,-0.009289,0.003762,0.015352,0.016716,-0.232260,0.972510
50.606309,-0.010170,-0.000909,0.011168,0.032224,0.000860,-0.002855,0.999476,-0.009384,0.003993,0.014642,0.016245,-0.200760,0.979506
50.639507,-0.010347,-0.000987,0.011061,0.031694,-0.000490,-0.002404,0.999495,-0.009099,0.003750,0.015041,0.022919,-0.208163,0.977826
50.656520,-0.010335,-0.000842,0.011028,0.031666,-0.001291,-0.002776,0.999494,-0.009164,0.003757,0.014971,0.022424,-0.206482,0.978193
50.689709,-0.010443,-0.000617,0.010885,0.031768,-0.002310,-0.003813,0.999485,-0.009503,0.004050,0.014421,0.006664,-0.179499,0.983736
50.706671,-0.010405,-0.000498,0.010808,0.031710,-0.002309,-0.004190,0.999486,-0.009564,0.003953,0.014869,0.029704,-0.191671,0.981010
50.739852,-0.010302,-0.000500,0.010692,0.031015,-0.001540,-0.004487,0.999508,-0.009588,0.003976,0.014361,-0.007081,-0.122494,0.992444
50.773082,-0.010230,-0.000386,0.010594,0.029859,-0.000265,-0.003804,0.999547,-0.009698,0.003888,0.014600,-0.031172,-0.153008,0.987733
50.789975,-0.010279,-0.000255,0.010601,0.029319,0.000262,-0.003487,0.999564,-0.009645,0.003946,0.014526,-0.034222,-0.152182,0.987760
50.923447,-0.010132,-0.000017,0.009848,0.028383,-0.002027,-0.004996,0.999583,-0.009509,0.004236,0.013875,0.037896,-0.074155,0.996526
50.940332,-0.010092,-0.000095,0.009754,0.028321,-0.001704,-0.005074,0.999585,-0.009487,0.004318,0.013487,0.003983,-0.055615,0.998444
50.973476,-0.010044,-0.000200,0.009495,0.027937,-0.000574,-0.004670,0.999599,-0.009244,0.004132,0.013671,0.005972,-0.061608,0.998083
51.006977,-0.010063,-0.000097,0.009449,0.027236,0.000446,-0.003770,0.999622,-0.009164,0.004048,0.013513,0.007606,-0.052719,0.998580
51.023812,-0.010072,-0.000025,0.009450,0.026605,0.000505,-0.003340,0.999640,-0.009115,0.004007,0.013492,0.008347,-0.046073,0.998903
51.057094,-0.010128,0.000011,0.009400,0.025525,-0.000188,-0.003067,0.999669,-0.009123,0.004058,0.013358,0.006894,-0.038833,0.999222
51.073962,-0.010109,0.000051,0.009396,0.025370,-0.000767,-0.003306,0.999672,-0.009123,0.004086,0.013312,0.009516,-0.029437,0.999521
51.107268,-0.010086,0.000161,0.009264,0.025322,-0.001557,-0.004493,0.999668,-0.009121,0.004154,0.013240,0.007895,-0.021817,0.999731
51.140524,-0.009881,0.000366,0.009220,0.025340,-0.001259,-0.005559,0.999663,-0.009312,0.004183,0.013454,-0.014056,-0.031680,0.999399
51.224065,-0.009527,0.000225,0.009161,0.023657,0.002420,-0.005047,0.999705,-0.009163,0.004278,0.013369,-0.061409,-0.043408,0.997168
51.240919,-0.009469,0.000213,0.009174,0.023489,0.002497,-0.004774,0.999710,-0.009015,0.004349,0.013325,-0.065435,-0.035399,0.997229
51.273925,-0.009427,0.000223,0.009211,0.023130,0.001906,-0.004723,0.999720,-0.008833,0.004274,0.013313,-0.065264,-0.021038,0.997646
51.290794,-0.009350,0.000227,0.009164,0.023166,0.001499,-0.005057,0.999718,-0.008815,0.004224,0.013332,-0.059800,-0.005471,0.998195
51.307815,-0.009325,0.000227,0.009202,0.023286,0.001050,-0.005619,0.999713,-0.008932,0.004079,0.013393,0.016552,0.000408,0.999863
51.341192,-0.009182,0.000477,0.009087,0.023684,0.000707,-0.006816,0.999696,-0.009002,0.003945,0.013477,0.023444,0.016336,0.999592
51.374546,-0.008964,0.000697,0.009050,0.023397,0.001246,-0.006984,0.999701,-0.008869,0.003779,0.013386,0.010086,0.030304,0.999490
51.391276,-0.008889,0.000729,0.009054,0.022966,0.001816,-0.006781,0.999712,-0.008785,0.003852,0.013370,0.026675,0.045233,0.998620
51.424319,-0.008888,0.000774,0.009021,0.022112,0.002729,-0.006075,0.999733,-0.008702,0.003869,0.013330,0.036549,0.064577,0.997243
51.457753,-0.008926,0.000845,0.008861,0.021260,0.002593,-0.005460,0.999756,-0.008488,0.004020,0.013252,0.034359,0.071321,0.996862
51.491214,-0.008898,0.000754,0.008804,0.020858,0.001468,-0.005386,0.999767,-0.008604,0.003984,0.013162,0.043126,0.084785,0.995466
51.524691,-0.008801,0.000722,0.008539,0.020935,0.000231,-0.006398,0.999760,-0.008416,0.003868,0.013026,0.170586,0.079752,0.982110
53.210786,-0.008823,0.000499,0.008126,0.019899,-0.000014,-0.005406,0.999787,-0.006833,0.004072,0.012250,-0.007290,0.150508,0.988582
53.261001,-0.008726,0.000674,0.007985,0.020822,0.001116,-0.006335,0.999763,-0.007263,0.004073,0.012053,0.010778,0.120737,0.992626
53.310996,-0.008749,0.000771,0.008043,0.020686,0.002449,-0.005714,0.999767,-0.008416,0.004100,0.012119,0.022591,0.068352,0.997406
53.327879,-0.008882,0.000591,0.008072,0.020393,0.002487,-0.005333,0.999775,-0.008430,0.004253,0.012047,0.028565,0.064126,0.997533
53.344652,-0.009009,0.000343,0.008058,0.020447,0.002204,-0.004889,0.999777,-0.008270,0.004354,0.012029,0.023206,0.056093,0.998156
53.361406,-0.009045,0.000376,0.008142,0.020650,0.001657,-0.004570,0.999775,-0.008261,0.004388,0.012045,0.170170,0.044964,0.984388
53.395197,-0.009201,0.000257,0.008234,0.021766,0.000495,-0.004588,0.999753,-0.008289,0.004655,0.012053,0.027534,0.041466,0.998761
53.428221,-0.009202,0.000162,0.008223,0.023453,-0.000447,-0.004767,0.999714,-0.008360,0.004645,0.012141,-0.128787,0.034555,0.991070
53.461699,-0.009088,0.000135,0.008377,0.024594,-0.000363,-0.005259,0.999684,-0.008479,0.004512,0.012174,-0.132935,0.017619,0.990968
53.495312,-0.008941,0.000331,0.008632,0.025311,0.000379,-0.005287,0.999666,-0.008474,0.004356,0.012300,-0.132820,0.008455,0.991104
53.528373,-0.008927,0.000154,0.008875,0.025185,0.001204,-0.005233,0.999668,-0.008193,0.004738,0.011998,-0.015867,-0.010575,0.999818
53.545078,-0.008913,-0.000171,0.008889,0.025155,0.001281,-0.004871,0.999671,-0.008147,0.004758,0.012050,-0.004498,0.000027,0.999990
53.561784,-0.009078,-0.000403,0.008994,0.025516,0.001284,-0.004607,0.999663,-0.008205,0.004693,0.012150,0.011475,0.005475,0.999919
53.595073,-0.009211,-0.000782,0.009228,0.027156,0.000892,-0.004705,0.999620,-0.008106,0.004686,0.012322,0.018867,-0.033880,0.999248
53.611811,-0.009218,-0.001013,0.009271,0.028172,0.000654,-0.004926,0.999591,-0.008106,0.004466,0.012402,0.019820,-0.026610,0.999449
53.628724,-0.009270,-0.001192,0.009404,0.029312,0.000369,-0.005135,0.999557,-0.008139,0.004151,0.012626,0.017198,-0.018905,0.999673
53.661902,-0.009249,-0.001330,0.009509,0.031241,0.000147,-0.005535,0.999497,-0.008273,0.003820,0.012915,0.021005,-0.044316,0.998797
53.695315,-0.009410,-0.001432,0.009470,0.032968,0.000102,-0.005664,0.999440,-0.008266,0.003334,0.013037,0.020197,-0.049113,0.998589
53.728500,-0.009445,-0.001315,0.009744,0.033140,-0.000115,-0.005145,0.999438,-0.008320,0.003094,0.013163,0.019486,-0.062370,0.997863
53.745536,-0.009459,-0.001433,0.009834,0.032661,-0.000147,-0.004876,0.999455,-0.008525,0.003190,0.012854,0.010802,-0.055671,0.998391
53.762221,-0.009491,-0.001649,0.010040,0.032416,-0.000199,-0.004434,0.999465,-0.008542,0.003182,0.012960,0.010380,-0.064238,0.997881
53.795811,-0.009558,-0.001888,0.010181,0.032868,-0.000308,-0.003965,0.999452,-0.008661,0.003155,0.013197,0.013556,-0.071911,0.997319
53.829458,-0.009541,-0.002116,0.010215,0.034511,-0.000369,-0.004306,0.999395,-0.008757,0.003093,0.013404,0.012732,-0.078375,0.996843
53.862369,-0.009424,-0.002134,0.010462,0.036060,-0.000384,-0.004879,0.999338,-0.008677,0.002812,0.013670,0.004343,-0.081130,0.996694
53.895859,-0.009433,-0.002202,0.010661,0.037260,0.000378,-0.005371,0.999291,-0.008667,0.002587,0.013843,0.005760,-0.089485,0.995972
53.912566,-0.009374,-0.002152,0.010757,0.037727,0.000836,-0.005414,0.999273,-0.008634,0.002498,0.013894,0.005845,-0.091500,0.995788
53.945923,-0.009397,-0.002388,0.010877,0.038311,0.001507,-0.005103,0.999252,-0.008598,0.002439,0.014099,0.000962,-0.103471,0.994632
53.962773,-0.009436,-0.002624,0.010989,0.038478,0.001509,-0.004743,0.999247,-0.008703,0.002449,0.014032,0.013361,-0.110434,0.993794
53.995553,-0.009682,-0.003149,0.011148,0.039360,0.001013,-0.004013,0.999217,-0.008656,0.002421,0.014170,0.014484,-0.140562,0.989966
54.012494,-0.009742,-0.003202,0.011234,0.040176,0.000621,-0.003953,0.999185,-0.008598,0.002282,0.014302,0.005557,-0.138707,0.990318
54.046185,-0.009888,-0.003431,0.011335,0.041916,-0.000336,-0.004074,0.999113,-0.008782,0.002016,0.014522,0.011374,-0.147770,0.988956
54.079252,-0.009967,-0.003304,0.011286,0.043110,-0.000541,-0.004370,0.999061,-0.008997,0.001733,0.014727,0.016891,-0.160429,0.986903
54.096322,-0.010117,-0.003500,0.011239,0.043381,-0.000386,-0.004313,0.999049,-0.009058,0.001597,0.014724,0.013086,-0.161963,0.986710
54.129540,-0.010182,-0.003193,0.011378,0.043556,-0.000429,-0.004068,0.999043,-0.009186,0.001291,0.014816,0.009781,-0.166793,0.985943
54.146405,-0.010199,-0.003164,0.011450,0.043097,-0.000271,-0.003861,0.999063,-0.009250,0.001200,0.014838,0.010572,-0.163787,0.986439
54.179661,-0.010320,-0.003218,0.011534,0.041473,-0.000152,-0.003158,0.999135,-0.009366,0.001263,0.014938,0.013155,-0.178267,0.983894
54.212767,-0.010418,-0.003339,0.011601,0.040706,-0.000264,-0.002973,0.999167,-0.009413,0.001370,0.014966,0.004413,-0.183226,0.983061
54.229717,-0.010436,-0.003381,0.011655,0.040778,-0.000305,-0.003263,0.999163,-0.009525,0.001451,0.015048,0.006734,-0.184356,0.982837
54.262748,-0.010486,-0.003548,0.011721,0.041512,-0.000688,-0.003632,0.999131,-0.009593,0.001488,0.015190,0.004273,-0.194243,0.980944
54.296246,-0.010510,-0.003391,0.011811,0.042014,-0.000604,-0.004073,0.999109,-0.009685,0.001354,0.015316,0.006920,-0.194452,0.980888
54.312921,-0.010476,-0.003299,0.011825,0.042015,-0.000292,-0.004158,0.999108,-0.009668,0.001339,0.015337,0.004070,-0.202076,0.979361
54.329705,-0.010499,-0.003170,0.011872,0.041829,0.000028,-0.004051,0.999117,-0.009727,0.001252,0.015486,0.007422,-0.199163,0.979938
54.346539,-0.010546,-0.002949,0.011895,0.041458,0.000302,-0.003847,0.999133,-0.009727,0.001252,0.015486,0.007422,-0.199163,0.979938
54.379874,-0.010698,-0.002985,0.011975,0.040172,0.000286,-0.003157,0.999188,-0.009748,0.001344,0.015533,0.008128,-0.204226,0.978890
54.396599,-0.010736,-0.003193,0.011993,0.039663,0.000045,-0.002802,0.999209,-0.009762,0.001448,0.015563,0.008019,-0.205928,0.978534
54.429877,-0.010915,-0.003320,0.011944,0.039653,-0.000952,-0.002376,0.999210,-0.009761,0.001622,0.015567,0.004927,-0.210914,0.977492
54.446752,-0.010898,-0.003394,0.011935,0.039910,-0.001311,-0.002622,0.999199,-0.009825,0.001635,0.015546,0.006433,-0.208566,0.977987
54.480134,-0.010999,-0.003429,0.011877,0.040650,-0.001738,-0.002972,0.999168,-0.010110,0.001496,0.015563,0.009385,-0.211468,0.977340
54.496864,-0.011005,-0.003449,0.011804,0.040867,-0.001530,-0.003119,0.999159,-0.010071,0.001289,0.015893,0.020565,-0.226799,0.973724
54.529971,-0.010958,-0.003280,0.011800,0.041057,-0.000840,-0.002900,0.999152,-0.010143,0.001166,0.015825,0.021079,-0.229396,0.973105
54.563215,-0.010928,-0.002946,0.011974,0.040616,-0.000172,-0.002624,0.999171,-0.010121,0.001132,0.015816,0.022149,-0.223086,0.974547
54.580243,-0.010925,-0.002954,0.012083,0.039863,-0.000034,-0.002379,0.999202,-0.010197,0.001412,0.015525,0.009041,-0.209088,0.977855
54.596910,-0.011040,-0.003000,0.012215,0.039131,-0.000123,-0.002174,0.999232,-0.010134,0.001534,0.015555,0.001368,-0.214336,0.976759
54.630447,-0.011126,-0.003374,0.012306,0.038812,-0.000766,-0.001941,0.999244,-0.010208,0.001694,0.015689,0.008011,-0.212436,0.977142
54.647228,-0.011148,-0.003392,0.012350,0.039143,-0.001157,-0.002054,0.999231,-0.010272,0.001733,0.015821,0.009400,-0.213067,0.976992
54.680575,-0.011138,-0.003526,0.012309,0.040223,-0.001626,-0.002635,0.999186,-0.010269,0.001621,0.015865,0.002820,-0.209215,0.977866
54.697275,-0.011034,-0.003483,0.012298,0.040730,-0.001593,-0.002820,0.999165,-0.010362,0.001563,0.015911,0.011379,-0.213478,0.976882
54.730399,-0.010994,-0.003311,0.012272,0.041139,-0.000819,-0.003006,0.999149,-0.010342,0.001440,0.015911,0.010297,-0.210906,0.977452
54.763930,-0.010971,-0.002830,0.012223,0.040716,-0.000147,-0.002683,0.999167,-0.010306,0.001366,0.015917,0.008732,-0.212293,0.977167
54.797429,-0.011005,-0.002804,0.012244,0.039391,0.000001,-0.002208,0.999221,-0.010254,0.001536,0.015806,0.010436,-0.209329,0.977790
55.097999,-0.010578,-0.002580,0.011122,0.038489,-0.001189,-0.003342,0.999253,-0.009611,0.002786,0.014783,-0.011079,-0.229000,0.973363
55.131466,-0.010486,-0.002214,0.011119,0.038921,-0.001121,-0.003454,0.999236,-0.009641,0.002666,0.014795,-0.012383,-0.232085,0.972617
55.164981,-0.010388,-0.001944,0.010960,0.038466,-0.000465,-0.003310,0.999254,-0.009571,0.002481,0.015064,-0.049869,-0.264403,0.963122
55.181729,-0.010380,-0.001643,0.010909,0.038023,-0.000152,-0.003231,0.999272,-0.010009,0.002147,0.015049,-0.007048,-0.205239,0.978687
55.214987,-0.010380,-0.001484,0.010974,0.036575,0.000053,-0.003026,0.999326,-0.010071,0.002319,0.014969,0.000405,-0.200329,0.979729
55.247766,-0.010367,-0.001607,0.011059,0.035298,-0.000453,-0.002784,0.999373,-0.009634,0.003103,0.014527,0.007697,-0.197942,0.980184
55.264750,-0.010324,-0.001839,0.011074,0.035259,-0.000765,-0.002889,0.999374,-0.009470,0.003080,0.014943,0.024063,-0.210618,0.977272
55.281509,-0.010257,-0.001739,0.011101,0.035493,-0.000981,-0.003098,0.999365,-0.009280,0.002984,0.014982,0.012308,-0.180114,0.983569
55.298311,-0.010230,-0.001839,0.011109,0.035857,-0.000996,-0.003489,0.999350,-0.009334,0.003096,0.015043,0.018210,-0.196441,0.980347
55.331515,-0.010092,-0.001643,0.010995,0.036731,-0.000681,-0.004100,0.999317,-0.009428,0.003135,0.014682,0.009536,-0.154653,0.987923
55.348215,-0.010059,-0.001576,0.011033,0.036957,-0.000311,-0.004249,0.999308,-0.009449,0.003077,0.014467,0.009610,-0.151019,0.988484
55.365206,-0.010048,-0.001465,0.010872,0.036871,0.000137,-0.004236,0.999311,-0.009409,0.002946,0.014791,0.035793,-0.172284,0.984397
55.398682,-0.010032,-0.001040,0.010880,0.036368,0.000739,-0.004005,0.999330,-0.009382,0.003004,0.014729,0.044159,-0.172038,0.984100
55.431944,-0.010084,-0.000951,0.011037,0.034863,0.000640,-0.003780,0.999385,-0.009241,0.002735,0.015151,0.001432,-0.181501,0.983390
55.448654,-0.010142,-0.000914,0.011076,0.034013,0.000259,-0.003556,0.999415,-0.009414,0.003055,0.014811,-0.003251,-0.158432,0.987365
55.481636,-0.010167,-0.001127,0.010990,0.033260,-0.000446,-0.003425,0.999441,-0.009294,0.003640,0.014419,0.017957,-0.130412,0.991297
55.498683,-0.010204,-0.000939,0.010986,0.033313,-0.000646,-0.003459,0.999439,-0.009346,0.003663,0.014461,0.021482,-0.125119,0.991909
55.515503,-0.010214,-0.001033,0.010919,0.033645,-0.000721,-0.003646,0.999427,-0.009446,0.003752,0.014554,0.019184,-0.122078,0.992335
55.549126,-0.010193,-0.000767,0.010932,0.033927,-0.000582,-0.003993,0.999416,-0.009469,0.003731,0.014481,-0.005115,-0.116076,0.993227
55.582397,-0.010073,-0.000489,0.010837,0.033312,0.000066,-0.004140,0.999436,-0.009479,0.003635,0.014425,-0.002302,-0.106359,0.994325
55.599227,-0.010026,-0.000233,0.010673,0.032756,0.000420,-0.004312,0.999454,-0.009436,0.003687,0.014361,-0.003061,-0.101988,0.994781
55.632469,-0.010012,0.000016,0.010606,0.031178,0.000745,-0.004388,0.999504,-0.009312,0.003868,0.014226,-0.005348,-0.099730,0.995000
55.649224,-0.010013,-0.000094,0.010595,0.030178,0.000693,-0.004335,0.999535,-0.009383,0.003860,0.014151,0.007699,-0.076102,0.997070
55.666138,-0.010022,-0.000010,0.010390,0.029230,0.000534,-0.004302,0.999563,-0.009365,0.004032,0.014127,0.010107,-0.074176,0.997194
55.699106,-0.010008,-0.000283,0.010159,0.028615,0.000232,-0.004601,0.999580,-0.009219,0.004351,0.013936,-0.004286,-0.083361,0.996510
55.715984,-0.009920,-0.000362,0.010054,0.028641,0.000233,-0.004929,0.999578,-0.009240,0.004428,0.013864,-0.003098,-0.085462,0.996337
55.732682,-0.009972,-0.000422,0.009883,0.029009,0.000402,-0.005243,0.999565,-0.009218,0.004405,0.013802,-0.002115,-0.078551,0.996908
55.750930,-0.009944,-0.000234,0.009834,0.029389,0.000490,-0.005430,0.999553,-0.009326,0.004255,0.013703,0.008193,-0.057425,0.998316
55.782632,-0.009902,-0.000071,0.009612,0.029552,0.000911,-0.005476,0.999548,-0.009349,0.003958,0.013916,-0.021786,-0.102371,0.994508
55.799560,-0.009967,0.000064,0.009628,0.029198,0.001036,-0.005128,0.999560,-0.009297,0.003958,0.013805,-0.024201,-0.098285,0.994864
55.832697,-0.009995,0.000498,0.009497,0.027695,0.001020,-0.004968,0.999604,-0.008955,0.004085,0.013575,0.007233,-0.071214,0.997435
55.849666,-0.010083,0.000462,0.009498,0.026581,0.000835,-0.004800,0.999635,-0.008957,0.004117,0.013408,0.018354,-0.066781,0.997599
55.866350,-0.010038,0.000487,0.009571,0.025651,0.000410,-0.004631,0.999660,-0.008992,0.004296,0.013343,0.020978,-0.062722,0.997811
55.899522,-0.009988,0.000118,0.009413,0.024337,-0.000100,-0.004674,0.999693,-0.008978,0.004598,0.013297,0.022589,-0.058040,0.998059
55.916465,-0.009931,0.000205,0.009389,0.024447,-0.000248,-0.004858,0.999689,-0.008970,0.004616,0.013218,0.023530,-0.046711,0.998631
55.950191,-0.009876,0.000168,0.009413,0.024917,-0.000092,-0.005299,0.999676,-0.008969,0.004608,0.013222,0.020007,-0.045501,0.998764
55.982926,-0.009786,0.000375,0.009386,0.024894,0.000577,-0.005615,0.999674,-0.009173,0.004500,0.013209,0.061082,-0.040904,0.997294
55.999912,-0.009833,0.000415,0.009411,0.024688,0.000897,-0.005535,0.999679,-0.009142,0.004570,0.013166,0.062945,-0.041228,0.997165
56.033017,-0.009935,0.000689,0.009479,0.023970,0.001356,-0.005475,0.999697,-0.009144,0.004435,0.013126,0.063421,-0.028364,0.997584
56.066602,-0.010004,0.000750,0.009543,0.022697,0.001048,-0.005268,0.999728,-0.009044,0.004507,0.013141,0.047708,-0.010962,0.998801
56.099973,-0.010066,0.000328,0.009626,0.021668,0.000323,-0.005090,0.999752,-0.008829,0.004953,0.013024,0.014999,-0.030986,0.999407
56.116786,-0.010123,0.000176,0.009595,0.022057,0.000079,-0.005124,0.999744,-0.009030,0.004602,0.013449,0.074219,-0.031754,0.996736
56.150383,-0.010120,-0.000027,0.009713,0.023211,-0.000002,-0.005496,0.999716,-0.008957,0.004823,0.013174,0.017627,-0.014581,0.999738
56.183345,-0.010151,0.000113,0.009763,0.024379,0.000443,-0.005418,0.999688,-0.009089,0.004642,0.013229,0.019964,-0.013776,0.999706
56.216604,-0.010213,0.000087,0.009748,0.024840,0.001029,-0.004970,0.999679,-0.009368,0.004381,0.013243,0.058055,0.004026,0.998305
56.233457,-0.010298,0.000172,0.009580,0.024695,0.001103,-0.004837,0.999683,-0.009397,0.004330,0.013266,0.061618,0.005100,0.998087
56.250283,-0.010388,0.000385,0.009643,0.024372,0.001033,-0.004861,0.999691,-0.009079,0.003904,0.013541,-0.003796,-0.031317,0.999502
56.283304,-0.010398,0.000410,0.009753,0.022967,0.000155,-0.004774,0.999725,-0.009108,0.003944,0.013507,-0.004294,-0.023248,0.999721
56.300166,-0.010398,0.000384,0.009716,0.022349,-0.000147,-0.005021,0.999738,-0.009142,0.004019,0.013584,-0.003479,-0.021588,0.999761
56.316887,-0.010439,-0.000101,0.009667,0.022260,-0.000361,-0.005173,0.999739,-0.009176,0.004192,0.013572,-0.010077,-0.041146,0.999102
56.333634,-0.010428,-0.000080,0.009536,0.022783,-0.000483,-0.005214,0.999727,-0.009216,0.004254,0.013635,-0.008155,-0.040492,0.999147
56.366670,-0.010373,-0.000407,0.009392,0.024229,-0.000113,-0.005660,0.999690,-0.009310,0.004177,0.013612,-0.004214,-0.038047,0.999267
56.383529,-0.010380,-0.000326,0.009336,0.024880,0.000356,-0.005825,0.999673,-0.009342,0.004053,0.013549,-0.006662,-0.033500,0.999417
56.400505,-0.010285,-0.000258,0.009276,0.025250,0.000884,-0.005780,0.999664,-0.009338,0.003915,0.013536,-0.004119,-0.029657,0.999552
56.433356,-0.010359,-0.000248,0.009096,0.025464,0.001501,-0.005392,0.999660,-0.009365,0.003553,0.013491,0.004330,-0.020710,0.999776
56.450112,-0.010436,-0.000034,0.009031,0.025462,0.001591,-0.005226,0.999661,-0.009295,0.003508,0.013434,0.001144,-0.018888,0.999821
56.466964,-0.010427,0.000264,0.008913,0.025262,0.001328,-0.005184,0.999667,-0.009266,0.003497,0.013386,-0.002466,-0.017918,0.999836
56.483693,-0.010544,0.000207,0.008918,0.024621,0.000827,-0.005004,0.999684,-0.009145,0.003611,0.013252,-0.002784,-0.017741,0.999839
56.500602,-0.010560,0.000349,0.009034,0.023811,0.000048,-0.004540,0.999706,-0.009189,0.003661,0.013197,-0.002308,-0.013669,0.999904
56.533826,-0.010623,-0.000044,0.008950,0.022934,-0.000989,-0.004667,0.999726,-0.009329,0.003845,0.013192,0.001602,-0.010554,0.999943
56.567420,-0.010542,-0.000259,0.008945,0.023590,-0.001162,-0.005033,0.999708,-0.009480,0.003894,0.013177,0.003910,-0.005265,0.999979
56.600707,-0.010450,-0.000153,0.008939,0.024796,-0.000269,-0.005138,0.999679,-0.009565,0.003799,0.013172,0.000707,-0.003974,0.999992
56.634032,-0.010287,-0.000019,0.009066,0.025188,0.000802,-0.004890,0.999670,-0.009557,0.003640,0.013117,0.000584,-0.001206,0.999999
56.667494,-0.010268,0.000360,0.009147,0.024747,0.001219,-0.004781,0.999682,-0.009393,0.003546,0.013210,-0.001860,0.002947,0.999994
56.700937,-0.010294,0.000467,0.009296,0.023820,0.000781,-0.004937,0.999704,-0.009290,0.003692,0.013256,-0.002810,0.000594,0.999996
56.734314,-0.010366,0.000198,0.009394,0.023070,-0.000218,-0.005088,0.999721,-0.009225,0.003936,0.013278,-0.006315,-0.000448,0.999980
56.768018,-0.010290,-0.000091,0.009451,0.024087,-0.000468,-0.005642,0.999694,-0.009285,0.004125,0.013371,-0.004106,-0.000242,0.999992
56.800893,-0.010208,-0.000107,0.009408,0.025598,0.000157,-0.005933,0.999655,-0.009302,0.004018,0.013482,-0.003082,-0.000710,0.999995
56.834588,-0.010189,0.000085,0.009527,0.026078,0.001071,-0.005370,0.999645,-0.009254,0.003808,0.013498,-0.006155,0.001388,0.999980
56.867892,-0.010297,0.000327,0.009551,0.025803,0.001328,-0.004562,0.999656,-0.009135,0.003699,0.013576,-0.008995,-0.001196,0.999959
56.884643,-0.010400,0.000464,0.009619,0.025489,0.001030,-0.004269,0.999666,-0.009122,0.003662,0.013549,-0.004059,0.002191,0.999989
56.901356,-0.010349,0.000610,0.009648,0.025013,0.000414,-0.004141,0.999678,-0.009034,0.003569,0.013627,-0.004847,0.017913,0.999828
56.918249,-0.010421,0.000682,0.009772,0.024474,-0.000288,-0.004085,0.999692,-0.008977,0.003651,0.013573,-0.005374,0.019619,0.999793
56.951692,-0.010342,0.000348,0.009890,0.023711,-0.001411,-0.004299,0.999709,-0.009042,0.003908,0.013650,-0.011121,0.000889,0.999938
56.985283,-0.010155,0.000093,0.009890,0.024785,-0.001345,-0.005217,0.999678,-0.009105,0.004112,0.013716,-0.009515,-0.001629,0.999953
57.018359,-0.010016,0.000011,0.009881,0.026414,-0.000113,-0.005396,0.999637,-0.009161,0.003951,0.013830,-0.005386,0.006948,0.999961
57.051775,-0.009991,0.000208,0.010016,0.027091,0.001243,-0.004888,0.999620,-0.009060,0.003770,0.013979,-0.007402,0.002796,0.999969
57.085034,-0.009978,0.000409,0.010163,0.026841,0.001627,-0.004517,0.999628,-0.008856,0.003616,0.014128,-0.011254,0.000879,0.999936
57.101766,-0.010087,0.000592,0.010331,0.026483,0.001329,-0.004369,0.999639,-0.008810,0.003617,0.014188,-0.011136,-0.002546,0.999935
57.118476,-0.010180,0.000577,0.010414,0.025920,0.000687,-0.004335,0.999654,-0.008772,0.003680,0.014311,-0.014518,-0.002186,0.999892
57.135219,-0.010271,0.000589,0.010491,0.025455,-0.000007,-0.004307,0.999667,-0.008802,0.003733,0.014386,-0.012031,-0.002822,0.999924
57.152254,-0.010321,0.000385,0.010590,0.025160,-0.000738,-0.004514,0.999673,-0.008858,0.003802,0.014452,-0.008061,-0.000839,0.999967
57.185133,-0.010347,0.000072,0.010685,0.025733,-0.001420,-0.004727,0.999657,-0.009038,0.003952,0.014638,-0.008986,0.000354,0.999960
57.218459,-0.010468,-0.000124,0.010654,0.026865,-0.000768,-0.004973,0.999627,-0.009298,0.003802,0.014737,-0.006249,-0.001466,0.999979
57.251784,-0.010521,0.000011,0.010770,0.027228,0.000489,-0.004595,0.999619,-0.009403,0.003561,0.014828,-0.005524,-0.001290,0.999984
57.285268,-0.010609,0.000244,0.010723,0.026965,0.001153,-0.003789,0.999629,-0.009341,0.003441,0.014870,-0.010065,0.001899,0.999948
57.318694,-0.010785,0.000482,0.010775,0.025956,0.000525,-0.003384,0.999657,-0.009332,0.003414,0.014848,-0.010042,0.002610,0.999946
57.335414,-0.010837,0.000516,0.010801,0.025344,-0.000062,-0.003373,0.999673,-0.009359,0.003497,0.014862,-0.011364,0.001539,0.999934
57.352287,-0.010860,0.000403,0.010847,0.024709,-0.000665,-0.003401,0.999689,-0.009377,0.003582,0.014823,-0.014435,0.002965,0.999891
57.385511,-0.010893,-0.000038,0.010791,0.024770,-0.001286,-0.003915,0.999685,-0.009587,0.003783,0.014827,-0.010463,0.000217,0.999945
57.402482,-0.010936,-0.000161,0.010732,0.025280,-0.001253,-0.004165,0.999671,-0.009645,0.003846,0.014862,-0.009145,-0.004203,0.999949
57.435843,-0.010859,-0.000417,0.010726,0.026870,-0.000507,-0.004312,0.999630,-0.009724,0.003789,0.014897,-0.017197,-0.002707,0.999848
57.468840,-0.010860,-0.000359,0.010661,0.027600,0.000692,-0.003896,0.999611,-0.009824,0.003441,0.014969,-0.005650,-0.001256,0.999983
57.502453,-0.010988,-0.000096,0.010474,0.027068,0.000997,-0.003189,0.999628,-0.009748,0.003146,0.014869,-0.008429,0.001472,0.999963
57.519231,-0.011083,0.000063,0.010483,0.026546,0.000789,-0.003018,0.999643,-0.009710,0.003109,0.014770,-0.010510,0.001625,0.999943
57.552608,-0.011166,0.000228,0.010519,0.025256,-0.000477,-0.002504,0.999678,-0.009700,0.003258,0.014661,-0.011830,-0.001470,0.999929
57.585753,-0.011164,-0.000159,0.010570,0.024793,-0.001654,-0.002873,0.999687,-0.009840,0.003511,0.014705,-0.011300,0.000035,0.999936
57.602653,-0.011129,-0.000075,0.010532,0.025110,-0.001878,-0.003182,0.999678,-0.009927,0.003573,0.014735,-0.010644,-0.001867,0.999942
57.635749,-0.010814,-0.000308,0.010492,0.026080,-0.001479,-0.003866,0.999651,-0.010029,0.003658,0.014694,-0.013645,0.003521,0.999901
57.652958,-0.010693,-0.000202,0.010520,0.026682,-0.000663,-0.004247,0.999635,-0.009969,0.003637,0.014681,-0.013171,-0.000612,0.999913
57.686364,-0.010560,-0.000051,0.010400,0.027118,0.000901,-0.004005,0.999624,-0.009858,0.003421,0.014643,-0.014328,0.007340,0.999870
57.719564,-0.010636,0.000245,0.010259,0.026732,0.001415,-0.003671,0.999635,-0.009760,0.003416,0.014606,-0.003654,0.010941,0.999934
57.736342,-0.010526,0.000314,0.010382,0.026329,0.001202,-0.003651,0.999646,-0.009682,0.003466,0.014545,-0.008894,0.011907,0.999890
57.769874,-0.010529,0.000358,0.010389,0.025311,0.000124,-0.003820,0.999672,-0.009410,0.003530,0.014606,-0.008898,0.013805,0.999865
57.803297,-0.010401,-0.000258,0.010328,0.025317,-0.000963,-0.004332,0.999670,-0.009347,0.003612,0.014551,-0.007747,0.016834,0.999828
57.836467,-0.010321,-0.000670,0.010264,0.026682,-0.001119,-0.004988,0.999631,-0.009312,0.003614,0.014540,-0.003965,0.003780,0.999985
57.853331,-0.010226,-0.000691,0.010237,0.027554,-0.000718,-0.004876,0.999608,-0.009316,0.003487,0.014566,-0.005456,0.003149,0.999980
57.886348,-0.010132,-0.000414,0.010239,0.028174,0.000518,-0.004484,0.999593,-0.009311,0.003205,0.014589,0.004665,0.013021,0.999904
57.903048,-0.010040,-0.000318,0.010253,0.027985,0.000998,-0.004118,0.999599,-0.009220,0.003133,0.014552,0.003305,0.013061,0.999909
57.936485,-0.010004,-0.000141,0.010301,0.026974,0.001091,-0.003658,0.999629,-0.009059,0.003029,0.014510,0.005624,0.013965,0.999887
57.969737,-0.010044,0.000110,0.010348,0.025839,0.000143,-0.003471,0.999660,-0.009009,0.003002,0.014536,0.012956,0.019495,0.999726
58.003053,-0.009952,-0.000155,0.010515,0.024995,-0.000715,-0.003989,0.999679,-0.008877,0.003279,0.014533,0.009934,0.018789,0.999774
58.019823,-0.009845,-0.000307,0.010522,0.025070,-0.000761,-0.004326,0.999676,-0.008929,0.003362,0.014598,0.014498,0.023192,0.999626
58.036810,-0.009784,-0.000405,0.010589,0.025408,-0.000468,-0.004736,0.999666,-0.008933,0.003435,0.014607,0.017454,0.028824,0.999432
58.053535,-0.009745,-0.000596,0.010579,0.026024,0.000133,-0.005048,0.999649,-0.009026,0.003499,0.014624,0.048443,0.043753,0.997867
58.087419,-0.009632,-0.000485,0.010614,0.027107,0.001602,-0.005088,0.999618,-0.008935,0.003414,0.014696,0.059405,0.049243,0.997019
58.120150,-0.009689,-0.000249,0.010734,0.027376,0.002564,-0.004473,0.999612,-0.008818,0.003210,0.014829,0.065918,0.056935,0.996199
58.136942,-0.009819,-0.000061,0.010753,0.027189,0.002602,-0.004170,0.999618,-0.008774,0.003184,0.014789,0.062251,0.063756,0.996022
58.153687,-0.009933,-0.000128,0.010771,0.026705,0.002224,-0.004013,0.999633,-0.008761,0.003110,0.014880,0.071538,0.063128,0.995438
58.220358,-0.010274,-0.000121,0.010849,0.025198,-0.000563,-0.004257,0.999673,-0.009019,0.003417,0.014889,0.073690,0.076212,0.994365
58.253926,-0.010164,-0.000317,0.010744,0.025797,-0.000539,-0.004874,0.999655,-0.009254,0.003523,0.014884,0.084921,0.084743,0.992778
58.286792,-0.010080,-0.000464,0.010655,0.026657,0.000719,-0.005089,0.999631,-0.009342,0.003445,0.014871,0.088983,0.088179,0.992122
58.303816,-0.010028,-0.000466,0.010565,0.026804,0.001542,-0.005092,0.999627,-0.009320,0.003349,0.014916,0.096434,0.085208,0.991686
58.320676,-0.010020,-0.000201,0.010556,0.026662,0.002208,-0.004861,0.999630,-0.009266,0.003179,0.014863,0.094337,0.098738,0.990632
58.671625,-0.009975,0.000357,0.009197,0.020633,0.001966,-0.006058,0.999767,-0.009284,0.003994,0.013336,0.159617,0.141610,0.976969
58.704708,-0.009717,0.000122,0.008985,0.021205,0.003613,-0.006589,0.999747,-0.009312,0.004194,0.013233,0.169510,0.146592,0.974565
58.737984,-0.009598,0.000402,0.008832,0.021679,0.005354,-0.006422,0.999730,-0.009136,0.004099,0.013077,0.173774,0.151422,0.973075
58.754687,-0.009601,0.000657,0.008828,0.021560,0.005825,-0.006089,0.999732,-0.008987,0.004092,0.012978,0.175543,0.159997,0.971384
58.871435,-0.009527,0.000810,0.008982,0.019952,0.003981,-0.007093,0.999768,-0.008692,0.004439,0.012858,0.186339,0.190726,0.963795
58.904993,-0.009368,0.000635,0.008814,0.020636,0.004496,-0.007358,0.999750,-0.008670,0.004508,0.012909,0.191794,0.198088,0.961237
58.988070,-0.009319,0.001263,0.008698,0.021267,0.006340,-0.006334,0.999734,-0.008494,0.004303,0.012640,0.201667,0.207743,0.957169
59.005143,-0.009351,0.001079,0.008599,0.020723,0.006051,-0.006382,0.999747,-0.008221,0.003021,0.012973,0.208329,0.292271,0.933368
59.038554,-0.009380,0.001182,0.008468,0.020071,0.004951,-0.006789,0.999763,-0.008152,0.003223,0.012887,0.209061,0.284865,0.935492
59.071910,-0.009274,0.001053,0.008365,0.020357,0.004250,-0.007765,0.999754,-0.012952,0.000412,0.015222,0.226288,0.321795,0.919370
59.205464,-0.009086,0.001339,0.007920,0.021770,0.007078,-0.007255,0.999712,-0.010406,0.001018,0.014534,0.021665,0.323808,0.945875
60.040526,-0.009236,0.000950,0.008858,0.019921,0.007446,-0.006143,0.999755,-0.013592,0.000727,0.015898,0.364605,0.236857,0.900534
60.241130,-0.009603,0.000830,0.009151,0.021104,0.007416,-0.005993,0.999732,-0.010259,0.001228,0.015178,-0.120007,0.273053,0.954484
60.274319,-0.009780,0.000886,0.009069,0.020583,0.006738,-0.005319,0.999751,-0.010242,0.001319,0.015197,-0.140759,0.233042,0.962226
60.390838,-0.009580,0.000577,0.009306,0.021163,0.004249,-0.007809,0.999737,-0.009011,0.004453,0.013198,0.156985,0.154077,0.975508
60.674998,-0.010496,0.000182,0.009359,0.022415,0.003455,-0.004257,0.999734,-0.009287,0.003825,0.013293,0.009961,0.033831,0.999378
60.691668,-0.010602,0.000107,0.009445,0.022301,0.003001,-0.003790,0.999740,-0.009272,0.003865,0.013298,0.004972,0.020105,0.999786
60.708376,-0.010705,0.000153,0.009523,0.022251,0.002268,-0.003484,0.999744,-0.009335,0.003779,0.013310,-0.002770,0.024299,0.999701
60.741684,-0.010888,-0.000093,0.009530,0.022524,0.000547,-0.003783,0.999739,-0.009429,0.003813,0.013346,-0.013565,0.005621,0.999892
60.775217,-0.010933,-0.000106,0.009640,0.023436,-0.000560,-0.004902,0.999713,-0.009584,0.003874,0.013374,-0.032485,-0.016672,0.999333
60.791934,-0.010912,-0.000198,0.009591,0.023861,-0.000432,-0.005355,0.999701,-0.009978,0.004140,0.013418,0.002917,-0.004071,0.999988
60.808644,-0.010814,-0.000297,0.009634,0.024225,-0.000038,-0.005579,0.999691,-0.009758,0.004106,0.013332,-0.029324,0.022813,0.999310
60.825644,-0.010780,-0.000334,0.009657,0.024586,0.000696,-0.005557,0.999682,-0.010404,0.004073,0.013389,-0.050694,-0.021318,0.998487
60.858727,-0.010906,-0.000395,0.009672,0.025139,0.002115,-0.004820,0.999670,-0.010221,0.004319,0.013434,-0.077131,-0.062866,0.995037
60.875623,-0.010951,-0.000281,0.009771,0.025229,0.002307,-0.004419,0.999669,-0.010146,0.004294,0.013253,-0.073159,-0.056377,0.995726
60.909003,-0.011274,-0.000296,0.009928,0.025077,0.001688,-0.003465,0.999678,-0.010156,0.004225,0.013380,-0.074866,-0.067836,0.994884
60.942179,-0.011450,-0.000503,0.010047,0.025437,-0.000494,-0.003362,0.999671,-0.010202,0.004304,0.013543,-0.088295,-0.081951,0.992718
60.959139,-0.011461,-0.000456,0.010157,0.025923,-0.001521,-0.003960,0.999655,-0.010290,0.004269,0.013625,-0.091258,-0.085440,0.992155
60.992429,-0.011554,-0.000506,0.010368,0.027190,-0.002834,-0.005457,0.999611,-0.010449,0.004260,0.013739,-0.104095,-0.096170,0.989907
61.025906,-0.011654,-0.000783,0.010558,0.027886,-0.004567,-0.007080,0.999576,-0.010667,0.004247,0.013759,-0.102733,-0.103717,0.989287
61.059370,-0.011792,-0.001176,0.010571,0.028773,-0.005046,-0.007583,0.999545,-0.010796,0.004155,0.014013,-0.115352,-0.122840,0.985700
61.092470,-0.011769,-0.001146,0.010708,0.029755,-0.005134,-0.007459,0.999516,-0.010945,0.003890,0.014215,-0.123989,-0.126242,0.984220
61.126000,-0.011945,-0.001261,0.010888,0.030024,-0.005605,-0.006231,0.999514,-0.010952,0.003705,0.014277,-0.130138,-0.133216,0.982506
61.142822,-0.011917,-0.001347,0.010962,0.030063,-0.005831,-0.005893,0.999514,-0.010964,0.003635,0.014340,-0.136352,-0.136191,0.981254
61.175966,-0.011899,-0.001561,0.010906,0.030929,-0.005726,-0.006222,0.999486,-0.011046,0.003512,0.014546,-0.153409,-0.150432,0.976645
61.192776,-0.011852,-0.001597,0.010784,0.031495,-0.005939,-0.006946,0.999462,-0.011062,0.003480,0.014574,-0.157055,-0.157497,0.974950
61.209573,-0.011789,-0.001577,0.010782,0.032077,-0.006002,-0.007592,0.999439,-0.011096,0.003383,0.014663,-0.163383,-0.162247,0.973130
61.242599,-0.011745,-0.001507,0.010711,0.032277,-0.006091,-0.008254,0.999426,-0.011023,0.003228,0.014612,-0.174046,-0.164057,0.970976
61.259302,-0.011782,-0.001554,0.010672,0.032051,-0.005976,-0.008409,0.999433,-0.010946,0.003215,0.014515,-0.179979,-0.167076,0.969378
61.276336,-0.011863,-0.001575,0.010612,0.031716,-0.005730,-0.008306,0.999446,-0.010905,0.003212,0.014490,-0.184799,-0.168508,0.968222
61.309487,-0.011975,-0.001433,0.010562,0.031114,-0.005732,-0.007612,0.999470,-0.010694,0.003383,0.014023,-0.188429,-0.154761,0.969816
61.326200,-0.012056,-0.001476,0.010532,0.030826,-0.005839,-0.007067,0.999483,-0.010683,0.003385,0.013941,-0.189988,-0.156053,0.969305
61.343087,-0.012153,-0.001379,0.010535,0.030624,-0.006095,-0.006411,0.999492,-0.010696,0.003430,0.013920,-0.193758,-0.161357,0.967689
61.376038,-0.012111,-0.001613,0.010536,0.030816,-0.007150,-0.006130,0.999481,-0.010791,0.003446,0.013850,-0.197714,-0.168913,0.965597
61.392946,-0.012030,-0.001558,0.010614,0.031241,-0.007492,-0.006741,0.999461,-0.010989,0.003296,0.014373,-0.206609,-0.194182,0.958961
61.426345,-0.011920,-0.001553,0.010608,0.032108,-0.007537,-0.008298,0.999422,-0.011037,0.003343,0.014440,-0.210593,-0.199192,0.957065
61.459620,-0.011888,-0.001709,0.010701,0.032604,-0.007104,-0.008940,0.999403,-0.011111,0.003241,0.014461,-0.212875,-0.203060,0.955746
61.476336,-0.011933,-0.001731,0.010605,0.032653,-0.006848,-0.008905,0.999404,-0.011183,0.003517,0.014692,-0.190665,-0.182919,0.964462
61.493616,-0.011932,-0.001836,0.010670,0.032764,-0.006627,-0.008724,0.999403,-0.011096,0.003210,0.014495,-0.209732,-0.199740,0.957140
61.526395,-0.012007,-0.001794,0.010788,0.032657,-0.006057,-0.007833,0.999418,-0.010961,0.003224,0.014560,-0.228734,-0.214699,0.949518
61.543576,-0.012134,-0.001687,0.010746,0.032472,-0.006129,-0.007203,0.999428,-0.010999,0.003589,0.014937,-0.209836,-0.207130,0.955545
61.576780,-0.012199,-0.001748,0.010802,0.032143,-0.007056,-0.006595,0.999437,-0.011077,0.003089,0.014645,-0.225177,-0.215629,0.950158
61.593447,-0.012295,-0.001677,0.010776,0.032212,-0.007485,-0.006711,0.999431,-0.011151,0.003079,0.014676,-0.223836,-0.212586,0.951160
61.626879,-0.012336,-0.001533,0.010722,0.032678,-0.008511,-0.007771,0.999400,-0.011164,0.003161,0.014650,-0.237787,-0.222699,0.945443
61.659860,-0.012218,-0.001383,0.010644,0.032899,-0.008545,-0.008741,0.999384,-0.011255,0.003225,0.014595,-0.238679,-0.218972,0.946089
61.676594,-0.012119,-0.001311,0.010784,0.032659,-0.008092,-0.008743,0.999396,-0.011298,0.003234,0.014576,-0.239483,-0.219159,0.945842
61.710310,-0.012101,-0.001370,0.010675,0.032063,-0.006765,-0.008386,0.999428,-0.011448,0.003355,0.014914,-0.251917,-0.239327,0.937689
61.743621,-0.012112,-0.001469,0.010742,0.031688,-0.006013,-0.007312,0.999453,-0.011234,0.003441,0.014634,-0.242913,-0.221726,0.944368
61.760505,-0.012136,-0.001385,0.010679,0.031590,-0.006063,-0.006823,0.999459,-0.011190,0.003455,0.014716,-0.243179,-0.226662,0.943127
61.793759,-0.012252,-0.001537,0.010630,0.031535,-0.006991,-0.006660,0.999456,-0.011111,0.003550,0.014562,-0.241546,-0.227004,0.943464
61.827230,-0.012327,-0.001596,0.010507,0.032226,-0.008117,-0.007539,0.999419,-0.011183,0.003513,0.014596,-0.242949,-0.231722,0.941956
61.860949,-0.012302,-0.001485,0.010385,0.033067,-0.008491,-0.008610,0.999380,-0.011303,0.003376,0.014517,-0.239249,-0.221859,0.945272
61.893968,-0.012233,-0.001505,0.010252,0.032942,-0.007572,-0.008587,0.999392,-0.011571,0.003231,0.014743,-0.249346,-0.235492,0.939346
61.927671,-0.012195,-0.001394,0.009944,0.031846,-0.006382,-0.007539,0.999444,-0.011382,0.003254,0.014310,-0.239701,-0.222021,0.945119
61.961155,-0.012298,-0.001329,0.009933,0.030624,-0.005856,-0.006412,0.999493,-0.011358,0.003250,0.014055,-0.228803,-0.213962,0.949668
61.994342,-0.012448,-0.001393,0.009773,0.029814,-0.006858,-0.005784,0.999515,-0.011233,0.003414,0.013942,-0.239121,-0.223627,0.944887
62.027612,-0.012524,-0.001348,0.009785,0.030014,-0.008294,-0.006449,0.999494,-0.011302,0.003453,0.013774,-0.234300,-0.222831,0.946282
62.060882,-0.012483,-0.001231,0.009814,0.030556,-0.009072,-0.007822,0.999461,-0.011396,0.003515,0.013687,-0.235433,-0.217387,0.947267
62.077721,-0.012417,-0.001232,0.009762,0.030765,-0.008898,-0.008225,0.999453,-0.011448,0.003505,0.013618,-0.234408,-0.214304,0.948223
62.111197,-0.012212,-0.001227,0.009820,0.030788,-0.007459,-0.008232,0.999464,-0.011584,0.003486,0.013641,-0.234371,-0.213696,0.948369
62.144320,-0.012232,-0.001309,0.009857,0.030742,-0.005694,-0.007552,0.999483,-0.011540,0.003628,0.013562,-0.229469,-0.212528,0.949829
62.161238,-0.012325,-0.001370,0.009868,0.030576,-0.005370,-0.007046,0.999493,-0.011507,0.003605,0.013602,-0.227890,-0.209913,0.950791
62.177928,-0.012433,-0.001412,0.009906,0.030495,-0.005574,-0.006628,0.999497,-0.011456,0.003588,0.013573,-0.224964,-0.203579,0.952862
62.194831,-0.012416,-0.001437,0.009994,0.030373,-0.006257,-0.006436,0.999498,-0.011355,0.003627,0.013601,-0.230308,-0.211882,0.949771
62.211660,-0.012484,-0.001566,0.010012,0.030470,-0.007199,-0.006447,0.999489,-0.011406,0.003502,0.013619,-0.225274,-0.204432,0.952606
62.244661,-0.012629,-0.001556,0.010098,0.030907,-0.008974,-0.007164,0.999456,-0.011312,0.003444,0.013737,-0.227206,-0.209706,0.951000
62.261337,-0.012658,-0.001514,0.010197,0.031205,-0.009391,-0.007580,0.999440,-0.011444,0.003322,0.013767,-0.222099,-0.197678,0.954775
62.294773,-0.012579,-0.001378,0.010317,0.031344,-0.009084,-0.007899,0.999436,-0.011672,0.003328,0.013916,-0.214646,-0.204120,0.955124
62.311498,-0.012516,-0.001265,0.010364,0.031270,-0.008424,-0.007699,0.999446,-0.011696,0.003365,0.013957,-0.216104,-0.206291,0.954329
62.328483,-0.012500,-0.001314,0.010394,0.030857,-0.007682,-0.007329,0.999467,-0.011757,0.003296,0.013983,-0.214186,-0.199100,0.956286
62.361638,-0.012433,-0.001357,0.010539,0.030406,-0.006421,-0.006509,0.999496,-0.011827,0.003458,0.014023,-0.206780,-0.203936,0.956897
62.395019,-0.012474,-0.001431,0.010813,0.030082,-0.006173,-0.006150,0.999510,-0.011499,0.003631,0.013625,-0.200390,-0.173571,0.964218
62.411829,-0.012466,-0.001601,0.010818,0.030061,-0.006500,-0.005996,0.999509,-0.011734,0.003398,0.014167,-0.195163,-0.180846,0.963953
62.444933,-0.012363,-0.001807,0.010858,0.030880,-0.007314,-0.006492,0.999475,-0.011592,0.003454,0.014386,-0.195426,-0.185431,0.963029
62.462136,-0.012348,-0.001906,0.010872,0.031467,-0.007512,-0.007192,0.999451,-0.011629,0.003307,0.014415,-0.185599,-0.176558,0.966633
62.494978,-0.012180,-0.001821,0.010816,0.032293,-0.006910,-0.008244,0.999421,-0.011616,0.003184,0.014566,-0.184116,-0.181160,0.966065
62.511817,-0.012161,-0.001770,0.010715,0.032375,-0.006275,-0.008362,0.999421,-0.011623,0.003045,0.014580,-0.175840,-0.167237,0.970109
62.528616,-0.012103,-0.001835,0.010798,0.032156,-0.005660,-0.008209,0.999433,-0.011611,0.002975,0.014563,-0.174912,-0.174155,0.969059
62.561898,-0.012122,-0.001793,0.010666,0.031528,-0.004443,-0.007658,0.999464,-0.011570,0.002799,0.014629,-0.159936,-0.154433,0.974972
62.578650,-0.012146,-0.001845,0.010619,0.031161,-0.004169,-0.007045,0.999481,-0.011497,0.002745,0.014623,-0.157140,-0.147764,0.976459
62.595575,-0.012187,-0.001887,0.010638,0.030701,-0.004268,-0.006504,0.999498,-0.011446,0.002764,0.014601,-0.151918,-0.143011,0.977992
62.628617,-0.012224,-0.001801,0.010574,0.029883,-0.004738,-0.006111,0.999524,-0.011330,0.002738,0.014587,-0.144583,-0.133039,0.980508
62.662161,-0.012203,-0.001767,0.010389,0.029616,-0.005178,-0.006498,0.999527,-0.011383,0.002746,0.014531,-0.130358,-0.127752,0.983202
62.678830,-0.012228,-0.001648,0.010335,0.029559,-0.005222,-0.006920,0.999526,-0.011434,0.002731,0.014478,-0.126351,-0.126026,0.983948
62.695542,-0.012237,-0.001486,0.010338,0.029478,-0.004980,-0.007326,0.999526,-0.011507,0.002653,0.014490,-0.119829,-0.115482,0.986055
62.729032,-0.012118,-0.001308,0.010239,0.028932,-0.003658,-0.007609,0.999546,-0.011599,0.002682,0.014431,-0.107267,-0.101049,0.989082
62.762469,-0.012167,-0.001167,0.010192,0.027551,-0.002163,-0.007251,0.999592,-0.011468,0.002738,0.014385,-0.103882,-0.088604,0.990635
62.795607,-0.012258,-0.001337,0.010043,0.026114,-0.001675,-0.006753,0.999635,-0.011504,0.002783,0.014340,-0.088568,-0.076488,0.993129
62.829036,-0.012275,-0.001325,0.009864,0.025281,-0.001201,-0.006404,0.999659,-0.011342,0.003101,0.013886,-0.064415,-0.044036,0.996951
62.862261,-0.012326,-0.001261,0.009720,0.025280,-0.001389,-0.006427,0.999659,-0.011452,0.003136,0.013931,-0.070667,-0.052305,0.996128
62.895791,-0.012189,-0.001145,0.009531,0.025714,-0.001407,-0.007298,0.999642,-0.011188,0.002949,0.014137,-0.063339,-0.052885,0.996590
62.929289,-0.012112,-0.000781,0.009393,0.025629,-0.000481,-0.008064,0.999639,-0.011218,0.002908,0.013942,-0.044782,-0.038338,0.998261
62.963153,-0.012007,-0.000679,0.009221,0.024532,0.000738,-0.007835,0.999668,-0.011200,0.002877,0.013735,-0.034194,-0.007158,0.999390
62.995838,-0.011878,-0.000594,0.009015,0.023451,0.001755,-0.007230,0.999697,-0.011187,0.003006,0.013514,-0.013939,-0.017681,0.999747
63.012571,-0.011839,-0.000650,0.008952,0.022951,0.002286,-0.006827,0.999711,-0.011349,0.003081,0.013494,-0.042334,-0.010026,0.999053
63.029299,-0.011585,-0.000558,0.009011,0.022470,0.002899,-0.006614,0.999722,-0.011326,0.003156,0.013413,-0.035011,-0.029828,0.998942
63.046194,-0.011430,-0.000548,0.008883,0.021942,0.003691,-0.006664,0.999730,-0.011347,0.003135,0.013342,-0.020240,-0.017163,0.999648
63.079546,-0.011090,-0.000314,0.008548,0.021466,0.004872,-0.007499,0.999730,-0.011083,0.003223,0.013215,-0.014722,0.001305,0.999891
63.096409,-0.010951,-0.000315,0.008518,0.021482,0.005267,-0.008126,0.999722,-0.010879,0.003294,0.013077,-0.012660,0.011324,0.999856
63.129674,-0.010547,-0.000043,0.008183,0.021197,0.006549,-0.009530,0.999709,-0.010692,0.003306,0.012999,0.005101,0.041464,0.999127
63.580456,-0.007558,0.001388,0.006879,0.014738,0.020378,-0.013901,0.999587,-0.006574,0.004595,0.011024,0.200976,0.176286,0.963604
64.799547,-0.009772,0.001084,0.007074,0.016415,0.011657,-0.008814,0.999759,-0.008398,0.004847,0.010720,0.184620,0.170437,0.967919
65.133388,-0.012120,0.000348,0.008877,0.023150,-0.001038,-0.006848,0.999708,-0.010356,0.004148,0.012667,0.085688,0.068059,0.993995
65.150388,-0.012191,0.000131,0.008818,0.023758,-0.001498,-0.006435,0.999696,-0.010550,0.004216,0.012879,0.087399,0.068699,0.993802
65.216924,-0.012383,-0.000003,0.009034,0.026688,-0.002676,-0.006123,0.999622,-0.011095,0.003905,0.013337,-0.009497,0.033120,0.999406
65.233639,-0.012450,0.000066,0.009181,0.026926,-0.002524,-0.006400,0.999614,-0.011149,0.003832,0.013299,0.009292,0.032899,0.999416
65.250514,-0.012501,0.000094,0.009148,0.026888,-0.002499,-0.006562,0.999614,-0.011195,0.003612,0.013416,0.000445,0.029163,0.999575
65.267290,-0.012598,0.000248,0.009110,0.026840,-0.002632,-0.006558,0.999615,-0.011166,0.003633,0.013407,-0.009905,0.018583,0.999778
65.300616,-0.012666,0.000458,0.009368,0.026179,-0.002747,-0.006475,0.999633,-0.011222,0.003616,0.013413,-0.023044,0.008224,0.999701
65.333872,-0.012837,0.000170,0.009577,0.024947,-0.003452,-0.005976,0.999665,-0.011284,0.003765,0.013504,-0.030413,-0.020808,0.999321
65.367088,-0.012958,-0.000237,0.009653,0.024938,-0.004506,-0.005490,0.999664,-0.012226,0.004070,0.013527,-0.066517,-0.008772,0.997747
65.383781,-0.013021,-0.000308,0.009732,0.025505,-0.004930,-0.005601,0.999647,-0.012179,0.004112,0.013533,-0.080483,-0.019191,0.996571
65.400679,-0.013125,-0.000532,0.009790,0.026381,-0.005431,-0.005722,0.999621,-0.012285,0.004016,0.013596,-0.083086,-0.018675,0.996367
65.433892,-0.013246,-0.000697,0.009856,0.028373,-0.006468,-0.005861,0.999559,-0.012058,0.004278,0.013598,-0.092614,-0.066014,0.993511
65.467260,-0.013374,-0.000780,0.010133,0.029782,-0.006960,-0.006040,0.999514,-0.012365,0.003847,0.013532,-0.072678,-0.066732,0.995121
65.484141,-0.013414,-0.000671,0.010324,0.030311,-0.007282,-0.006064,0.999496,-0.012429,0.003878,0.013762,-0.099153,-0.099464,0.990089
65.517349,-0.013710,-0.000868,0.010531,0.030755,-0.007865,-0.006034,0.999478,-0.012606,0.003643,0.013646,-0.088714,-0.087406,0.992215
65.550752,-0.013881,-0.001352,0.010929,0.030806,-0.008806,-0.005560,0.999471,-0.012741,0.003606,0.013963,-0.102697,-0.103544,0.989309
65.584086,-0.013924,-0.001827,0.011113,0.031638,-0.009067,-0.005381,0.999444,-0.012863,0.003509,0.014230,-0.117583,-0.120894,0.985677
65.600790,-0.013862,-0.001973,0.011043,0.032355,-0.009194,-0.005530,0.999419,-0.012987,0.003207,0.014624,-0.092727,-0.142419,0.985454
65.617647,-0.013843,-0.002092,0.011141,0.033304,-0.009265,-0.005707,0.999386,-0.013104,0.003196,0.014321,-0.116951,-0.124220,0.985338
65.634375,-0.013845,-0.002061,0.011248,0.034181,-0.009216,-0.005824,0.999356,-0.013094,0.003057,0.014502,-0.127350,-0.134541,0.982691
65.667467,-0.013812,-0.002122,0.011099,0.035119,-0.009334,-0.005922,0.999322,-0.013170,0.002725,0.014775,-0.132837,-0.139802,0.981229
65.684581,-0.013785,-0.002053,0.011222,0.035379,-0.009293,-0.006103,0.999312,-0.013128,0.002544,0.014590,-0.140797,-0.141417,0.979887
65.717821,-0.013735,-0.001748,0.011450,0.035042,-0.009214,-0.006266,0.999324,-0.013107,0.002435,0.014730,-0.150575,-0.149541,0.977223
65.734565,-0.013739,-0.001756,0.011507,0.034419,-0.009333,-0.006203,0.999345,-0.013107,0.002469,0.014847,-0.154215,-0.155323,0.975752
65.768149,-0.013685,-0.002050,0.011615,0.033543,-0.009502,-0.006118,0.999373,-0.013061,0.002689,0.015012,-0.159878,-0.167128,0.972886
65.801424,-0.013686,-0.002383,0.011624,0.034633,-0.009543,-0.006046,0.999336,-0.012960,0.002824,0.015162,-0.172368,-0.177167,0.968969
65.834549,-0.013616,-0.002695,0.011539,0.036390,-0.009469,-0.006730,0.999270,-0.012984,0.002676,0.015311,-0.179125,-0.179585,0.967297
65.851412,-0.013543,-0.002586,0.011514,0.037109,-0.009326,-0.007028,0.999243,-0.012953,0.002545,0.015234,-0.183500,-0.180967,0.966219
65.884880,-0.013598,-0.002663,0.011404,0.037884,-0.008694,-0.007319,0.999218,-0.012904,0.002321,0.015256,-0.195181,-0.190470,0.962094
65.918230,-0.013652,-0.002454,0.011302,0.037958,-0.008348,-0.007166,0.999219,-0.012884,0.002072,0.015288,-0.199363,-0.192960,0.960740
65.951339,-0.013705,-0.002415,0.011162,0.036947,-0.008216,-0.006822,0.999260,-0.012746,0.002028,0.015129,-0.211406,-0.202287,0.956236
65.968147,-0.013751,-0.002421,0.011124,0.036031,-0.008532,-0.006467,0.999293,-0.012756,0.002108,0.015084,-0.211921,-0.207695,0.954962
66.001914,-0.013758,-0.002648,0.010891,0.034940,-0.009152,-0.006248,0.999328,-0.012847,0.002150,0.015045,-0.211794,-0.203348,0.955925
66.035118,-0.013652,-0.002748,0.010690,0.035098,-0.009330,-0.006688,0.999318,-0.012748,0.002296,0.014818,-0.219753,-0.203947,0.953999
66.051988,-0.013630,-0.002582,0.010615,0.035465,-0.009319,-0.006871,0.999304,-0.012798,0.002299,0.014797,-0.216266,-0.207380,0.954056
66.085244,-0.013499,-0.002369,0.010461,0.035493,-0.008705,-0.007057,0.999307,-0.012828,0.002193,0.014666,-0.215033,-0.208258,0.954143
66.118273,-0.013513,-0.002021,0.010328,0.034942,-0.007897,-0.006861,0.999335,-0.012745,0.002850,0.015090,-0.228174,-0.249071,0.941223
66.135311,-0.013486,-0.001801,0.010357,0.034476,-0.007640,-0.006798,0.999353,-0.012765,0.002344,0.014745,-0.244612,-0.244469,0.938296
66.152314,-0.013557,-0.001718,0.010389,0.033853,-0.007502,-0.006706,0.999376,-0.012767,0.002499,0.014726,-0.246988,-0.251588,0.935789
66.185400,-0.013628,-0.001855,0.010463,0.032469,-0.008203,-0.006435,0.999418,-0.012719,0.002812,0.014658,-0.247777,-0.251755,0.935535
66.202242,-0.013616,-0.002107,0.010496,0.032277,-0.008632,-0.006306,0.999422,-0.012723,0.002906,0.014585,-0.246708,-0.242954,0.938141
66.235391,-0.013634,-0.002276,0.010353,0.033194,-0.009102,-0.006619,0.999386,-0.012724,0.003094,0.014676,-0.252635,-0.256618,0.932911
66.268812,-0.013559,-0.002241,0.010322,0.034785,-0.009180,-0.006862,0.999329,-0.012815,0.002943,0.014585,-0.251584,-0.251926,0.934473
66.285545,-0.013547,-0.002134,0.010296,0.035169,-0.008878,-0.007073,0.999317,-0.012781,0.002908,0.014590,-0.256450,-0.260583,0.930769
66.318804,-0.013503,-0.002022,0.010211,0.035295,-0.008316,-0.006637,0.999320,-0.012899,0.002673,0.014545,-0.250670,-0.262178,0.931895
66.335535,-0.013516,-0.001742,0.010276,0.035233,-0.008178,-0.006556,0.999324,-0.012917,0.002625,0.014527,-0.249603,-0.261941,0.932248
66.352238,-0.013535,-0.001603,0.010312,0.034991,-0.008245,-0.006609,0.999332,-0.012914,0.002640,0.014579,-0.250710,-0.263545,0.931498
66.369147,-0.013624,-0.001620,0.010447,0.034333,-0.008414,-0.006656,0.999353,-0.012913,0.002686,0.014536,-0.248623,-0.261235,0.932707
66.402584,-0.013615,-0.001763,0.010528,0.032886,-0.009274,-0.006425,0.999395,-0.012939,0.002902,0.014552,-0.248136,-0.261374,0.932798
66.436023,-0.013564,-0.001989,0.010609,0.033360,-0.009587,-0.006916,0.999374,-0.012727,0.003122,0.014282,-0.243759,-0.242571,0.939011
66.469301,-0.013395,-0.002202,0.010524,0.034584,-0.009488,-0.007379,0.999330,-0.012968,0.002971,0.014549,-0.227911,-0.230125,0.946097
66.502967,-0.013298,-0.002163,0.010623,0.035405,-0.008616,-0.007622,0.999307,-0.012785,0.002965,0.014744,-0.250876,-0.253688,0.934186
66.535652,-0.013266,-0.001997,0.010617,0.035373,-0.007913,-0.007219,0.999317,-0.012725,0.002734,0.014631,-0.230148,-0.231608,0.945193
66.552747,-0.013331,-0.001796,0.010540,0.035078,-0.007839,-0.007150,0.999328,-0.012715,0.002550,0.014633,-0.226068,-0.223383,0.948153
66.569561,-0.013409,-0.001720,0.010596,0.034614,-0.008036,-0.007096,0.999343,-0.012662,0.002566,0.014612,-0.225853,-0.224440,0.947954
66.586288,-0.013433,-0.001839,0.010599,0.033952,-0.008411,-0.007054,0.999363,-0.012433,0.002736,0.014447,-0.236363,-0.221069,0.946182
66.619418,-0.013449,-0.002062,0.010704,0.032706,-0.009154,-0.006626,0.999401,-0.012504,0.003448,0.014946,-0.213827,-0.222376,0.951224
66.653154,-0.013391,-0.002141,0.010834,0.032998,-0.009441,-0.006895,0.999387,-0.012592,0.003062,0.014738,-0.231252,-0.225928,0.946298
66.670224,-0.013458,-0.002265,0.010807,0.033584,-0.009349,-0.007171,0.999367,-0.012609,0.002997,0.014693,-0.226490,-0.212801,0.950483
66.702937,-0.013330,-0.002079,0.010841,0.034433,-0.008831,-0.007449,0.999340,-0.012533,0.003607,0.014856,-0.223062,-0.240171,0.944755
66.720026,-0.013285,-0.001971,0.010790,0.034600,-0.008383,-0.007421,0.999339,-0.012612,0.002921,0.014720,-0.231566,-0.226400,0.946108
66.752875,-0.013303,-0.001678,0.010725,0.034263,-0.007925,-0.007255,0.999355,-0.012619,0.002795,0.014718,-0.225250,-0.221857,0.948705
66.769715,-0.013432,-0.001535,0.010645,0.033845,-0.007790,-0.007273,0.999370,-0.012561,0.002845,0.014654,-0.223813,-0.224648,0.948389
66.786557,-0.013467,-0.001462,0.010674,0.033203,-0.007990,-0.007173,0.999391,-0.012612,0.002823,0.014637,-0.225997,-0.223224,0.948207
66.803576,-0.013526,-0.001591,0.010686,0.032399,-0.008472,-0.007028,0.999414,-0.012566,0.002989,0.014547,-0.223335,-0.224096,0.948632
66.836544,-0.013557,-0.001970,0.010691,0.031444,-0.009092,-0.007118,0.999439,-0.012604,0.003195,0.014509,-0.221025,-0.224130,0.949165
66.870208,-0.013583,-0.002306,0.010568,0.032364,-0.009304,-0.007447,0.999405,-0.012653,0.003307,0.014626,-0.223687,-0.223067,0.948792
66.903640,-0.013499,-0.002320,0.010471,0.033527,-0.008862,-0.007746,0.999369,-0.012733,0.003017,0.014450,-0.211836,-0.204582,0.955653
66.936609,-0.013489,-0.002106,0.010253,0.033706,-0.007984,-0.007619,0.999371,-0.012680,0.002815,0.014348,-0.217112,-0.214118,0.952374
66.953516,-0.013482,-0.001956,0.010208,0.033406,-0.007727,-0.007418,0.999385,-0.012774,0.002618,0.014175,-0.200393,-0.193314,0.960454
66.970218,-0.013436,-0.001672,0.010049,0.032975,-0.007435,-0.007316,0.999402,-0.012591,0.002761,0.014078,-0.213484,-0.208206,0.954502
67.003658,-0.013453,-0.001475,0.010054,0.031674,-0.007436,-0.007258,0.999444,-0.012557,0.002829,0.013966,-0.203500,-0.201940,0.958023
67.020375,-0.013449,-0.001425,0.010143,0.030786,-0.007790,-0.007176,0.999470,-0.012489,0.002972,0.013906,-0.202384,-0.198395,0.959000
67.053604,-0.013405,-0.001686,0.009948,0.029563,-0.008512,-0.007223,0.999501,-0.012384,0.003303,0.013678,-0.199114,-0.187350,0.961901
67.070343,-0.013323,-0.001571,0.009731,0.029755,-0.008628,-0.007703,0.999490,-0.012420,0.003407,0.013674,-0.194436,-0.187544,0.962820
67.087224,-0.013220,-0.001750,0.009634,0.030197,-0.008593,-0.008183,0.999474,-0.012357,0.003580,0.013486,-0.195232,-0.190735,0.962032
67.120178,-0.013019,-0.001673,0.009340,0.031261,-0.007887,-0.008610,0.999443,-0.012318,0.003508,0.013419,-0.196772,-0.190466,0.961771
67.136923,-0.012818,-0.001554,0.009206,0.031508,-0.007246,-0.008666,0.999440,-0.012296,0.003386,0.013327,-0.190133,-0.179695,0.965173
67.153671,-0.012745,-0.001513,0.009134,0.031491,-0.006620,-0.008595,0.999445,-0.012284,0.003264,0.013183,-0.192734,-0.164002,0.967449
67.170753,-0.012714,-0.001327,0.008885,0.031242,-0.006012,-0.008463,0.999458,-0.012095,0.003343,0.013083,-0.192016,-0.185365,0.963727
67.187436,-0.012681,-0.001171,0.008822,0.030873,-0.005680,-0.008401,0.999472,-0.011976,0.003355,0.012934,-0.188298,-0.183920,0.964737
67.220566,-0.012715,-0.001095,0.008752,0.029866,-0.006162,-0.008240,0.999501,-0.012076,0.003253,0.013164,-0.192056,-0.191762,0.962467
67.237618,-0.012757,-0.001014,0.008724,0.029306,-0.006685,-0.008350,0.999513,-0.012029,0.003335,0.013083,-0.190246,-0.189131,0.963346
67.270892,-0.012708,-0.001237,0.008674,0.028596,-0.007570,-0.008310,0.999528,-0.012015,0.003440,0.012968,-0.181503,-0.175853,0.967539
67.304165,-0.012720,-0.001310,0.008625,0.029034,-0.007526,-0.008989,0.999510,-0.012064,0.003485,0.012922,-0.173620,-0.165024,0.970888
67.321057,-0.012687,-0.001080,0.008538,0.029341,-0.007180,-0.009025,0.999503,-0.011963,0.003748,0.012633,-0.159819,-0.162393,0.973697
67.354216,-0.012619,-0.000901,0.008596,0.029540,-0.006284,-0.008779,0.999505,-0.011685,0.003797,0.012095,-0.149463,-0.127224,0.980548
67.370915,-0.012556,-0.000910,0.008530,0.029336,-0.005935,-0.008398,0.999517,-0.011870,0.003648,0.012506,-0.155935,-0.153461,0.975774
67.387833,-0.012619,-0.000698,0.008489,0.029034,-0.005643,-0.008079,0.999530,-0.011881,0.003509,0.012471,-0.145854,-0.143190,0.978889
67.420780,-0.012622,-0.000336,0.008608,0.028010,-0.005775,-0.007886,0.999560,-0.011792,0.003639,0.012420,-0.141251,-0.143331,0.979543
67.437595,-0.012507,-0.000394,0.008896,0.027316,-0.006139,-0.007873,0.999577,-0.011810,0.003779,0.012388,-0.135741,-0.145562,0.979993
67.454474,-0.012484,-0.000398,0.008967,0.026598,-0.006482,-0.008024,0.999593,-0.011723,0.003909,0.012488,-0.133753,-0.139057,0.981210
67.487710,-0.012335,-0.000746,0.009007,0.026402,-0.006534,-0.008530,0.999594,-0.011806,0.004095,0.012520,-0.119825,-0.124990,0.984896
67.504423,-0.012280,-0.000966,0.008985,0.026807,-0.006227,-0.008948,0.999581,-0.011797,0.004119,0.012558,-0.115959,-0.118566,0.986152
67.538129,-0.012147,-0.000878,0.009100,0.028343,-0.005378,-0.009296,0.999541,-0.011762,0.004099,0.012657,-0.111491,-0.119689,0.986531
67.571392,-0.012111,-0.000689,0.009181,0.028965,-0.004515,-0.009025,0.999530,-0.011539,0.003772,0.013083,-0.091564,-0.130895,0.987159
67.604645,-0.012157,-0.000315,0.009304,0.028676,-0.004244,-0.008336,0.999545,-0.011440,0.003785,0.012895,-0.108450,-0.101292,0.988928
67.621364,-0.012245,-0.000121,0.009346,0.028298,-0.004502,-0.008111,0.999557,-0.011408,0.003810,0.012951,-0.105333,-0.100227,0.989373
67.654718,-0.012229,-0.000059,0.009542,0.027159,-0.005296,-0.007825,0.999587,-0.011328,0.004020,0.013079,-0.104492,-0.101199,0.989364
67.687898,-0.012021,-0.000534,0.009629,0.026520,-0.005724,-0.008032,0.999600,-0.011335,0.004224,0.013160,-0.091370,-0.088313,0.991893
67.721302,-0.011782,-0.000742,0.009682,0.027361,-0.005341,-0.008980,0.999571,-0.011350,0.004264,0.013318,-0.084742,-0.078569,0.993300
67.754860,-0.011539,-0.000751,0.009636,0.028666,-0.004038,-0.009386,0.999537,-0.011280,0.004237,0.013641,-0.103421,-0.108442,0.988709
67.771715,-0.011469,-0.000736,0.009589,0.029053,-0.003359,-0.009356,0.999529,-0.011267,0.003982,0.013429,-0.071130,-0.073083,0.994786
67.805136,-0.011537,-0.000824,0.009706,0.028803,-0.002157,-0.009039,0.999542,-0.011135,0.003671,0.013483,-0.061640,-0.061662,0.996192
67.821966,-0.011504,-0.000595,0.009634,0.028309,-0.001905,-0.008810,0.999559,-0.011151,0.003305,0.013702,-0.062914,-0.062819,0.996040
67.855101,-0.011515,-0.000552,0.009525,0.026904,-0.001932,-0.008607,0.999599,-0.010958,0.003413,0.013802,-0.080083,-0.082571,0.993362
67.871873,-0.011508,-0.000630,0.009510,0.026198,-0.002121,-0.008486,0.999619,-0.010898,0.003409,0.013760,-0.077753,-0.069606,0.994540
67.888634,-0.011474,-0.000885,0.009346,0.025726,-0.002405,-0.008615,0.999629,-0.010823,0.003483,0.013675,-0.077904,-0.071997,0.994358
67.905319,-0.011391,-0.000938,0.009378,0.025836,-0.002435,-0.008708,0.999625,-0.010839,0.003516,0.013629,-0.071668,-0.064075,0.995368
67.922037,-0.011320,-0.000989,0.009200,0.026018,-0.002526,-0.008841,0.999619,-0.010708,0.003693,0.013610,-0.077621,-0.055784,0.995421
67.955368,-0.011271,-0.000966,0.009170,0.026756,-0.002299,-0.009461,0.999595,-0.010795,0.003571,0.013415,-0.023383,-0.008074,0.999694
67.972097,-0.011254,-0.000797,0.009190,0.026863,-0.002085,-0.009573,0.999591,-0.010790,0.003476,0.013325,-0.017248,-0.001416,0.999850
67.989075,-0.011213,-0.000796,0.009140,0.026849,-0.001796,-0.009434,0.999593,-0.010785,0.003355,0.013546,-0.059679,-0.033172,0.997666
68.005836,-0.011264,-0.000763,0.009001,0.026612,-0.001414,-0.009196,0.999603,-0.010750,0.003323,0.013461,-0.057399,-0.035793,0.997710
68.038822,-0.011356,-0.000461,0.008886,0.025961,-0.001242,-0.008541,0.999626,-0.010716,0.003228,0.013293,-0.047587,-0.024330,0.998571
68.055724,-0.011377,-0.000405,0.008867,0.025503,-0.001389,-0.008380,0.999639,-0.010708,0.003248,0.013190,-0.051026,-0.023233,0.998427
68.072450,-0.011425,-0.000395,0.009042,0.025013,-0.001673,-0.008297,0.999651,-0.010617,0.003406,0.013083,-0.055210,-0.025408,0.998151
68.089130,-0.011415,-0.000537,0.009067,0.024472,-0.002171,-0.008385,0.999663,-0.010666,0.003496,0.013137,-0.048492,-0.033009,0.998278
68.122079,-0.011479,-0.000924,0.009168,0.024729,-0.002875,-0.009055,0.999649,-0.010813,0.003673,0.013203,-0.043454,-0.024588,0.998753
68.138966,-0.011528,-0.001180,0.009099,0.025268,-0.002807,-0.009561,0.999631,-0.010818,0.003675,0.013184,-0.044286,-0.014263,0.998917
68.172067,-0.011390,-0.001302,0.009201,0.026927,-0.002068,-0.010059,0.999585,-0.010915,0.003589,0.013195,-0.038341,-0.022949,0.999001
68.189198,-0.011348,-0.001119,0.009160,0.027425,-0.001451,-0.009992,0.999573,-0.010914,0.003458,0.013265,-0.032804,-0.015106,0.999348
68.222498,-0.011348,-0.000927,0.009232,0.027572,-0.000228,-0.009343,0.999576,-0.010896,0.003230,0.013325,-0.027285,-0.020043,0.999427
68.255797,-0.011485,-0.000646,0.009287,0.026743,-0.000172,-0.008459,0.999607,-0.010783,0.002769,0.013063,-0.024193,-0.003178,0.999702
68.272669,-0.011595,-0.000665,0.009400,0.026284,-0.000642,-0.008183,0.999621,-0.010416,0.002146,0.013639,-0.016705,-0.004453,0.999851
68.305768,-0.011646,-0.000879,0.009532,0.025486,-0.002144,-0.008133,0.999640,-0.010832,0.003118,0.013407,-0.026434,-0.015628,0.999528
68.322440,-0.011631,-0.001177,0.009525,0.025552,-0.002809,-0.008464,0.999634,-0.010867,0.003196,0.013459,-0.025733,-0.019402,0.999481
68.339363,-0.011596,-0.001220,0.009663,0.025889,-0.003254,-0.008888,0.999620,-0.010537,0.003210,0.013491,-0.072803,-0.000085,0.997346
68.356362,-0.011528,-0.001422,0.009617,0.026495,-0.003453,-0.009333,0.999600,-0.010599,0.003167,0.013611,-0.078124,-0.011340,0.996879
68.389624,-0.011367,-0.001438,0.009705,0.028028,-0.002464,-0.010033,0.999554,-0.010973,0.003151,0.013640,-0.030294,-0.013657,0.999448
68.406545,-0.011289,-0.001517,0.009727,0.028493,-0.001528,-0.009955,0.999543,-0.010946,0.003079,0.013662,-0.029689,-0.017535,0.999405
68.439855,-0.011099,-0.001365,0.009637,0.028776,0.000144,-0.009461,0.999541,-0.010572,0.002732,0.013795,-0.070247,-0.012178,0.997455
68.472807,-0.011264,-0.001036,0.009644,0.028144,0.000627,-0.009040,0.999563,-0.010350,0.002613,0.013748,-0.068571,-0.013038,0.997561
68.489848,-0.011351,-0.001015,0.009665,0.027531,0.000204,-0.008916,0.999581,-0.010293,0.002667,0.013775,-0.076015,-0.014712,0.996998
68.523388,-0.011555,-0.001302,0.009716,0.026696,-0.001420,-0.009064,0.999602,-0.010675,0.002858,0.013899,-0.022628,-0.001864,0.999742
68.556457,-0.011617,-0.001516,0.009685,0.027491,-0.002271,-0.009719,0.999572,-0.010767,0.003053,0.013980,-0.020712,-0.016828,0.999644
68.589831,-0.011688,-0.001566,0.009706,0.028462,-0.002061,-0.009567,0.999547,-0.010910,0.003003,0.014053,-0.024117,-0.018087,0.999546
68.606789,-0.011721,-0.001442,0.009590,0.028528,-0.001357,-0.009414,0.999548,-0.010974,0.002854,0.014025,-0.023662,-0.012294,0.999644
68.640065,-0.011838,-0.001261,0.009484,0.028072,-0.000312,-0.008584,0.999569,-0.011084,0.002646,0.013892,-0.023061,-0.014895,0.999623
68.656779,-0.011914,-0.001059,0.009435,0.027626,-0.000116,-0.008208,0.999585,-0.011128,0.002559,0.013907,-0.023765,-0.010929,0.999658
68.690365,-0.012055,-0.000806,0.009373,0.026433,-0.000811,-0.007523,0.999622,-0.011095,0.002683,0.013740,-0.020073,-0.012450,0.999721
68.723807,-0.012192,-0.000795,0.009574,0.025388,-0.002294,-0.007515,0.999647,-0.011142,0.002936,0.013657,-0.022001,-0.013628,0.999665
68.756974,-0.012131,-0.001166,0.009506,0.025653,-0.003088,-0.008122,0.999633,-0.011329,0.003180,0.013647,-0.024062,-0.012950,0.999627
68.773807,-0.012097,-0.001439,0.009469,0.026223,-0.003012,-0.008535,0.999615,-0.011365,0.003240,0.013612,-0.029295,-0.010792,0.999513
68.807118,-0.012015,-0.001537,0.009468,0.027940,-0.001952,-0.008947,0.999568,-0.011490,0.003161,0.013632,-0.023656,-0.011272,0.999657
68.840303,-0.011991,-0.001377,0.009550,0.028866,-0.000517,-0.008467,0.999547,-0.011454,0.002897,0.013641,-0.028215,-0.010399,0.999548
68.857007,-0.012042,-0.001271,0.009511,0.028757,-0.000023,-0.007993,0.999555,-0.011452,0.002769,0.013716,-0.026572,-0.010687,0.999590
68.873929,-0.012034,-0.001192,0.009689,0.028360,0.000036,-0.007595,0.999569,-0.011409,0.002701,0.013675,-0.026918,-0.011415,0.999573
68.907102,-0.012266,-0.000936,0.009816,0.027012,-0.001002,-0.007161,0.999609,-0.011314,0.002568,0.013797,-0.025378,-0.009758,0.999630
68.940728,-0.012355,-0.001058,0.010012,0.025823,-0.002856,-0.007083,0.999637,-0.011365,0.002705,0.013832,-0.025124,-0.009442,0.999640
68.973655,-0.012296,-0.001288,0.010091,0.026127,-0.003771,-0.007924,0.999620,-0.011534,0.002910,0.013984,-0.024088,-0.011863,0.999640
68.990650,-0.012225,-0.001471,0.010110,0.026507,-0.003754,-0.008315,0.999607,-0.011598,0.003071,0.014044,-0.030491,-0.016804,0.999394
69.007542,-0.012184,-0.001524,0.010166,0.027166,-0.003392,-0.008445,0.999590,-0.011641,0.003060,0.014069,-0.030691,-0.011940,0.999458
69.040848,-0.011994,-0.001462,0.010148,0.028108,-0.001834,-0.008637,0.999566,-0.011668,0.002905,0.014187,-0.033111,-0.013562,0.999360
69.057552,-0.011946,-0.001348,0.010079,0.028263,-0.001100,-0.008314,0.999565,-0.011649,0.002762,0.014187,-0.030829,-0.011201,0.999462
69.090958,-0.011996,-0.001164,0.009980,0.027939,-0.000511,-0.007820,0.999579,-0.011492,0.002667,0.014158,-0.031055,-0.013659,0.999424
69.124440,-0.012024,-0.000938,0.010106,0.027026,-0.001103,-0.007697,0.999605,-0.011358,0.002695,0.014173,-0.025927,-0.012498,0.999586
69.141179,-0.012065,-0.000962,0.010102,0.026347,-0.001757,-0.007730,0.999622,-0.011344,0.002728,0.014153,-0.023194,-0.009445,0.999686
69.174345,-0.012014,-0.001433,0.009965,0.026060,-0.002943,-0.008235,0.999622,-0.011289,0.002949,0.014182,-0.023250,-0.010745,0.999672
69.191439,-0.011962,-0.001406,0.009841,0.026523,-0.003148,-0.008528,0.999607,-0.011302,0.003058,0.014222,-0.024798,-0.016316,0.999559
69.224837,-0.011901,-0.001473,0.009629,0.027668,-0.002718,-0.008862,0.999574,-0.011327,0.003038,0.014209,-0.025309,-0.013336,0.999591
69.258116,-0.011915,-0.001070,0.009333,0.027602,-0.001791,-0.008222,0.999584,-0.011318,0.002872,0.014027,-0.027318,-0.012154,0.999553
69.274815,-0.011886,-0.000801,0.009187,0.027229,-0.001398,-0.007726,0.999598,-0.011304,0.002788,0.013934,-0.027287,-0.011939,0.999556
69.291595,-0.011944,-0.000643,0.009123,0.026689,-0.001300,-0.007300,0.999616,-0.011284,0.002868,0.013736,-0.027070,-0.012428,0.999556
69.324656,-0.012085,-0.000292,0.008974,0.025373,-0.001790,-0.007035,0.999652,-0.011273,0.002979,0.013532,-0.018802,-0.007829,0.999793
69.341398,-0.012174,-0.000099,0.008920,0.024663,-0.002442,-0.006998,0.999668,-0.011223,0.003158,0.013396,-0.021459,-0.013169,0.999683
69.358408,-0.012183,-0.000159,0.008855,0.024033,-0.003085,-0.007178,0.999681,-0.011281,0.003328,0.013302,-0.018019,-0.009420,0.999793
69.391487,-0.012130,-0.000250,0.008592,0.023802,-0.003949,-0.007677,0.999679,-0.011404,0.003738,0.013067,-0.017208,-0.008052,0.999820
69.424796,-0.012045,-0.000605,0.008352,0.024737,-0.003621,-0.008257,0.999653,-0.011426,0.003998,0.012871,-0.021689,-0.012097,0.999692
69.441620,-0.012050,-0.000569,0.008284,0.025510,-0.002943,-0.008300,0.999636,-0.011483,0.003988,0.012799,-0.017020,-0.014656,0.999748
69.458525,-0.012039,-0.000473,0.008236,0.025983,-0.002193,-0.008203,0.999626,-0.011525,0.003922,0.012762,-0.019215,-0.007372,0.999788
69.491556,-0.012097,-0.000198,0.008175,0.026290,-0.001194,-0.007382,0.999626,-0.011487,0.003783,0.012592,-0.021056,-0.015455,0.999659
69.508288,-0.012192,-0.000050,0.008067,0.026073,-0.001156,-0.006932,0.999635,-0.011487,0.003685,0.012508,-0.018238,-0.008811,0.999795
69.541704,-0.012323,0.000159,0.008043,0.025089,-0.001771,-0.006548,0.999662,-0.011502,0.003641,0.012353,-0.027776,-0.003458,0.999608
69.558515,-0.012324,0.000376,0.008229,0.024536,-0.002352,-0.006703,0.999674,-0.011451,0.003771,0.012336,-0.032037,-0.006166,0.999468
69.591929,-0.012294,0.000107,0.008239,0.024054,-0.003663,-0.007138,0.999679,-0.011518,0.004014,0.012328,-0.033544,0.001269,0.999436
69.625072,-0.012174,-0.000129,0.008156,0.024606,-0.003974,-0.007757,0.999659,-0.011650,0.004150,0.012327,-0.029836,0.004050,0.999547
69.658423,-0.012084,-0.000057,0.008182,0.025680,-0.003052,-0.007920,0.999634,-0.011590,0.004201,0.012273,-0.041548,0.017106,0.998990
69.675279,-0.012091,0.000095,0.008278,0.025834,-0.002519,-0.007728,0.999633,-0.011387,0.004178,0.011922,-0.036963,0.028291,0.998916
69.692008,-0.012035,0.000243,0.008222,0.025797,-0.002011,-0.007606,0.999636,-0.011640,0.004137,0.012130,-0.017792,0.034966,0.999230
69.725220,-0.012091,0.000479,0.008206,0.025352,-0.001932,-0.007135,0.999651,-0.011511,0.003986,0.012148,-0.024951,0.040972,0.998849
69.741976,-0.012097,0.000424,0.008194,0.024926,-0.002439,-0.007019,0.999662,-0.011551,0.003943,0.012149,-0.023194,0.044936,0.998721
69.759031,-0.012119,0.000717,0.008308,0.024481,-0.003115,-0.007131,0.999670,-0.011573,0.004083,0.012321,-0.000091,0.016721,0.999860
69.791889,-0.012146,0.000664,0.008569,0.023713,-0.004386,-0.007822,0.999679,-0.011556,0.004135,0.012441,-0.004576,0.027735,0.999605
69.825511,-0.011990,0.000351,0.008608,0.023856,-0.004779,-0.008772,0.999666,-0.011653,0.004375,0.012590,-0.011481,0.029016,0.999513
69.842192,-0.011873,0.000268,0.008577,0.024180,-0.004427,-0.009086,0.999657,-0.011337,0.004948,0.012030,-0.002521,0.042967,0.999073
69.858905,-0.011787,-0.000012,0.008653,0.024643,-0.003841,-0.009228,0.999646,-0.011739,0.004253,0.012742,-0.011897,0.042168,0.999040
69.892201,-0.011818,0.000167,0.008799,0.025147,-0.002373,-0.008739,0.999643,-0.011742,0.003763,0.012887,-0.014366,0.064165,0.997836
69.925638,-0.011905,0.000607,0.008770,0.024267,-0.001996,-0.008043,0.999671,-0.011753,0.003573,0.013008,-0.021925,0.050448,0.998486
69.959012,-0.012250,0.000469,0.008772,0.022829,-0.003019,-0.007613,0.999706,-0.011750,0.003396,0.013070,-0.023818,0.059807,0.997926
69.992740,-0.012359,0.000681,0.008863,0.021688,-0.004662,-0.008207,0.999720,-0.011987,0.003351,0.013027,-0.023055,0.067379,0.997461
70.025999,-0.012515,0.000463,0.008748,0.021611,-0.005482,-0.008822,0.999713,-0.012127,0.003450,0.013044,-0.022622,0.082212,0.996358
70.042716,-0.012457,0.000383,0.008806,0.021779,-0.005518,-0.009108,0.999706,-0.012211,0.003402,0.013181,-0.027675,0.083353,0.996136
70.075982,-0.012447,0.000219,0.008799,0.022512,-0.004547,-0.009251,0.999694,-0.012539,0.003299,0.013140,-0.028786,0.093379,0.995214
70.109507,-0.012470,0.000432,0.008862,0.022783,-0.003523,-0.008733,0.999696,-0.012656,0.003008,0.013220,-0.027317,0.107708,0.993807
70.142465,-0.012744,0.000858,0.008713,0.022372,-0.003035,-0.007767,0.999715,-0.012674,0.002928,0.013235,-0.030450,0.094264,0.995081
70.159363,-0.012930,0.000766,0.008728,0.021861,-0.003289,-0.007361,0.999729,-0.012752,0.002975,0.013058,-0.043567,0.101906,0.993840
70.259604,-0.013207,0.000810,0.009073,0.020899,-0.005498,-0.008514,0.999730,-0.016551,0.004551,0.015969,0.120269,-0.192565,0.973886
70.743625,-0.013839,0.000813,0.008849,0.020704,-0.005316,-0.008755,0.999733,-0.016320,0.003102,0.016681,-0.009770,0.348199,0.937370
70.777177,-0.013926,0.001003,0.008903,0.020397,-0.004755,-0.008135,0.999748,-0.016274,0.002835,0.016650,0.026668,0.328791,0.944026
70.794508,-0.013882,0.000630,0.008673,0.019804,-0.005028,-0.007770,0.999761,-0.016133,0.002705,0.016644,-0.001951,0.347339,0.937738
71.928845,-0.014264,0.000331,0.008478,0.020830,-0.009298,-0.009077,0.999699,-0.016501,0.002186,0.016517,-0.014454,0.368881,0.929364
71.945893,-0.014166,0.000288,0.008470,0.021126,-0.009485,-0.009723,0.999685,-0.016687,0.002385,0.016396,0.011092,0.342623,0.939408
72.230070,-0.013618,-0.000451,0.008288,0.021289,-0.004920,-0.010236,0.999709,-0.017549,0.003556,0.015438,0.171035,0.139586,0.975327
72.246758,-0.013597,-0.000342,0.008301,0.021387,-0.003999,-0.009820,0.999715,-0.017469,0.003550,0.015432,0.175761,0.128997,0.975945
72.280278,-0.013662,-0.000474,0.008397,0.021250,-0.003750,-0.009043,0.999726,-0.017270,0.003422,0.015461,0.187551,0.111836,0.975868
72.313469,-0.013808,-0.000669,0.008383,0.021013,-0.004580,-0.008938,0.999729,-0.012982,0.003912,0.011402,-0.043756,0.081471,0.995715
72.330375,-0.013813,-0.000732,0.008393,0.020982,-0.005385,-0.009252,0.999723,-0.013440,0.002856,0.012457,-0.045078,0.075582,0.996120
72.363497,-0.013865,-0.000801,0.008265,0.021482,-0.006338,-0.010450,0.999695,-0.013429,0.002938,0.012200,-0.057272,0.086147,0.994635
72.380286,-0.013775,-0.000865,0.008284,0.021773,-0.006299,-0.010974,0.999683,-0.013071,0.003681,0.011547,-0.016728,0.052066,0.998504
72.397184,-0.013642,-0.000978,0.008132,0.021925,-0.005882,-0.011199,0.999680,-0.013093,0.003638,0.011447,-0.022221,0.088977,0.995786
72.413946,-0.013567,-0.001091,0.008124,0.021912,-0.004978,-0.011008,0.999687,-0.013113,0.003720,0.011421,0.028530,0.028673,0.999182
72.447068,-0.013454,-0.001082,0.008049,0.021889,-0.003182,-0.010034,0.999705,-0.013238,0.003523,0.011928,-0.009771,0.008357,0.999917
72.513555,-0.013423,-0.001052,0.007990,0.021019,-0.002849,-0.008973,0.999735,-0.012420,0.002867,0.011905,0.090696,0.076991,0.992898
72.530310,-0.013459,-0.001237,0.008033,0.021073,-0.003472,-0.009346,0.999728,-0.012486,0.002968,0.011973,-0.010440,-0.015990,0.999818
72.547138,-0.013439,-0.001143,0.008025,0.021268,-0.004132,-0.010087,0.999714,-0.012310,0.003188,0.011635,0.036572,0.048960,0.998131
72.580512,-0.013303,-0.001139,0.008084,0.021933,-0.004357,-0.011942,0.999679,-0.012446,0.003226,0.012057,0.019674,-0.026785,0.999448
72.613581,-0.013151,-0.001225,0.008194,0.022672,-0.003179,-0.012694,0.999657,-0.012433,0.003363,0.011722,0.045931,0.003490,0.998939
72.630359,-0.013018,-0.001256,0.008133,0.023016,-0.002165,-0.012842,0.999650,-0.012503,0.003436,0.011923,0.057692,-0.008192,0.998301
72.647412,-0.012918,-0.001403,0.008081,0.023397,-0.000959,-0.012800,0.999644,-0.012356,0.003462,0.011911,0.071041,-0.019374,0.997285
72.664327,-0.012784,-0.001212,0.008149,0.023836,0.000101,-0.012555,0.999637,-0.012336,0.003337,0.012174,0.053229,-0.060216,0.996765
72.697832,-0.012639,-0.001099,0.008265,0.024061,0.001720,-0.012494,0.999631,-0.012112,0.003346,0.011931,0.094234,-0.033404,0.994990
72.731085,-0.012492,-0.001071,0.008393,0.023496,0.001693,-0.012085,0.999650,-0.011866,0.003369,0.011984,0.102649,-0.039911,0.993917
72.747811,-0.012476,-0.001305,0.008319,0.023732,0.001398,-0.012443,0.999640,-0.011677,0.003436,0.012028,0.105226,-0.053087,0.993030
72.781231,-0.012289,-0.001349,0.008240,0.024942,0.000913,-0.014179,0.999588,-0.011512,0.003427,0.012109,0.119482,-0.063078,0.990831
72.797968,-0.012155,-0.001306,0.008240,0.025680,0.000712,-0.014939,0.999558,-0.011477,0.003375,0.012111,0.125193,-0.064256,0.990049
72.814646,-0.012041,-0.001355,0.008224,0.026091,0.000817,-0.015465,0.999540,-0.011383,0.003380,0.012129,0.129510,-0.076377,0.988632
72.848067,-0.011666,-0.001469,0.008130,0.026267,0.002046,-0.015761,0.999529,-0.011074,0.003423,0.012024,0.120582,-0.096326,0.988019
72.881263,-0.011450,-0.001480,0.008026,0.026369,0.003570,-0.015420,0.999527,-0.010953,0.003373,0.011969,0.138843,-0.100855,0.985166
72.897951,-0.011290,-0.001510,0.008113,0.026318,0.004129,-0.015230,0.999529,-0.010673,0.003226,0.012254,0.155383,-0.136056,0.978440
72.914676,-0.011267,-0.001559,0.008001,0.026266,0.004494,-0.015137,0.999530,-0.010484,0.003157,0.012281,0.158683,-0.140914,0.977222
72.931566,-0.011094,-0.001512,0.008058,0.026288,0.004523,-0.015258,0.999528,-0.010423,0.003158,0.012196,0.165424,-0.143765,0.975688
72.965060,-0.010906,-0.001753,0.007977,0.026749,0.004284,-0.015867,0.999507,-0.010150,0.003161,0.012197,0.174580,-0.157257,0.972004
72.998376,-0.010795,-0.001666,0.007737,0.027424,0.004182,-0.017578,0.999461,-0.009926,0.003001,0.012193,0.183351,-0.159773,0.969977
73.031609,-0.010568,-0.001606,0.007663,0.027410,0.004580,-0.018896,0.999435,-0.009815,0.003050,0.012023,0.194738,-0.173604,0.965370
73.064898,-0.010400,-0.001756,0.007588,0.026781,0.005906,-0.018734,0.999448,-0.009565,0.003006,0.011932,0.198181,-0.177457,0.963967
73.081700,-0.010354,-0.001730,0.007520,0.026684,0.006477,-0.018297,0.999456,-0.009485,0.003131,0.012007,0.206796,-0.180458,0.961598
73.114677,-0.010345,-0.001679,0.007585,0.026732,0.007369,-0.017806,0.999457,-0.009317,0.003230,0.011944,0.209627,-0.188100,0.959518
73.131494,-0.010227,-0.001670,0.007676,0.026549,0.007306,-0.017522,0.999467,-0.009237,0.003182,0.011891,0.211975,-0.190212,0.958586
73.148477,-0.010212,-0.001487,0.007674,0.026343,0.007012,-0.017425,0.999477,-0.009122,0.003195,0.011897,0.213793,-0.196054,0.957003
73.165145,-0.010218,-0.001661,0.007735,0.026398,0.006542,-0.017668,0.999474,-0.009101,0.003190,0.011839,0.218675,-0.199394,0.955208
73.181892,-0.010160,-0.001641,0.007678,0.026629,0.006059,-0.018244,0.999461,-0.009114,0.003247,0.011828,0.223369,-0.199948,0.954006
73.214953,-0.010033,-0.001618,0.007606,0.027657,0.005740,-0.019885,0.999403,-0.008999,0.003350,0.011839,0.224758,-0.215047,0.950389
73.231895,-0.009893,-0.001487,0.007644,0.028108,0.005783,-0.020572,0.999377,-0.008958,0.003295,0.011864,0.229048,-0.220179,0.948187
73.265226,-0.009774,-0.001472,0.007607,0.028463,0.006760,-0.020795,0.999356,-0.008867,0.003331,0.011758,0.239214,-0.216823,0.946448
73.298903,-0.009741,-0.001479,0.007739,0.028402,0.008114,-0.019786,0.999368,-0.008808,0.003672,0.011764,0.242843,-0.249777,0.937357
73.332004,-0.009967,-0.001483,0.007826,0.028432,0.008289,-0.018638,0.999388,-0.008567,0.003435,0.011864,0.236790,-0.229091,0.944165
73.365541,-0.010128,-0.001363,0.007945,0.028307,0.007323,-0.017718,0.999415,-0.008586,0.003383,0.011833,0.230949,-0.222071,0.947284
73.398767,-0.010244,-0.001337,0.008143,0.028471,0.005669,-0.017886,0.999419,-0.008689,0.003491,0.012009,0.233876,-0.240827,0.941968
73.549225,-0.010262,-0.001268,0.009013,0.029310,0.008167,-0.016907,0.999394,-0.008850,0.003593,0.012794,0.238459,-0.234104,0.942514
73.582584,-0.010366,-0.001394,0.009327,0.029451,0.006718,-0.016570,0.999406,-0.008899,0.003654,0.013004,0.242668,-0.240485,0.939830
73.615604,-0.010428,-0.001442,0.009497,0.030325,0.004969,-0.017222,0.999379,-0.008965,0.003563,0.013274,0.239961,-0.238854,0.940940
73.632515,-0.010445,-0.001393,0.009546,0.030903,0.004549,-0.017834,0.999353,-0.009069,0.003567,0.013366,0.241537,-0.273701,0.930993
73.649304,-0.010433,-0.001333,0.009566,0.031380,0.004511,-0.018422,0.999328,-0.009156,0.003531,0.013483,0.240032,-0.278316,0.930013
73.666346,-0.010428,-0.001277,0.009563,0.031672,0.004857,-0.018629,0.999313,-0.009219,0.003513,0.013556,0.240258,-0.281458,0.929009
73.699126,-0.010332,-0.001287,0.009636,0.031575,0.006219,-0.018299,0.999315,-0.009314,0.003445,0.013580,0.242753,-0.236151,0.940906
73.716064,-0.010378,-0.001320,0.009579,0.031353,0.007151,-0.017749,0.999325,-0.009293,0.003470,0.013633,0.235005,-0.266777,0.934667
73.749479,-0.010533,-0.001321,0.009625,0.030961,0.008008,-0.016527,0.999352,-0.009261,0.003621,0.013697,0.238949,-0.274891,0.931310
73.782807,-0.010713,-0.001331,0.009577,0.030401,0.007001,-0.015367,0.999395,-0.009236,0.003548,0.013732,0.246663,-0.225558,0.942487
73.816056,-0.010793,-0.001288,0.009568,0.030695,0.004792,-0.015776,0.999393,-0.009326,0.003652,0.013774,0.241501,-0.270709,0.931877
73.832748,-0.010677,-0.001331,0.009621,0.030898,0.003911,-0.016418,0.999380,-0.009394,0.003628,0.013757,0.237428,-0.264552,0.934687
73.865977,-0.010527,-0.001047,0.009446,0.031310,0.003701,-0.017775,0.999345,-0.009516,0.003668,0.013778,0.239817,-0.281452,0.929125
73.883304,-0.010443,-0.000940,0.009391,0.031365,0.004406,-0.018198,0.999333,-0.009570,0.003702,0.013624,0.242402,-0.237683,0.940610
73.916294,-0.010233,-0.001063,0.009127,0.030744,0.006061,-0.017821,0.999350,-0.009497,0.003640,0.013416,0.233446,-0.262936,0.936145
73.933056,-0.010236,-0.001081,0.009005,0.030467,0.006966,-0.017478,0.999359,-0.009425,0.003693,0.013385,0.233437,-0.268968,0.934432
73.949746,-0.010292,-0.001131,0.008900,0.030326,0.007668,-0.017054,0.999365,-0.009364,0.003746,0.013279,0.232512,-0.269908,0.934392
73.966455,-0.010313,-0.001132,0.008987,0.030128,0.007886,-0.016585,0.999377,-0.009320,0.003809,0.013210,0.237483,-0.270649,0.932926
73.999689,-0.010459,-0.001165,0.009034,0.029764,0.007068,-0.015886,0.999406,-0.009156,0.003791,0.013181,0.241124,-0.274287,0.930928
74.016502,-0.010451,-0.001131,0.008988,0.029942,0.006123,-0.015806,0.999408,-0.009147,0.003840,0.013141,0.242606,-0.237104,0.940704
74.033253,-0.010506,-0.001112,0.009001,0.030270,0.005202,-0.016076,0.999399,-0.009157,0.003809,0.013117,0.237753,-0.273614,0.931992
74.066349,-0.010572,-0.001045,0.008881,0.031121,0.003924,-0.017337,0.999358,-0.009271,0.003821,0.013106,0.235752,-0.269356,0.933739
74.300398,-0.010592,0.000142,0.008850,0.028386,0.001389,-0.017379,0.999445,-0.009420,0.004430,0.012911,0.185630,-0.164710,0.968717
74.317105,-0.010572,0.000248,0.008850,0.028339,0.001577,-0.017563,0.999443,-0.009523,0.004453,0.012874,0.184520,-0.160569,0.969624
74.333950,-0.010646,0.000313,0.008920,0.028026,0.001957,-0.017474,0.999453,-0.009628,0.004572,0.012580,0.168957,-0.123620,0.977840
74.367130,-0.010746,0.000387,0.008925,0.027126,0.002492,-0.016813,0.999488,-0.009646,0.004835,0.012610,0.155300,-0.129650,0.979323
74.383892,-0.010878,0.000211,0.008961,0.026898,0.002450,-0.016372,0.999501,-0.009651,0.004928,0.012649,0.146980,-0.127573,0.980878
74.400802,-0.010948,0.000237,0.008885,0.026778,0.002041,-0.015989,0.999512,-0.009666,0.005052,0.012617,0.146811,-0.128071,0.980839
74.551179,-0.011756,0.000712,0.009060,0.026288,-0.005000,-0.017747,0.999484,-0.010366,0.004705,0.012783,0.103731,-0.062621,0.992632
74.584460,-0.011945,0.000797,0.009081,0.024739,-0.006268,-0.017665,0.999518,-0.010548,0.004791,0.012813,0.095483,-0.047553,0.994295
74.601320,-0.012221,0.000571,0.009237,0.024111,-0.006955,-0.017197,0.999537,-0.010674,0.004831,0.012851,0.095308,-0.037934,0.994725
74.618187,-0.012343,0.000622,0.009234,0.023580,-0.007641,-0.016660,0.999554,-0.010823,0.004767,0.013029,0.087769,-0.028873,0.995722
74.651289,-0.012593,0.000753,0.009206,0.022898,-0.009353,-0.016291,0.999561,-0.010961,0.004838,0.013011,0.068845,-0.022132,0.997382
74.684509,-0.012791,0.000599,0.009099,0.022814,-0.011056,-0.016766,0.999538,-0.011266,0.004751,0.013294,0.036152,-0.047850,0.998200
74.701276,-0.013017,0.000491,0.009009,0.022778,-0.011778,-0.017020,0.999526,-0.011266,0.004625,0.013316,0.073916,-0.021042,0.997043
74.734624,-0.013337,0.000795,0.008747,0.022612,-0.012728,-0.017426,0.999511,-0.011668,0.004443,0.013172,0.014269,-0.024985,0.999586
74.751312,-0.013469,0.000856,0.008754,0.022219,-0.013105,-0.017477,0.999515,-0.011876,0.004429,0.012824,0.039302,0.013163,0.999141
74.768204,-0.013594,0.000972,0.008720,0.021467,-0.013467,-0.017127,0.999532,-0.012113,0.004302,0.013063,0.008762,-0.010330,0.999908
74.801426,-0.013942,0.001055,0.008698,0.019477,-0.014263,-0.016137,0.999578,-0.012314,0.004540,0.012875,-0.030027,-0.017657,0.999393
74.834855,-0.014240,0.001000,0.008665,0.018009,-0.015203,-0.015003,0.999610,-0.012668,0.004646,0.012796,-0.028627,0.001210,0.999589
74.868069,-0.014532,0.001101,0.008520,0.017669,-0.016308,-0.014615,0.999604,-0.013101,0.004643,0.012788,-0.024270,0.015340,0.999588
74.884775,-0.014624,0.001092,0.008498,0.017848,-0.016921,-0.014580,0.999591,-0.013291,0.004699,0.012659,-0.035343,0.020502,0.999165
74.901542,-0.014731,0.001191,0.008459,0.018071,-0.017479,-0.014668,0.999576,-0.013436,0.004686,0.012643,-0.039357,0.035178,0.998606
74.918756,-0.014838,0.001307,0.008528,0.018157,-0.017929,-0.014972,0.999562,-0.013596,0.004686,0.012604,-0.039447,0.045707,0.998176
74.951496,-0.015039,0.001356,0.008282,0.018063,-0.018221,-0.015460,0.999551,-0.014447,0.004441,0.012395,-0.031786,0.072798,0.996840
74.968354,-0.015130,0.001411,0.008310,0.017875,-0.018174,-0.015494,0.999555,-0.014747,0.004255,0.012446,-0.045283,0.115414,0.992285
74.985050,-0.015181,0.001439,0.008364,0.017479,-0.018059,-0.015348,0.999566,-0.014837,0.004285,0.012473,-0.071716,0.095930,0.992801
76.321275,-0.016291,0.001815,0.008245,0.014348,-0.020259,-0.011656,0.999624,-0.014937,0.003211,0.013074,-0.263704,0.409461,0.873386
76.354350,-0.016213,0.001614,0.008423,0.015508,-0.020768,-0.012308,0.999588,-0.014925,0.003236,0.013158,-0.252742,0.404621,0.878865
76.821732,-0.013815,-0.000786,0.009872,0.025617,-0.009137,-0.015959,0.999503,-0.014356,0.002720,0.013945,-0.020182,0.094978,0.995275
76.872040,-0.013166,-0.000772,0.009677,0.025761,-0.006333,-0.016396,0.999514,-0.014031,0.002456,0.014006,-0.023166,0.083208,0.996263
76.888728,-0.013051,-0.000592,0.009689,0.025479,-0.005475,-0.016258,0.999528,-0.013700,0.002169,0.013757,-0.008573,0.090999,0.995814
76.905419,-0.012963,-0.000724,0.009806,0.024970,-0.004726,-0.015963,0.999550,-0.013520,0.002332,0.013746,0.001986,0.074188,0.997242
76.922459,-0.012862,-0.000848,0.009859,0.024356,-0.004059,-0.015631,0.999573,-0.013214,0.002402,0.013760,-0.003990,0.070751,0.997486
76.955641,-0.012697,-0.001374,0.009628,0.023830,-0.003070,-0.015331,0.999594,-0.012857,0.002548,0.013509,0.001663,0.054765,0.998498
76.988618,-0.012399,-0.001544,0.009608,0.024836,-0.001565,-0.015882,0.999564,-0.012546,0.002608,0.013550,0.008654,0.042701,0.999050
77.005632,-0.012314,-0.001622,0.009275,0.025704,-0.000890,-0.016196,0.999538,-0.012341,0.002547,0.013597,0.011829,0.038690,0.999181
77.038696,-0.011997,-0.001637,0.009301,0.027299,0.000693,-0.017106,0.999481,-0.011562,0.002200,0.013429,-0.010137,0.030756,0.999476
77.055495,-0.011846,-0.001758,0.009258,0.027986,0.001719,-0.017470,0.999454,-0.011291,0.002297,0.013351,-0.015741,-0.004722,0.999865
77.072212,-0.011642,-0.001697,0.009209,0.028666,0.002842,-0.017706,0.999428,-0.011309,0.002461,0.013241,0.010748,0.000135,0.999942
77.089236,-0.011400,-0.001666,0.009253,0.029320,0.004248,-0.018005,0.999399,-0.011079,0.002589,0.013151,0.011225,-0.018530,0.999765
77.122727,-0.010927,-0.001784,0.009401,0.029615,0.007050,-0.018052,0.999374,-0.010684,0.002691,0.012824,0.047904,-0.011310,0.998788
77.139555,-0.010803,-0.001832,0.009518,0.029312,0.007797,-0.017713,0.999383,-0.010500,0.002721,0.012895,0.053543,-0.026627,0.998211
77.172458,-0.010474,-0.002220,0.009562,0.029465,0.008786,-0.017363,0.999376,-0.010093,0.002718,0.012985,0.062044,-0.037149,0.997382
77.189149,-0.010370,-0.002293,0.009511,0.029906,0.009141,-0.017775,0.999353,-0.010073,0.002493,0.013145,0.098111,-0.014189,0.995074
77.205896,-0.010370,-0.002404,0.009471,0.030629,0.009179,-0.018322,0.999321,-0.009763,0.002541,0.013209,0.082481,-0.038752,0.995839
77.222605,-0.010279,-0.002375,0.009429,0.031267,0.008945,-0.018685,0.999296,-0.009656,0.002539,0.013155,0.087381,-0.049010,0.994969
77.255925,-0.010165,-0.002211,0.009396,0.032114,0.008434,-0.019444,0.999260,-0.009376,0.002269,0.013255,0.098180,-0.059146,0.993410
77.272896,-0.010108,-0.002143,0.009235,0.032286,0.008413,-0.019688,0.999249,-0.009315,0.002206,0.013273,0.107068,-0.064461,0.992160
77.289707,-0.010036,-0.002019,0.009240,0.032331,0.008506,-0.019789,0.999245,-0.009220,0.002245,0.013203,0.109811,-0.071632,0.991368
77.322810,-0.009885,-0.001647,0.009123,0.031656,0.008699,-0.019757,0.999266,-0.009028,0.002265,0.013091,0.118353,-0.076882,0.989991
77.339481,-0.009813,-0.001681,0.009043,0.030873,0.008701,-0.019537,0.999295,-0.008959,0.002357,0.013055,0.122675,-0.085778,0.988733
77.356291,-0.009731,-0.001689,0.009005,0.030179,0.008754,-0.019277,0.999320,-0.008894,0.002585,0.012945,0.121501,-0.087196,0.988754
77.373037,-0.009781,-0.001990,0.009024,0.029933,0.008785,-0.019237,0.999328,-0.008859,0.002728,0.012889,0.122096,-0.094712,0.987989
77.405945,-0.009697,-0.002054,0.008845,0.030854,0.008718,-0.019643,0.999293,-0.008830,0.002920,0.012979,0.131444,-0.110148,0.985185
77.423076,-0.009681,-0.002135,0.008741,0.031679,0.008521,-0.019978,0.999262,-0.008686,0.002963,0.012948,0.127709,-0.111820,0.985488
77.439889,-0.009556,-0.002026,0.008726,0.032210,0.008375,-0.020288,0.999240,-0.008648,0.002896,0.012902,0.132691,-0.118302,0.984072
77.473065,-0.009561,-0.001584,0.008794,0.031935,0.007959,-0.020150,0.999255,-0.008507,0.002725,0.012799,0.144701,-0.129057,0.981023
77.506480,-0.009512,-0.001259,0.008583,0.030698,0.008217,-0.019887,0.999297,-0.008484,0.002720,0.012849,0.156977,-0.137701,0.977955
77.539724,-0.009474,-0.000971,0.008634,0.029263,0.008308,-0.019451,0.999348,-0.008324,0.002731,0.012979,0.178659,-0.169621,0.969180
77.556659,-0.009534,-0.001074,0.008595,0.028401,0.008143,-0.019083,0.999381,-0.008282,0.002873,0.012994,0.182186,-0.170317,0.968401
77.590078,-0.009501,-0.001403,0.008679,0.027664,0.007512,-0.018951,0.999409,-0.008285,0.003268,0.012895,0.187670,-0.177955,0.965977
77.623544,-0.009384,-0.001670,0.008762,0.028777,0.007234,-0.019870,0.999362,-0.008363,0.003573,0.012916,0.196905,-0.191987,0.961441
77.657040,-0.009262,-0.001668,0.008915,0.030891,0.007597,-0.020939,0.999275,-0.008388,0.003526,0.012971,0.203797,-0.206185,0.957055
77.690198,-0.009138,-0.001738,0.008822,0.032431,0.008323,-0.021227,0.999214,-0.008266,0.003226,0.012806,0.208260,-0.191894,0.959064
77.724139,-0.009173,-0.001449,0.009087,0.032982,0.009063,-0.020883,0.999197,-0.008119,0.003102,0.012902,0.214140,-0.212290,0.953455
77.757296,-0.009390,-0.001320,0.009191,0.032328,0.008833,-0.020181,0.999235,-0.008023,0.003030,0.013022,0.219556,-0.209801,0.952774
77.790721,-0.009584,-0.001589,0.009355,0.031246,0.007769,-0.019404,0.999293,-0.008013,0.003148,0.013175,0.224899,-0.227207,0.947522
77.807397,-0.009700,-0.001801,0.009464,0.031358,0.007094,-0.019169,0.999299,-0.008021,0.003166,0.013230,0.225536,-0.224352,0.948051
77.824099,-0.009747,-0.001861,0.009482,0.031692,0.006554,-0.019261,0.999291,-0.008120,0.003276,0.013341,0.226469,-0.235143,0.945209
77.857500,-0.009792,-0.001858,0.009645,0.032728,0.005942,-0.019439,0.999258,-0.008277,0.003148,0.013494,0.232255,-0.231262,0.944762
77.890554,-0.009760,-0.001591,0.009998,0.032999,0.006132,-0.019422,0.999248,-0.008495,0.002993,0.013709,0.234690,-0.229845,0.944506
77.923614,-0.009722,-0.001514,0.010194,0.032913,0.006900,-0.019293,0.999248,-0.008502,0.002798,0.013957,0.235899,-0.228052,0.944640
77.940618,-0.009786,-0.001217,0.010263,0.032797,0.007075,-0.019024,0.999256,-0.008494,0.002796,0.014035,0.233263,-0.226802,0.945595
77.957286,-0.009785,-0.001220,0.010402,0.032523,0.007271,-0.019084,0.999262,-0.008557,0.002954,0.014078,0.236735,-0.229361,0.944113
77.990535,-0.009819,-0.001395,0.010606,0.031636,0.006949,-0.018832,0.999298,-0.008466,0.003084,0.014304,0.239284,-0.234078,0.942312
78.007330,-0.009798,-0.001855,0.010605,0.031462,0.006702,-0.018827,0.999305,-0.008475,0.003195,0.014386,0.240260,-0.235201,0.941783
78.040735,-0.009736,-0.002138,0.010547,0.032728,0.006300,-0.019064,0.999263,-0.008527,0.003381,0.014567,0.243202,-0.244007,0.938783
78.057544,-0.009782,-0.002315,0.010490,0.033625,0.006221,-0.019308,0.999229,-0.008537,0.003380,0.014590,0.245010,-0.248573,0.937113
78.074339,-0.009889,-0.002237,0.010411,0.034449,0.006109,-0.019449,0.999199,-0.008547,0.003273,0.014666,0.246007,-0.252302,0.935855
78.091238,-0.009905,-0.002221,0.010396,0.034926,0.006126,-0.019492,0.999181,-0.008611,0.003031,0.014682,0.248050,-0.244553,0.937371
78.124316,-0.009946,-0.001977,0.010200,0.034747,0.006170,-0.018675,0.999203,-0.008622,0.002746,0.014662,0.247614,-0.249601,0.936155
78.140998,-0.009964,-0.001817,0.010111,0.034254,0.006234,-0.018445,0.999224,-0.008633,0.002647,0.014640,0.248130,-0.247683,0.936528
78.157698,-0.010017,-0.001543,0.010066,0.033608,0.006190,-0.018179,0.999251,-0.008647,0.002614,0.014577,0.248389,-0.247266,0.936570
78.174724,-0.010140,-0.001505,0.010034,0.032618,0.005950,-0.017843,0.999291,-0.008679,0.002661,0.014501,0.247414,-0.246922,0.936918
78.207897,-0.010352,-0.001599,0.009932,0.030999,0.005353,-0.017298,0.999355,-0.008811,0.002870,0.014348,0.246981,-0.242194,0.938266
78.241098,-0.010530,-0.001900,0.009701,0.030864,0.004595,-0.017289,0.999364,-0.008977,0.003021,0.014205,0.243442,-0.232753,0.941574
78.257863,-0.010537,-0.002072,0.009613,0.031057,0.004393,-0.017599,0.999353,-0.009112,0.003302,0.014181,0.240803,-0.260448,0.934977
78.458274,-0.010897,-0.002054,0.009008,0.028857,0.002751,-0.016899,0.999437,-0.009641,0.003245,0.012885,0.222131,-0.209955,0.952143
78.491491,-0.010796,-0.002158,0.008981,0.030153,0.002275,-0.017517,0.999389,-0.009628,0.003291,0.013272,0.226832,-0.259075,0.938844
78.525194,-0.010636,-0.001983,0.009097,0.030893,0.002768,-0.017611,0.999364,-0.009855,0.003226,0.012910,0.225488,-0.236143,0.945194
78.558340,-0.010442,-0.001767,0.009119,0.031010,0.003907,-0.017596,0.999357,-0.009836,0.002883,0.012844,0.228960,-0.205747,0.951444
78.575408,-0.010460,-0.001615,0.009286,0.030918,0.004170,-0.017528,0.999360,-0.009619,0.002676,0.013191,0.236398,-0.212371,0.948164
78.608742,-0.010443,-0.001699,0.009501,0.030288,0.004261,-0.017573,0.999378,-0.009672,0.002850,0.013044,0.234645,-0.193699,0.952587
78.642080,-0.010408,-0.002092,0.009691,0.029757,0.004087,-0.017964,0.999387,-0.009570,0.003072,0.013146,0.224624,-0.202012,0.953276
78.959149,-0.010719,-0.002265,0.009751,0.030619,0.003079,-0.017958,0.999365,-0.009458,0.002373,0.014031,0.187256,-0.170127,0.967467
78.976237,-0.010805,-0.002250,0.009719,0.030638,0.003178,-0.017681,0.999369,-0.009418,0.002263,0.014043,0.185322,-0.168126,0.968189
79.009301,-0.011043,-0.001871,0.009747,0.030281,0.002790,-0.017150,0.999390,-0.009045,0.002064,0.014164,0.161330,-0.186683,0.969083
79.026138,-0.011245,-0.001811,0.009837,0.029682,0.002254,-0.016847,0.999415,-0.009140,0.002207,0.013963,0.145850,-0.171141,0.974392
79.042961,-0.011341,-0.001790,0.009916,0.029022,0.001552,-0.016652,0.999439,-0.009729,0.002512,0.013623,0.172391,-0.145606,0.974208
79.075851,-0.011567,-0.002145,0.009899,0.028305,0.000488,-0.016443,0.999464,-0.009919,0.002816,0.013640,0.164639,-0.153793,0.974290
79.209625,-0.012666,-0.001400,0.009995,0.028528,-0.004349,-0.016208,0.999452,-0.011012,0.002631,0.013683,0.147708,-0.127980,0.980716
79.243067,-0.012840,-0.001278,0.010185,0.027296,-0.005675,-0.015860,0.999486,-0.011222,0.002771,0.013727,0.140485,-0.120722,0.982695
79.259953,-0.012942,-0.001182,0.010397,0.026683,-0.006309,-0.015721,0.999501,-0.011335,0.002929,0.013830,0.137723,-0.113339,0.983965
79.293497,-0.013137,-0.001462,0.010521,0.025936,-0.007520,-0.015910,0.999509,-0.011584,0.003196,0.014016,0.133962,-0.102439,0.985678
79.326390,-0.013429,-0.001682,0.010415,0.026319,-0.009123,-0.016293,0.999479,-0.011848,0.003357,0.014198,0.129673,-0.103383,0.986153
79.343148,-0.013501,-0.001662,0.010380,0.026815,-0.009740,-0.016455,0.999458,-0.012028,0.003210,0.014220,0.138586,-0.078065,0.987269
79.360209,-0.013673,-0.001509,0.010456,0.027167,-0.010041,-0.016546,0.999444,-0.012005,0.003251,0.014243,0.118517,-0.091789,0.988700
79.393719,-0.013868,-0.001271,0.010389,0.027270,-0.011017,-0.016047,0.999439,-0.012257,0.003211,0.014380,0.112470,-0.094033,0.989196
79.426947,-0.014035,-0.000741,0.010430,0.026329,-0.011639,-0.015182,0.999470,-0.012469,0.003128,0.014330,0.107083,-0.086890,0.990446
79.443649,-0.014059,-0.000672,0.010464,0.025458,-0.011840,-0.014906,0.999495,-0.012591,0.003159,0.014562,0.079558,-0.116924,0.989949
79.476504,-0.014159,-0.000621,0.010434,0.023832,-0.012389,-0.014474,0.999534,-0.012884,0.003366,0.014263,0.107292,-0.073342,0.991519
79.494033,-0.014173,-0.000873,0.010399,0.023383,-0.012742,-0.014501,0.999540,-0.012908,0.003517,0.014234,0.105207,-0.066465,0.992227
79.527077,-0.014366,-0.000995,0.010179,0.023347,-0.013638,-0.015075,0.999521,-0.012952,0.003642,0.014524,0.118022,-0.090129,0.988912
79.560476,-0.014503,-0.000840,0.010087,0.023957,-0.014555,-0.015672,0.999484,-0.013230,0.003825,0.014173,0.095806,-0.057644,0.993730
79.593715,-0.014659,-0.000601,0.010090,0.023815,-0.015138,-0.015581,0.999480,-0.013400,0.003667,0.014102,0.092869,-0.042685,0.994763
79.627255,-0.014705,-0.000369,0.010037,0.023178,-0.015204,-0.014991,0.999503,-0.013595,0.003545,0.014015,0.092108,-0.023814,0.995464
79.660424,-0.014816,-0.000181,0.010047,0.022240,-0.015007,-0.014333,0.999537,-0.013674,0.003624,0.014009,0.082908,-0.024107,0.996266
79.677158,-0.014780,-0.000186,0.010344,0.021608,-0.015245,-0.014197,0.999549,-0.013679,0.003749,0.013967,0.075533,-0.028606,0.996733
79.693921,-0.014809,-0.000368,0.010333,0.020981,-0.015588,-0.014166,0.999558,-0.013660,0.003755,0.014165,0.074867,-0.020750,0.996978
79.727229,-0.014800,-0.000568,0.010180,0.020655,-0.016307,-0.014605,0.999547,-0.013701,0.003951,0.014146,0.067500,-0.021316,0.997492
79.760655,-0.014900,-0.000780,0.010002,0.021133,-0.016744,-0.015058,0.999523,-0.013689,0.003916,0.014057,0.054346,-0.008638,0.998485
79.777441,-0.014886,-0.000700,0.009913,0.021247,-0.016864,-0.015202,0.999516,-0.013776,0.003949,0.014003,0.053137,-0.004924,0.998575
79.810639,-0.014899,-0.000411,0.009551,0.021171,-0.016903,-0.014505,0.999528,-0.013791,0.003735,0.013904,0.046646,0.005520,0.998896
79.844042,-0.014918,0.000031,0.009473,0.020306,-0.017119,-0.013708,0.999553,-0.013902,0.003535,0.013859,0.023214,-0.024280,0.999436
79.860936,-0.014974,-0.000022,0.009429,0.019659,-0.017315,-0.013559,0.999565,-0.013892,0.003524,0.013788,0.040362,-0.005278,0.999171
79.894233,-0.014910,0.000175,0.009163,0.018461,-0.018248,-0.013034,0.999578,-0.013931,0.003737,0.013586,0.031900,0.000690,0.999491
79.927918,-0.015019,-0.000062,0.009052,0.018202,-0.019137,-0.013071,0.999566,-0.013793,0.004159,0.013014,0.033132,0.016821,0.999309
79.961056,-0.015160,-0.000266,0.008719,0.018871,-0.019301,-0.013346,0.999547,-0.014076,0.004202,0.013262,0.009852,-0.009012,0.999911
79.978077,-0.015187,-0.000311,0.008622,0.019410,-0.019348,-0.013375,0.999535,-0.013962,0.004426,0.012869,0.026846,0.017729,0.999482
80.010934,-0.015218,-0.000160,0.008370,0.020187,-0.019148,-0.012862,0.999530,-0.014100,0.004304,0.012695,0.026139,0.024483,0.999359
80.027971,-0.015301,-0.000017,0.008196,0.020263,-0.019082,-0.012392,0.999536,-0.014232,0.004018,0.012912,0.003598,-0.008637,0.999956
80.044834,-0.015330,0.000178,0.008107,0.020074,-0.018968,-0.011881,0.999548,-0.014240,0.003940,0.012811,0.000860,-0.007917,0.999968
80.077814,-0.015560,0.000504,0.007979,0.018794,-0.019267,-0.010873,0.999579,-0.014321,0.003882,0.012526,0.015167,0.019413,0.999697
80.111115,-0.015660,0.000799,0.007926,0.017200,-0.020196,-0.010688,0.999591,-0.014280,0.004190,0.012257,-0.012743,-0.003063,0.999914
80.128025,-0.015862,0.000682,0.008026,0.016936,-0.020655,-0.010762,0.999585,-0.014371,0.004356,0.012213,-0.009037,0.000782,0.999959
80.144904,-0.015882,0.000585,0.007968,0.016908,-0.021072,-0.010957,0.999575,-0.014414,0.004611,0.012048,-0.015182,0.001233,0.999884
80.177781,-0.015954,0.000440,0.007833,0.017665,-0.021073,-0.011236,0.999559,-0.014741,0.004913,0.012155,0.029139,0.013956,0.999478
80.194814,-0.015932,0.000605,0.007840,0.018209,-0.020859,-0.011214,0.999554,-0.014693,0.004795,0.012103,0.038169,0.025227,0.998953
80.211528,-0.015958,0.000680,0.007812,0.018581,-0.020412,-0.011054,0.999558,-0.014740,0.004865,0.012014,0.033280,0.016072,0.999317
80.228220,-0.016000,0.000807,0.007822,0.018725,-0.020069,-0.010668,0.999566,-0.014800,0.004831,0.012016,0.037975,0.023009,0.999014
80.244888,-0.016041,0.000911,0.007864,0.018652,-0.020013,-0.010126,0.999575,-0.014833,0.004776,0.011970,0.039776,0.010351,0.999155
80.261915,-0.016144,0.001016,0.007900,0.018589,-0.019947,-0.009760,0.999581,-0.014836,0.004744,0.011929,0.037386,0.013401,0.999211
80.295314,-0.016280,0.001070,0.008102,0.018312,-0.020544,-0.009222,0.999579,-0.015038,0.004924,0.011882,-0.003282,-0.001801,0.999993
80.328872,-0.016440,0.001096,0.008235,0.018007,-0.021661,-0.009263,0.999560,-0.015077,0.005069,0.011992,-0.004085,-0.000290,0.999992
80.362193,-0.016403,0.000849,0.008486,0.018492,-0.022290,-0.009693,0.999534,-0.015206,0.005246,0.012084,-0.007736,-0.003092,0.999965
80.395360,-0.016293,0.000657,0.008528,0.019426,-0.021478,-0.010000,0.999531,-0.015413,0.005239,0.012388,-0.002065,0.001009,0.999997
80.428487,-0.016372,0.000709,0.008728,0.020254,-0.020253,-0.009376,0.999546,-0.015476,0.005132,0.012560,-0.002573,-0.005365,0.999982
80.445495,-0.016359,0.000926,0.008744,0.020267,-0.019850,-0.008885,0.999558,-0.015506,0.005015,0.012583,0.001940,-0.000962,0.999998
80.462360,-0.016405,0.001119,0.008830,0.020046,-0.019629,-0.008412,0.999571,-0.015496,0.004884,0.012776,-0.001865,-0.003688,0.999992
80.495498,-0.016561,0.001254,0.009200,0.019075,-0.019947,-0.007917,0.999588,-0.015468,0.004825,0.012870,-0.004098,-0.002674,0.999988
80.528862,-0.016642,0.001399,0.009265,0.018217,-0.020593,-0.008127,0.999589,-0.015528,0.004956,0.013135,-0.002588,0.000061,0.999997
80.545626,-0.016679,0.001184,0.009264,0.018359,-0.020860,-0.008292,0.999579,-0.015517,0.005097,0.013192,-0.005147,-0.004212,0.999978
80.578748,-0.016642,0.000778,0.009339,0.019218,-0.021032,-0.008873,0.999555,-0.015692,0.005290,0.013238,-0.001298,0.003586,0.999993
80.595688,-0.016591,0.000446,0.009682,0.019906,-0.020797,-0.009024,0.999545,-0.015674,0.005405,0.013050,0.023569,0.040718,0.998893
80.628899,-0.016526,0.000124,0.009727,0.021595,-0.019741,-0.008826,0.999533,-0.015721,0.005068,0.013777,0.001067,-0.000545,0.999999
80.662386,-0.016572,0.000092,0.009727,0.022855,-0.018615,-0.008060,0.999533,-0.015608,0.004673,0.013826,-0.005230,-0.005633,0.999970
80.695879,-0.016554,-0.000253,0.009947,0.023693,-0.018238,-0.007252,0.999527,-0.015593,0.004331,0.013861,-0.005214,-0.002987,0.999982
80.729190,-0.016545,-0.000120,0.010183,0.024201,-0.018519,-0.006332,0.999516,-0.015527,0.004053,0.014016,0.023370,0.024010,0.999439
80.746050,-0.016551,-0.000113,0.010205,0.024070,-0.018456,-0.006555,0.999518,-0.015529,0.003909,0.014185,0.026332,0.020880,0.999435
80.779143,-0.016512,-0.000130,0.010414,0.023362,-0.019276,-0.007535,0.999513,-0.015596,0.003882,0.014362,0.009637,-0.002378,0.999951
80.796032,-0.016546,0.000626,0.010559,0.021498,-0.019615,-0.008251,0.999542,-0.015635,0.003887,0.014349,0.032129,0.022518,0.999230
80.812848,-0.016392,0.001177,0.010443,0.018141,-0.019860,-0.009004,0.999598,-0.015662,0.003976,0.014439,0.032512,0.022228,0.999224
80.829730,-0.016378,0.001357,0.010112,0.015083,-0.020004,-0.009086,0.999645,-0.015677,0.004136,0.014468,0.033115,0.023724,0.999170
80.862574,-0.016195,0.002189,0.009487,0.010584,-0.019059,-0.009585,0.999717,-0.015654,0.004369,0.014530,0.039170,0.017232,0.999084
80.879645,-0.016147,0.002590,0.009277,0.008737,-0.018583,-0.009177,0.999747,-0.015649,0.004695,0.014454,0.041468,0.016433,0.999005
80.913048,-0.016008,0.003026,0.009003,0.005395,-0.017936,-0.008291,0.999790,-0.015399,0.005935,0.013642,0.041973,0.046489,0.998037
80.946195,-0.015859,0.003479,0.009223,0.003607,-0.017396,-0.007839,0.999812,-0.015240,0.006989,0.013353,0.035538,0.037390,0.998669
80.979438,-0.015861,0.003080,0.009307,0.004110,-0.016921,-0.008284,0.999814,-0.015041,0.007510,0.013089,0.028330,0.034590,0.999000
81.012902,-0.015943,0.002190,0.009353,0.007533,-0.017525,-0.009014,0.999777,-0.014994,0.007742,0.013155,0.001409,-0.006536,0.999978
81.029872,-0.015984,0.001436,0.009204,0.010079,-0.017951,-0.009150,0.999746,-0.014940,0.007679,0.012909,0.026800,0.032108,0.999125
81.062877,-0.016085,0.000667,0.009226,0.015599,-0.018080,-0.008692,0.999677,-0.014980,0.007089,0.012844,0.031735,0.040954,0.998657
81.079896,-0.016156,0.000680,0.009266,0.017591,-0.018162,-0.008202,0.999647,-0.014969,0.006814,0.012852,0.029515,0.031132,0.999079
81.096781,-0.016084,0.000616,0.009350,0.018889,-0.018466,-0.007759,0.999621,-0.015129,0.006276,0.013107,0.004523,-0.003708,0.999983
81.130154,-0.015943,0.000415,0.009730,0.019544,-0.018496,-0.007095,0.999613,-0.015066,0.005502,0.012873,0.022561,0.027743,0.999360
81.163505,-0.015802,0.000930,0.009826,0.018109,-0.018301,-0.007461,0.999641,-0.015156,0.004629,0.013612,-0.000244,0.002662,0.999996
81.180353,-0.015680,0.001092,0.009785,0.016765,-0.018222,-0.008175,0.999660,-0.015144,0.004585,0.013690,0.001194,0.002138,0.999997
81.197282,-0.015511,0.001149,0.009649,0.015376,-0.018187,-0.008975,0.999676,-0.015081,0.004604,0.013762,-0.000142,0.003253,0.999995
81.230223,-0.015265,0.001478,0.009263,0.013448,-0.017587,-0.010379,0.999701,-0.014963,0.004844,0.013803,0.002076,0.001102,0.999997
81.246940,-0.015097,0.001424,0.009142,0.012777,-0.016864,-0.010855,0.999717,-0.014786,0.005345,0.013361,0.023775,0.036261,0.999060
81.263883,-0.014976,0.001426,0.009048,0.012415,-0.016105,-0.010949,0.999733,-0.014819,0.005338,0.013576,0.003741,0.002715,0.999989
81.296908,-0.014863,0.001816,0.009016,0.011962,-0.014557,-0.010485,0.999768,-0.014639,0.005502,0.013152,0.038264,0.054594,0.997775
81.313670,-0.014772,0.001908,0.008996,0.011869,-0.014040,-0.010115,0.999780,-0.014351,0.005617,0.013388,0.005480,0.003476,0.999979
81.347163,-0.014814,0.001737,0.009075,0.012019,-0.013585,-0.009566,0.999790,-0.014166,0.005741,0.013166,0.007023,0.011296,0.999912
81.380454,-0.014876,0.001753,0.009194,0.012467,-0.014609,-0.009459,0.999771,-0.014022,0.005835,0.013100,0.002309,0.009593,0.999951
81.413664,-0.014841,0.001412,0.009207,0.013688,-0.015778,-0.010610,0.999726,-0.013840,0.005851,0.013105,-0.004564,0.013913,0.999893
81.447224,-0.014695,0.001188,0.009195,0.014903,-0.015942,-0.011592,0.999695,-0.013794,0.005908,0.013106,-0.003523,0.013366,0.999905
81.580728,-0.014482,0.001535,0.009097,0.013764,-0.014137,-0.009604,0.999759,-0.013760,0.004916,0.013384,0.057307,0.112499,0.991998
81.614104,-0.014410,0.001590,0.009024,0.013049,-0.014746,-0.010656,0.999749,-0.013661,0.004971,0.013371,0.047446,0.124199,0.991122
81.630954,-0.014432,0.001449,0.009007,0.012806,-0.014957,-0.011206,0.999743,-0.013556,0.004919,0.013374,0.036367,0.141251,0.989306
81.664546,-0.014303,0.001413,0.008939,0.012710,-0.014716,-0.011920,0.999740,-0.013497,0.004875,0.013354,0.033139,0.170565,0.984789
84.803739,-0.015691,0.000301,0.009745,0.019315,-0.017954,-0.010453,0.999598,-0.014312,0.004371,0.013472,-0.227127,0.033513,0.973288
84.836822,-0.015580,0.000499,0.009976,0.020399,-0.017838,-0.011489,0.999567,-0.015066,0.005068,0.013496,-0.219138,0.020971,0.975469
84.870153,-0.015540,0.000381,0.010228,0.020709,-0.017360,-0.011699,0.999566,-0.015095,0.004916,0.013712,-0.223682,0.019803,0.974461
84.903206,-0.015465,0.000240,0.010182,0.020385,-0.016046,-0.011207,0.999601,-0.015049,0.004896,0.013881,-0.238497,-0.019624,0.970945
84.920326,-0.015494,0.000103,0.010327,0.020309,-0.015626,-0.010658,0.999615,-0.015215,0.004440,0.013966,-0.229268,0.002210,0.973361
84.953674,-0.015547,0.000061,0.010474,0.020567,-0.015582,-0.009839,0.999619,-0.014899,0.004599,0.014023,-0.244625,-0.015356,0.969496
84.970429,-0.015551,-0.000126,0.010508,0.020904,-0.015993,-0.009710,0.999606,-0.014856,0.004709,0.014150,-0.252888,-0.046537,0.966376
85.003747,-0.015426,-0.000393,0.010484,0.022418,-0.016852,-0.010699,0.999549,-0.014874,0.004554,0.014284,-0.249061,-0.045618,0.967413
85.020444,-0.015377,-0.000462,0.010573,0.023339,-0.017121,-0.011397,0.999516,-0.014913,0.004372,0.014271,-0.245695,-0.050129,0.968050
85.037221,-0.015269,-0.000502,0.010399,0.024194,-0.017037,-0.012096,0.999489,-0.014823,0.004398,0.014316,-0.249636,-0.058137,0.966593
85.070503,-0.015146,-0.000696,0.010469,0.025807,-0.015929,-0.012722,0.999459,-0.014721,0.004279,0.014314,-0.247081,-0.080750,0.965624
85.087400,-0.015074,-0.000851,0.010560,0.026330,-0.015299,-0.012719,0.999455,-0.014639,0.004236,0.014369,-0.249032,-0.090235,0.964283
85.104131,-0.014962,-0.000959,0.010519,0.026651,-0.014773,-0.012524,0.999457,-0.014472,0.004170,0.014142,-0.232460,-0.074377,0.969758
85.137363,-0.014908,-0.001360,0.010549,0.027358,-0.013295,-0.011938,0.999466,-0.014273,0.004279,0.014117,-0.196753,-0.033830,0.979869
85.170513,-0.014921,-0.001545,0.010532,0.028232,-0.012974,-0.011300,0.999453,-0.014277,0.003761,0.014499,-0.236971,-0.123735,0.963605
85.187551,-0.014905,-0.001716,0.010595,0.028767,-0.013171,-0.011332,0.999435,-0.014102,0.004252,0.014555,-0.202109,-0.107627,0.973431
85.220921,-0.014750,-0.001905,0.010475,0.030021,-0.013551,-0.012237,0.999383,-0.014198,0.003299,0.014555,-0.212604,-0.140251,0.967021
85.237638,-0.014570,-0.001970,0.010427,0.030834,-0.013519,-0.012917,0.999350,-0.014186,0.003126,0.014573,-0.207222,-0.142645,0.967839
85.270749,-0.014089,-0.001647,0.010634,0.032333,-0.012720,-0.014178,0.999296,-0.013977,0.002998,0.014329,-0.179296,-0.144352,0.973147
85.287463,-0.013938,-0.001688,0.010640,0.032590,-0.012046,-0.014417,0.999292,-0.013652,0.003166,0.014427,-0.175628,-0.149766,0.972998
85.304288,-0.013839,-0.001737,0.010667,0.032473,-0.011130,-0.014398,0.999307,-0.013566,0.003046,0.014479,-0.172495,-0.152613,0.973116
85.321149,-0.013632,-0.001729,0.010650,0.032200,-0.010161,-0.014345,0.999327,-0.013509,0.002983,0.014478,-0.164101,-0.156288,0.973984
85.354304,-0.013459,-0.001876,0.010612,0.031728,-0.008379,-0.014214,0.999360,-0.013200,0.003162,0.014129,-0.133569,-0.141809,0.980841
85.805216,-0.009838,-0.001440,0.010310,0.030696,0.004325,-0.020031,0.999319,-0.009444,0.003501,0.013740,0.105349,-0.254273,0.961378
85.822163,-0.009666,-0.001386,0.010411,0.030778,0.004498,-0.020103,0.999314,-0.010131,0.004383,0.013215,0.146309,-0.282085,0.948168
85.855327,-0.009579,-0.001476,0.010377,0.031180,0.005052,-0.020796,0.999285,-0.009047,0.003590,0.014310,0.127876,-0.255961,0.958192
85.888927,-0.009594,-0.001350,0.010344,0.031639,0.004911,-0.021923,0.999247,-0.008697,0.003486,0.014366,0.135055,-0.257241,0.956863
85.922206,-0.009499,-0.001145,0.010388,0.031510,0.005217,-0.022568,0.999235,-0.008764,0.003600,0.014019,0.142555,-0.219582,0.965123
85.939070,-0.009482,-0.001030,0.010557,0.030979,0.005682,-0.022552,0.999250,-0.008589,0.003557,0.014014,0.144519,-0.197615,0.969568
85.955907,-0.009390,-0.000926,0.010615,0.030295,0.006074,-0.022287,0.999274,-0.008520,0.003475,0.013983,0.142253,-0.162232,0.976445
85.973031,-0.009386,-0.001044,0.010832,0.029604,0.006439,-0.021942,0.999300,-0.008495,0.003579,0.014061,0.153525,-0.160410,0.975038
86.005929,-0.009238,-0.000952,0.011031,0.028852,0.007144,-0.021435,0.999328,-0.008183,0.003435,0.014622,0.176211,-0.156935,0.971762
86.039221,-0.008964,-0.000805,0.011200,0.028548,0.007236,-0.021797,0.999329,-0.008045,0.003586,0.014831,0.190442,-0.144655,0.970982
86.055957,-0.008805,-0.000828,0.011238,0.028606,0.007339,-0.022285,0.999315,-0.007930,0.003636,0.014883,0.190800,-0.134178,0.972415
86.089212,-0.008581,-0.000629,0.011068,0.028847,0.007568,-0.023873,0.999270,-0.007785,0.003714,0.014852,0.202460,-0.130095,0.970611
86.123009,-0.008338,-0.000441,0.010942,0.028897,0.008558,-0.024811,0.999238,-0.007574,0.003741,0.014872,0.212602,-0.112965,0.970587
86.139697,-0.008214,-0.000247,0.010877,0.028612,0.009041,-0.024942,0.999239,-0.007414,0.003736,0.014933,0.219311,-0.110465,0.969382
86.173008,-0.007997,-0.000092,0.010831,0.027297,0.009986,-0.024758,0.999271,-0.007055,0.003828,0.014873,0.219831,-0.088790,0.971489
86.205962,-0.007892,-0.000202,0.010652,0.025940,0.010560,-0.024220,0.999314,-0.006803,0.003954,0.014792,0.229470,-0.065033,0.971141
86.222671,-0.007800,-0.000263,0.010635,0.025356,0.010578,-0.024094,0.999332,-0.006613,0.003915,0.014700,0.230038,-0.051891,0.971797
86.239472,-0.007820,-0.000085,0.010578,0.025224,0.010525,-0.024093,0.999336,-0.006432,0.003892,0.014732,0.230795,-0.046737,0.971879
86.272890,-0.007665,-0.000011,0.010308,0.025177,0.009936,-0.024487,0.999334,-0.006240,0.003927,0.014757,0.242549,-0.005023,0.970126
86.306107,-0.007623,0.000321,0.009981,0.024889,0.009237,-0.025200,0.999330,-0.006116,0.003899,0.014568,0.257559,0.022478,0.966001
86.339579,-0.007534,0.000803,0.009808,0.023674,0.009238,-0.025506,0.999352,-0.005997,0.003830,0.014340,0.258512,0.038568,0.965238
86.356273,-0.007498,0.000946,0.009691,0.022589,0.009393,-0.025390,0.999378,-0.005965,0.003936,0.014195,0.261237,0.044423,0.964252
86.389710,-0.007515,0.001213,0.009520,0.020199,0.009701,-0.024542,0.999448,-0.005934,0.004231,0.013954,0.262224,0.057128,0.963315
86.406779,-0.007643,0.001206,0.009317,0.019164,0.009590,-0.024022,0.999482,-0.005894,0.004388,0.013861,0.262250,0.066801,0.962685
86.440349,-0.007742,0.001380,0.009121,0.017660,0.008728,-0.023391,0.999532,-0.005850,0.004767,0.013669,0.259242,0.079121,0.962566
86.473521,-0.007778,0.001555,0.008943,0.016645,0.007335,-0.023772,0.999552,-0.005942,0.005021,0.013433,0.247059,0.096513,0.964182
86.556979,-0.008511,0.002447,0.008517,0.013600,0.004053,-0.024243,0.999605,-0.006513,0.005608,0.012829,0.231283,0.131060,0.964019
86.590139,-0.008807,0.002621,0.008473,0.011410,0.003032,-0.023440,0.999656,-0.006679,0.005655,0.012693,0.219547,0.157288,0.962839
86.623790,-0.009232,0.002454,0.008613,0.009590,0.001848,-0.022195,0.999706,-0.006691,0.003899,0.014965,-0.439916,0.169818,0.881837
86.690444,-0.009847,0.002545,0.008506,0.008776,-0.001677,-0.021169,0.999736,-0.007493,0.006258,0.012619,0.176232,0.203396,0.963106
86.707196,-0.009890,0.002528,0.008533,0.008973,-0.002492,-0.021252,0.999731,-0.007572,0.006160,0.012664,0.164286,0.215083,0.962678
87.558696,-0.013940,-0.000460,0.009975,0.021914,-0.016473,-0.015868,0.999498,-0.012917,0.004179,0.013416,-0.226851,0.039789,0.973116
87.591771,-0.013921,-0.000497,0.009943,0.023702,-0.016105,-0.016218,0.999458,-0.013348,0.004445,0.013737,-0.234448,0.022613,0.971866
87.608706,-0.013894,-0.000433,0.010043,0.024249,-0.015847,-0.016298,0.999448,-0.013330,0.004305,0.013806,-0.234233,0.017895,0.972016
87.641758,-0.013889,-0.000412,0.010143,0.024294,-0.015121,-0.015953,0.999463,-0.013240,0.004099,0.013915,-0.241646,-0.002015,0.970362
87.675466,-0.014014,-0.000798,0.010199,0.023460,-0.015078,-0.015079,0.999497,-0.013243,0.003931,0.013980,-0.239852,0.007791,0.970778
87.708878,-0.014243,-0.001395,0.010307,0.023890,-0.015512,-0.014640,0.999487,-0.013258,0.003868,0.014108,-0.240612,-0.010132,0.970569
87.725599,-0.014209,-0.001523,0.010334,0.024511,-0.015737,-0.014816,0.999466,-0.013336,0.003640,0.014338,-0.239371,-0.012909,0.970842
87.742503,-0.014201,-0.001565,0.010260,0.025205,-0.015926,-0.014878,0.999445,-0.013409,0.003406,0.014469,-0.244078,-0.035242,0.969115
87.775563,-0.014148,-0.001500,0.010158,0.026371,-0.015528,-0.015370,0.999413,-0.013499,0.003307,0.014436,-0.238584,-0.078710,0.967927
87.792378,-0.014101,-0.001480,0.010154,0.026747,-0.014954,-0.015340,0.999413,-0.013396,0.003239,0.014109,-0.221381,-0.058581,0.973426
87.826050,-0.013933,-0.001364,0.010110,0.027384,-0.013350,-0.015272,0.999419,-0.013427,0.003153,0.014087,-0.216421,-0.079879,0.973027
87.859122,-0.013761,-0.001386,0.010175,0.027571,-0.011295,-0.014929,0.999445,-0.013443,0.003115,0.014262,-0.223723,-0.106631,0.968802
87.892700,-0.013549,-0.001587,0.010416,0.027533,-0.010046,-0.014570,0.999464,-0.013311,0.003251,0.014214,-0.214900,-0.124106,0.968719
87.909413,-0.013494,-0.001919,0.010368,0.027914,-0.009714,-0.014753,0.999454,-0.013297,0.003200,0.014215,-0.207472,-0.125967,0.970097
87.926315,-0.013337,-0.001932,0.010315,0.028690,-0.009414,-0.015260,0.999428,-0.013135,0.003339,0.014394,-0.204588,-0.131316,0.970000
87.959455,-0.013101,-0.002355,0.010263,0.030731,-0.008670,-0.016590,0.999352,-0.012997,0.003058,0.014446,-0.194910,-0.139993,0.970779
87.976192,-0.012927,-0.002346,0.010282,0.031696,-0.008328,-0.017260,0.999314,-0.012805,0.002915,0.014400,-0.192813,-0.139398,0.971283
88.009324,-0.012677,-0.002378,0.010286,0.033035,-0.007034,-0.017944,0.999268,-0.012492,0.002746,0.014174,-0.166199,-0.147493,0.974999
88.042917,-0.012424,-0.002184,0.010436,0.033664,-0.005250,-0.017880,0.999260,-0.012348,0.002418,0.014460,-0.173387,-0.170647,0.969957
88.076026,-0.012230,-0.002109,0.010611,0.032963,-0.003591,-0.017573,0.999296,-0.012051,0.002316,0.014224,-0.133142,-0.147925,0.979996
88.092749,-0.012145,-0.002026,0.010717,0.032468,-0.003059,-0.017118,0.999322,-0.011918,0.002340,0.014316,-0.133470,-0.163115,0.977537
88.109924,-0.011974,-0.002214,0.010672,0.031804,-0.002781,-0.016627,0.999352,-0.011848,0.002471,0.014277,-0.103423,-0.186168,0.977059
88.142882,-0.011587,-0.002284,0.010698,0.031868,-0.002215,-0.015839,0.999364,-0.011458,0.002383,0.014708,-0.098818,-0.246654,0.964052
88.176309,-0.011175,-0.002200,0.010652,0.032733,-0.000689,-0.016293,0.999331,-0.010933,0.002546,0.014465,-0.093412,-0.205757,0.974135
88.193214,-0.010951,-0.001979,0.010782,0.033014,0.000006,-0.016540,0.999318,-0.010810,0.002522,0.014548,-0.084299,-0.211422,0.973753
88.226438,-0.010488,-0.001775,0.010788,0.033042,0.001450,-0.017064,0.999307,-0.010542,0.002458,0.014653,-0.066020,-0.211112,0.975230
88.243225,-0.010287,-0.001595,0.010805,0.032876,0.002362,-0.017414,0.999305,-0.010429,0.002451,0.014661,-0.053118,-0.212910,0.975627
88.260061,-0.009957,-0.001321,0.010949,0.032667,0.003270,-0.017725,0.999304,-0.010187,0.002518,0.014671,-0.053404,-0.227004,0.972429
88.293432,-0.009399,-0.001469,0.011128,0.031973,0.005231,-0.017852,0.999316,-0.009802,0.002753,0.014724,-0.033208,-0.235868,0.971218
88.326791,-0.008831,-0.001873,0.011063,0.031611,0.006997,-0.018034,0.999313,-0.009407,0.002960,0.014847,-0.009802,-0.237368,0.971370
88.343504,-0.008593,-0.001933,0.011036,0.032166,0.007799,-0.018256,0.999285,-0.009062,0.003051,0.014935,-0.018684,-0.243858,0.969631
88.493882,-0.007478,-0.001273,0.010512,0.032922,0.011402,-0.020902,0.999174,-0.007014,0.002679,0.014852,0.076607,-0.262325,0.961934
88.527200,-0.007308,-0.001255,0.010542,0.030812,0.012042,-0.020731,0.999238,-0.007154,0.002429,0.014838,0.104286,-0.210013,0.972121
88.560734,-0.007155,-0.001374,0.010483,0.030480,0.012816,-0.021081,0.999231,-0.006591,0.003119,0.014618,0.110003,-0.200572,0.973483
88.594178,-0.007036,-0.001404,0.010344,0.030967,0.013133,-0.022148,0.999189,-0.006328,0.003334,0.014605,0.119936,-0.190021,0.974427
88.627222,-0.006785,-0.001092,0.010279,0.031019,0.013784,-0.023103,0.999157,-0.006257,0.003224,0.014591,0.140144,-0.177190,0.974148
88.660295,-0.006512,-0.000672,0.010201,0.030211,0.015145,-0.023411,0.999155,-0.006003,0.003218,0.014528,0.147436,-0.170253,0.974308
88.677170,-0.006495,-0.000523,0.010125,0.029416,0.015771,-0.023513,0.999166,-0.005927,0.003195,0.014450,0.159922,-0.156979,0.974568
88.693857,-0.006381,-0.000379,0.010190,0.028614,0.016373,-0.023610,0.999178,-0.005879,0.003189,0.014395,0.167221,-0.153549,0.973889
88.710783,-0.006288,-0.000469,0.010173,0.027410,0.016935,-0.023526,0.999204,-0.005733,0.003293,0.014331,0.186040,-0.122026,0.974935
88.727662,-0.006233,-0.000376,0.010254,0.026429,0.017379,-0.023367,0.999227,-0.005657,0.003364,0.014288,0.183194,-0.134881,0.973780
88.744458,-0.006139,-0.000490,0.010147,0.025375,0.017763,-0.023346,0.999248,-0.005524,0.003534,0.014237,0.200690,-0.108291,0.973651
88.761199,-0.006119,-0.000532,0.010138,0.025118,0.018095,-0.023557,0.999243,-0.005424,0.003682,0.014312,0.206763,-0.102339,0.973024
88.777999,-0.006001,-0.000502,0.010044,0.024932,0.018460,-0.024003,0.999230,-0.005311,0.003830,0.014259,0.211705,-0.094427,0.972761
88.794841,-0.005980,-0.000569,0.009951,0.024982,0.018697,-0.024452,0.999214,-0.005156,0.003957,0.014209,0.222959,-0.082395,0.971340
88.827963,-0.005856,-0.000254,0.009834,0.024928,0.018944,-0.024892,0.999200,-0.005087,0.003936,0.014217,0.218103,-0.073992,0.973117
88.861492,-0.005847,-0.000009,0.009612,0.024163,0.018947,-0.025057,0.999214,-0.004834,0.003952,0.014006,0.227137,-0.055309,0.972291
88.894402,-0.005889,0.000662,0.009501,0.022527,0.017843,-0.024805,0.999279,-0.004767,0.003975,0.013864,0.231645,-0.047629,0.971634
88.911440,-0.005907,0.000815,0.009503,0.021388,0.017390,-0.024786,0.999313,-0.004683,0.004233,0.013646,0.236430,-0.032560,0.971103
88.928820,-0.005954,0.000741,0.009491,0.020143,0.016890,-0.024676,0.999350,-0.004646,0.004356,0.013598,0.239213,-0.019572,0.970770
88.961253,-0.005955,0.000484,0.009270,0.017972,0.016082,-0.024614,0.999406,-0.004664,0.004469,0.013479,0.238798,-0.009565,0.971022
88.994565,-0.005934,0.000332,0.009092,0.018124,0.015582,-0.025026,0.999401,-0.004699,0.004780,0.013312,0.246289,0.018149,0.969027
89.027929,-0.006023,0.000385,0.008872,0.019128,0.015606,-0.025232,0.999377,-0.004753,0.004777,0.013281,0.242850,0.031271,0.969560
89.044957,-0.006012,0.000551,0.008799,0.019220,0.015740,-0.025146,0.999375,-0.004783,0.004608,0.013118,0.239602,0.043350,0.969903
89.078292,-0.006189,0.000624,0.008666,0.018584,0.016095,-0.024471,0.999398,-0.004850,0.004491,0.013009,0.239811,0.058302,0.969068
89.095167,-0.006369,0.000823,0.008680,0.018040,0.015996,-0.024063,0.999420,-0.004854,0.004503,0.012943,0.238265,0.061948,0.969223
89.111844,-0.006480,0.001124,0.008664,0.017394,0.015816,-0.023847,0.999439,-0.004923,0.004459,0.012946,0.237016,0.076540,0.968486
89.128767,-0.006557,0.001256,0.008742,0.016440,0.015457,-0.023635,0.999466,-0.004993,0.004572,0.012842,0.235496,0.085273,0.968127
89.145486,-0.006702,0.001268,0.008699,0.015236,0.014756,-0.023204,0.999506,-0.004993,0.004572,0.012842,0.235496,0.085273,0.968127
89.295027,-0.007875,0.001798,0.008730,0.011980,0.009738,-0.023057,0.999615,-0.006059,0.005477,0.012783,0.201239,0.157485,0.966800
89.311938,-0.007994,0.002137,0.008806,0.011528,0.009314,-0.022749,0.999631,-0.006268,0.005434,0.012723,0.186240,0.183203,0.965273
89.328740,-0.008214,0.002342,0.008866,0.010939,0.008774,-0.022427,0.999650,-0.006268,0.005434,0.012723,0.186240,0.183203,0.965273
89.362018,-0.008839,0.002344,0.008963,0.009419,0.006566,-0.021476,0.999704,-0.006442,0.005589,0.012727,0.169794,0.196269,0.965737
89.378778,-0.009057,0.002046,0.009005,0.008699,0.005021,-0.021215,0.999725,-0.006336,0.004529,0.013071,0.117734,0.297201,0.947528
89.395454,-0.009432,0.001867,0.008982,0.008790,0.003635,-0.021057,0.999733,-0.005602,0.004132,0.013532,0.030696,0.288087,0.957112
89.412224,-0.009722,0.001825,0.009002,0.009131,0.002071,-0.021132,0.999733,-0.005848,0.004242,0.013549,0.025385,0.289484,0.956846
89.429021,-0.009998,0.001560,0.008947,0.009654,0.000386,-0.021163,0.999729,-0.005848,0.004242,0.013549,0.025385,0.289484,0.956846
89.462389,-0.010604,0.001654,0.008907,0.011021,-0.002666,-0.020913,0.999717,-0.006749,0.004093,0.013561,0.001275,0.323821,0.946118
89.479145,-0.010982,0.001749,0.008871,0.011376,-0.003947,-0.020615,0.999715,-0.006749,0.004093,0.013561,0.001275,0.323821,0.946118
89.529265,-0.011983,0.001986,0.009008,0.010969,-0.008009,-0.018663,0.999734,-0.007938,0.003713,0.013739,-0.003188,0.310534,0.950557
89.562047,-0.012724,0.001998,0.009128,0.009793,-0.010906,-0.017328,0.999742,-0.008160,0.003577,0.013828,-0.016815,0.307232,0.951486
89.578841,-0.013107,0.002004,0.009206,0.009153,-0.012590,-0.016591,0.999741,-0.008605,0.003645,0.013866,-0.011452,0.315315,0.948918
89.595873,-0.013362,0.001701,0.009264,0.008598,-0.014188,-0.016089,0.999733,-0.008990,0.003724,0.013893,-0.012491,0.314965,0.949021
90.096851,-0.019527,-0.000868,0.010521,0.023697,-0.032291,-0.009076,0.999156,-0.015994,0.012914,0.013245,0.092231,-0.431734,0.897273
90.213656,-0.019372,-0.000915,0.011473,0.025997,-0.029209,-0.007974,0.999203,-0.012539,0.011755,0.011574,-0.212371,0.039780,0.976379
90.230336,-0.019320,-0.001208,0.011573,0.025824,-0.028915,-0.008192,0.999215,-0.012513,0.011743,0.011819,-0.209193,0.048219,0.976685
90.263946,-0.019145,-0.001474,0.011699,0.026743,-0.028585,-0.009000,0.999193,-0.019067,0.003276,0.015249,-0.223573,0.028379,0.974274
90.297041,-0.018900,-0.001484,0.011885,0.028134,-0.027651,-0.010007,0.999172,-0.018909,0.003211,0.015479,-0.225821,0.011627,0.974099
90.313896,-0.018778,-0.001500,0.012000,0.028713,-0.026990,-0.010437,0.999169,-0.018909,0.003211,0.015479,-0.225821,0.011627,0.974099
90.347416,-0.018492,-0.001441,0.012077,0.029481,-0.025575,-0.010332,0.999185,-0.018599,0.002763,0.015865,-0.232864,-0.002424,0.972506
90.364107,-0.018276,-0.001422,0.012116,0.029713,-0.024773,-0.010200,0.999199,-0.018516,0.002699,0.016005,-0.232398,-0.011699,0.972551
90.397381,-0.017710,-0.001440,0.012218,0.029848,-0.023373,-0.010262,0.999229,-0.018160,0.002740,0.016095,-0.231848,-0.031097,0.972255
90.414072,-0.017587,-0.001523,0.012382,0.029763,-0.022867,-0.010270,0.999243,-0.017652,0.002955,0.015943,-0.238433,-0.052467,0.969741
90.430749,-0.017381,-0.001739,0.012486,0.029645,-0.022264,-0.010656,0.999256,-0.017612,0.002836,0.015969,-0.225842,-0.039156,0.973377
90.447447,-0.017218,-0.002071,0.012485,0.029915,-0.021642,-0.011170,0.999256,-0.017300,0.002999,0.015754,-0.202082,-0.046329,0.978272
90.480736,-0.016920,-0.002476,0.012516,0.031761,-0.020605,-0.012693,0.999203,-0.017147,0.003085,0.016177,-0.226800,-0.100318,0.968761
90.497473,-0.016727,-0.002644,0.012508,0.032865,-0.020226,-0.012986,0.999171,-0.016546,0.003086,0.015960,-0.216801,-0.097831,0.971301
90.530850,-0.016489,-0.002479,0.012470,0.034143,-0.019285,-0.013441,0.999141,-0.016162,0.002730,0.016135,-0.215251,-0.114884,0.969778
90.547725,-0.016385,-0.002380,0.012500,0.034298,-0.018830,-0.013279,0.999146,-0.016060,0.002492,0.016146,-0.206340,-0.117527,0.971397
90.564420,-0.016071,-0.002432,0.012377,0.034082,-0.018470,-0.012996,0.999164,-0.015942,0.002384,0.016168,-0.199374,-0.122114,0.972285
90.597891,-0.015922,-0.002138,0.012402,0.033130,-0.017529,-0.012698,0.999217,-0.015723,0.001859,0.016221,-0.173196,-0.125358,0.976877
90.631117,-0.015773,-0.002046,0.012564,0.031631,-0.017458,-0.012504,0.999269,-0.015482,0.002100,0.016252,-0.167618,-0.154600,0.973655
90.647799,-0.015668,-0.002270,0.012537,0.030950,-0.017449,-0.012788,0.999287,-0.015363,0.002211,0.016308,-0.163874,-0.157543,0.973820
90.681221,-0.015437,-0.002585,0.012427,0.031151,-0.017359,-0.014024,0.999266,-0.015106,0.002421,0.016315,-0.151280,-0.157640,0.975840
90.697912,-0.015240,-0.002826,0.012404,0.031762,-0.017171,-0.014694,0.999240,-0.015042,0.002413,0.016313,-0.144720,-0.161298,0.976237
90.714664,-0.015124,-0.002814,0.012372,0.032420,-0.016793,-0.015252,0.999217,-0.014926,0.002355,0.016365,-0.137546,-0.168930,0.975983
90.731343,-0.014778,-0.002633,0.012680,0.032913,-0.016283,-0.015753,0.999201,-0.014868,0.002308,0.016332,-0.125722,-0.180074,0.975586
90.764697,-0.014488,-0.002470,0.012626,0.033339,-0.014735,-0.015938,0.999208,-0.014325,0.002040,0.016951,-0.136783,-0.227636,0.964091
90.798143,-0.014289,-0.002143,0.012598,0.032973,-0.013604,-0.015879,0.999238,-0.013501,0.001696,0.017084,-0.111283,-0.218597,0.969449
90.831294,-0.013903,-0.002046,0.012898,0.032023,-0.013023,-0.016094,0.999273,-0.013593,0.002180,0.016527,-0.106084,-0.208910,0.972164
90.981936,-0.013039,-0.002414,0.012291,0.032506,-0.011262,-0.018611,0.999235,-0.012562,0.001692,0.016898,-0.022809,-0.242192,0.969960
90.998929,-0.012949,-0.002321,0.012248,0.032047,-0.010764,-0.018464,0.999258,-0.012609,0.001632,0.016841,-0.000642,-0.240688,0.970602
91.031888,-0.012833,-0.002222,0.012126,0.030781,-0.010126,-0.018347,0.999306,-0.012429,0.001760,0.016669,0.001837,-0.245769,0.969327
91.065386,-0.012547,-0.002435,0.012111,0.029561,-0.009687,-0.018921,0.999337,-0.011867,0.002066,0.015531,0.033184,-0.225844,0.973598
91.082078,-0.012405,-0.002755,0.012030,0.029319,-0.009300,-0.019430,0.999338,-0.011814,0.002182,0.015565,0.055524,-0.268397,0.961707
91.115096,-0.012222,-0.003037,0.011750,0.030009,-0.008518,-0.020543,0.999302,-0.012856,0.001322,0.016809,0.072195,-0.232001,0.970033
91.131816,-0.012101,-0.003085,0.011766,0.030776,-0.008142,-0.020897,0.999275,-0.011564,0.002297,0.016282,0.051028,-0.257272,0.964991
91.148721,-0.012079,-0.003000,0.011629,0.031371,-0.007405,-0.021262,0.999254,-0.011332,0.002280,0.016233,0.069461,-0.244292,0.967211
91.182150,-0.011916,-0.002724,0.011492,0.031713,-0.006432,-0.021052,0.999255,-0.011234,0.002058,0.016077,0.097893,-0.244016,0.964818
91.215386,-0.011687,-0.002289,0.011470,0.030734,-0.005358,-0.020374,0.999306,-0.010901,0.002029,0.015966,0.103238,-0.241750,0.964831
91.349121,-0.010874,-0.002341,0.011203,0.028566,-0.002163,-0.022532,0.999336,-0.010322,0.002494,0.015666,0.166075,-0.151773,0.974363
91.365899,-0.010750,-0.002218,0.011543,0.028829,-0.001636,-0.022786,0.999323,-0.010206,0.002461,0.015592,0.171253,-0.147695,0.974094
91.382579,-0.010705,-0.002082,0.011465,0.028899,-0.001064,-0.022842,0.999321,-0.010092,0.002398,0.015822,0.182119,-0.133708,0.974143
91.415714,-0.010598,-0.001695,0.011405,0.028252,-0.000085,-0.022599,0.999345,-0.009891,0.002299,0.015673,0.196327,-0.107979,0.974575
91.549208,-0.010274,-0.001793,0.011304,0.024677,0.001084,-0.023710,0.999414,-0.009429,0.002809,0.015741,0.222630,-0.037849,0.974168
91.566023,-0.010181,-0.001691,0.011226,0.024947,0.001520,-0.023813,0.999404,-0.009391,0.002755,0.015691,0.228931,-0.019625,0.973245
91.583023,-0.010165,-0.001560,0.011117,0.025095,0.001984,-0.023814,0.999399,-0.009312,0.002697,0.015653,0.229575,-0.009385,0.973246
91.615930,-0.009990,-0.000939,0.011118,0.024301,0.002326,-0.023168,0.999434,-0.009052,0.002690,0.015567,0.233990,0.007983,0.972206
91.633167,-0.009983,-0.000743,0.011054,0.023527,0.002389,-0.023049,0.999455,-0.009007,0.002705,0.015468,0.236478,0.014734,0.971525
91.666442,-0.009884,-0.000538,0.011140,0.021794,0.002222,-0.022965,0.999496,-0.008886,0.002799,0.015325,0.235635,0.037453,0.971120
91.699484,-0.009752,-0.000524,0.011007,0.020300,0.001740,-0.023390,0.999519,-0.008757,0.003113,0.015363,0.239116,0.047580,0.969825
91.716318,-0.009693,-0.000668,0.010845,0.020026,0.001611,-0.023773,0.999516,-0.008697,0.003189,0.015300,0.238689,0.059042,0.969300
91.733200,-0.009624,-0.000702,0.010673,0.019931,0.001552,-0.024237,0.999506,-0.008683,0.003348,0.015217,0.237232,0.061819,0.969484
91.766232,-0.009547,-0.000809,0.010292,0.019799,0.001719,-0.024875,0.999493,-0.008600,0.003402,0.015023,0.239991,0.081771,0.967325
91.783212,-0.009516,-0.000805,0.010164,0.019762,0.002046,-0.024890,0.999493,-0.008508,0.003363,0.014905,0.235814,0.092120,0.967422
91.799972,-0.009486,-0.000431,0.009863,0.019840,0.002323,-0.024642,0.999497,-0.008485,0.003352,0.014778,0.237383,0.098307,0.966429
91.816670,-0.009513,-0.000231,0.009672,0.019552,0.002457,-0.024196,0.999513,-0.008367,0.003500,0.014507,0.237304,0.102702,0.965991
91.850093,-0.009750,0.000234,0.009435,0.018653,0.001962,-0.023101,0.999557,-0.008466,0.003920,0.014056,0.235561,0.087792,0.967886
91.883729,-0.010108,0.000703,0.009434,0.016667,0.000279,-0.022361,0.999611,-0.008573,0.004013,0.013826,0.203441,0.135269,0.969698
91.916891,-0.010271,0.000822,0.009338,0.014776,-0.001594,-0.022887,0.999628,-0.008706,0.004239,0.013644,0.188680,0.154534,0.969804
91.933586,-0.010319,0.000794,0.009598,0.014171,-0.002504,-0.023153,0.999628,-0.008821,0.004438,0.013542,0.185613,0.158319,0.969785
91.950359,-0.010456,0.000843,0.009512,0.013638,-0.003285,-0.023469,0.999626,-0.008921,0.004573,0.013743,0.182669,0.166940,0.968898
91.967087,-0.010533,0.000882,0.009467,0.013268,-0.003966,-0.023863,0.999619,-0.009001,0.004687,0.013692,0.173613,0.172811,0.969533
92.016759,-0.010782,0.001130,0.009465,0.013032,-0.004608,-0.023569,0.999627,-0.009218,0.004773,0.013759,0.146146,0.195291,0.969795
92.050353,-0.010871,0.001452,0.009533,0.012533,-0.004431,-0.022446,0.999660,-0.009145,0.003373,0.014039,0.132879,0.313479,0.940252
92.083767,-0.011138,0.001469,0.009604,0.011700,-0.004667,-0.021600,0.999687,-0.009003,0.003375,0.014037,0.086406,0.324464,0.941943
92.117059,-0.011333,0.001533,0.009633,0.010950,-0.005883,-0.021614,0.999689,-0.008163,0.002938,0.014525,-0.003828,0.317155,0.948366
92.133917,-0.011410,0.001422,0.009667,0.011013,-0.006621,-0.021950,0.999677,-0.008243,0.003033,0.014585,-0.008941,0.315267,0.948961
92.184236,-0.011872,0.001083,0.009603,0.011710,-0.008543,-0.023252,0.999625,-0.008731,0.003080,0.014618,-0.020347,0.323583,0.945981
93.319503,-0.013827,-0.000757,0.011736,0.023511,-0.013232,-0.021316,0.999409,-0.013062,0.003482,0.015597,0.227360,0.119072,0.966504
93.336194,-0.013898,-0.000947,0.011736,0.023363,-0.013053,-0.020716,0.999427,-0.013029,0.003446,0.015607,0.230501,0.114480,0.966315
93.352972,-0.013928,-0.000947,0.011801,0.023347,-0.013173,-0.020219,0.999436,-0.012984,0.003386,0.015593,0.232768,0.114878,0.965724
93.386208,-0.013915,-0.001126,0.011842,0.023645,-0.013813,-0.020571,0.999413,-0.012950,0.003404,0.015589,0.238996,0.101054,0.965748
93.419342,-0.013801,-0.001332,0.011907,0.024644,-0.014229,-0.022090,0.999351,-0.012998,0.003504,0.015597,0.253184,0.052350,0.966001
93.436407,-0.013698,-0.001540,0.011899,0.025322,-0.014150,-0.022715,0.999321,-0.013031,0.003526,0.015647,0.262769,0.029070,0.964421
93.453246,-0.013686,-0.001791,0.011894,0.025991,-0.013661,-0.023045,0.999303,-0.013026,0.003500,0.015683,0.264337,0.009732,0.964381
93.470040,-0.013647,-0.002033,0.011892,0.026837,-0.012968,-0.023030,0.999290,-0.013018,0.003439,0.015740,0.263164,-0.003878,0.964743
93.503411,-0.013676,-0.002439,0.011851,0.029269,-0.011486,-0.022117,0.999261,-0.009449,0.003776,0.017176,-0.091599,-0.094880,0.991266
93.536623,-0.013756,-0.002456,0.011892,0.031997,-0.010942,-0.020401,0.999220,-0.009254,0.003130,0.017303,0.249435,-0.000055,0.968392
93.553369,-0.013952,-0.002513,0.012029,0.032938,-0.011137,-0.019676,0.999202,-0.009136,0.003170,0.017101,0.250990,0.005710,0.967973
93.570127,-0.014088,-0.002614,0.012184,0.033443,-0.011673,-0.019344,0.999185,-0.009130,0.002942,0.017214,0.248721,-0.007778,0.968544
93.586987,-0.014252,-0.002768,0.012312,0.034012,-0.012600,-0.019258,0.999156,-0.009190,0.002779,0.017301,0.248329,-0.013250,0.968585
93.619997,-0.014311,-0.002929,0.012669,0.035571,-0.014146,-0.020141,0.999064,-0.009416,0.002602,0.017558,0.249130,-0.021079,0.968241
93.653633,-0.014458,-0.003231,0.012799,0.037122,-0.015110,-0.020950,0.998977,-0.009654,0.002298,0.017878,0.246676,-0.036077,0.968426
93.686945,-0.014494,-0.003460,0.012908,0.038120,-0.015095,-0.020956,0.998939,-0.009878,0.002083,0.018164,0.241093,-0.053390,0.969032
93.720378,-0.014462,-0.003172,0.013084,0.038550,-0.014061,-0.020331,0.998951,-0.010045,0.001937,0.018403,0.233957,-0.073682,0.969451
93.753764,-0.014376,-0.002946,0.013521,0.037780,-0.012935,-0.019583,0.999011,-0.010089,0.001958,0.018795,0.205889,-0.098653,0.973590
93.787013,-0.014310,-0.003080,0.013619,0.036978,-0.012911,-0.018957,0.999053,-0.010024,0.001980,0.019010,0.195954,-0.115391,0.973800
93.820318,-0.014315,-0.003028,0.013612,0.036955,-0.013439,-0.019940,0.999028,-0.010030,0.002057,0.019140,0.186828,-0.127111,0.974135
93.853600,-0.014242,-0.003109,0.013594,0.037450,-0.013933,-0.021408,0.998972,-0.010018,0.002134,0.019207,0.176485,-0.139764,0.974330
93.870525,-0.014228,-0.003189,0.013507,0.037553,-0.013973,-0.021713,0.998961,-0.010000,0.002126,0.019224,0.167014,-0.146176,0.975059
93.903790,-0.014236,-0.003493,0.013044,0.037782,-0.013412,-0.021362,0.998968,-0.010007,0.002120,0.019185,0.154251,-0.158122,0.975297
93.937083,-0.014300,-0.003236,0.012888,0.038065,-0.012610,-0.019968,0.998996,-0.013462,0.001217,0.017602,0.152227,-0.177057,0.972357
93.954001,-0.014504,-0.003114,0.012845,0.037732,-0.012544,-0.019202,0.999025,-0.013450,0.001121,0.017536,0.148100,-0.175163,0.973337
93.970700,-0.014517,-0.003015,0.012956,0.037284,-0.012947,-0.018526,0.999049,-0.013371,0.001156,0.017358,0.116157,-0.200150,0.972855
94.004024,-0.014724,-0.003158,0.012780,0.036602,-0.014538,-0.018032,0.999062,-0.013335,0.001351,0.017344,0.101955,-0.214188,0.971457
94.020837,-0.014808,-0.003061,0.012712,0.036669,-0.015338,-0.018365,0.999041,-0.013524,0.001353,0.017249,0.098605,-0.216473,0.971296
94.053757,-0.014827,-0.002993,0.012563,0.037045,-0.016615,-0.019480,0.998986,-0.013648,0.001407,0.017201,0.076004,-0.230793,0.970030
94.070672,-0.014886,-0.003037,0.012728,0.037342,-0.016760,-0.019924,0.998963,-0.013798,0.001452,0.017074,0.068885,-0.234959,0.969561
94.087448,-0.014879,-0.003063,0.012668,0.037497,-0.016662,-0.020186,0.998954,-0.013876,0.001424,0.017256,0.074557,-0.220417,0.972552
94.120896,-0.014893,-0.003202,0.012576,0.037883,-0.015992,-0.020343,0.998947,-0.014533,0.001215,0.016936,0.015896,-0.235588,0.971723
94.137566,-0.014883,-0.003203,0.012757,0.037968,-0.015615,-0.019976,0.998957,-0.014523,0.001251,0.016894,0.009641,-0.237672,0.971298
94.154374,-0.014896,-0.002981,0.012751,0.037860,-0.015276,-0.019657,0.998973,-0.014341,0.001258,0.016944,-0.006323,-0.239948,0.970765
94.171256,-0.014911,-0.003118,0.012795,0.037426,-0.015080,-0.019263,0.999000,-0.014211,0.001174,0.016984,-0.022377,-0.237913,0.971029
94.204537,-0.015016,-0.003065,0.012798,0.036724,-0.015832,-0.018426,0.999030,-0.014139,0.001320,0.016816,-0.043097,-0.255184,0.965932
94.237713,-0.014933,-0.003212,0.012944,0.036938,-0.016723,-0.019252,0.998992,-0.014120,0.001404,0.016762,-0.058339,-0.248036,0.966993
94.254483,-0.014884,-0.003206,0.012971,0.037228,-0.017094,-0.020066,0.998959,-0.013994,0.001369,0.016958,-0.079545,-0.252663,0.964279
94.287730,-0.014797,-0.003126,0.013023,0.037563,-0.017219,-0.021054,0.998924,-0.014085,0.001394,0.016954,-0.086863,-0.248354,0.964767
94.304418,-0.014835,-0.003181,0.012960,0.037484,-0.016914,-0.021066,0.998932,-0.013975,0.001529,0.016963,-0.106824,-0.261380,0.959307
94.321283,-0.014810,-0.003240,0.012917,0.037389,-0.016605,-0.020833,0.998946,-0.014176,0.001434,0.016987,-0.091048,-0.243975,0.965498
94.354482,-0.014870,-0.003092,0.012805,0.037108,-0.015849,-0.019691,0.998992,-0.014100,0.001474,0.017176,-0.133614,-0.257230,0.957068
94.371277,-0.014805,-0.003058,0.012853,0.036996,-0.015817,-0.019207,0.999006,-0.014157,0.001452,0.017082,-0.117647,-0.232947,0.965347
94.404694,-0.014846,-0.002854,0.013089,0.036268,-0.016551,-0.018274,0.999038,-0.014680,0.001024,0.017184,-0.100460,-0.206312,0.973316
94.421371,-0.014818,-0.002961,0.013008,0.035766,-0.017198,-0.018296,0.999045,-0.014633,0.001085,0.017260,-0.151145,-0.249803,0.956428
94.455016,-0.014618,-0.002788,0.013019,0.035728,-0.017984,-0.019704,0.999005,-0.014019,0.001550,0.017310,-0.113907,-0.209321,0.971190
94.471904,-0.014240,-0.002761,0.012804,0.035880,-0.017615,-0.020707,0.998986,-0.014121,0.001733,0.016983,-0.128911,-0.191583,0.972974
94.504798,-0.013645,-0.002561,0.012525,0.035841,-0.014518,-0.023185,0.998983,-0.013959,0.001874,0.016902,-0.144481,-0.171338,0.974561
94.521765,-0.013418,-0.002333,0.012384,0.035103,-0.013080,-0.023997,0.999010,-0.013852,0.001906,0.016831,-0.149680,-0.174919,0.973139
94.538470,-0.013223,-0.002205,0.012247,0.033768,-0.011837,-0.024240,0.999066,-0.013696,0.001904,0.016696,-0.154864,-0.158456,0.975146
94.571873,-0.013139,-0.001812,0.011871,0.031048,-0.010274,-0.024346,0.999169,-0.012922,0.002251,0.015991,-0.184258,-0.118867,0.975664
94.588550,-0.013218,-0.001673,0.011665,0.029782,-0.010089,-0.024230,0.999212,-0.012730,0.002349,0.015844,-0.182340,-0.115372,0.976443
94.622269,-0.013329,-0.001308,0.011275,0.027496,-0.011354,-0.023687,0.999277,-0.012683,0.002493,0.016285,-0.211689,-0.156905,0.964660
94.655276,-0.013189,-0.001250,0.010805,0.025995,-0.013274,-0.023767,0.999291,-0.012294,0.002669,0.015581,-0.195343,-0.106171,0.974971
94.672159,-0.013177,-0.001113,0.010587,0.025413,-0.014106,-0.024193,0.999285,-0.012267,0.002900,0.015394,-0.200921,-0.109727,0.973443
94.689084,-0.013115,-0.000961,0.010461,0.025001,-0.014624,-0.024759,0.999274,-0.012239,0.003005,0.015179,-0.206418,-0.102052,0.973127
94.722035,-0.012990,-0.000811,0.010123,0.023884,-0.014933,-0.025174,0.999286,-0.012306,0.003294,0.014717,-0.209214,-0.086834,0.974007
94.738715,-0.012935,-0.000743,0.009973,0.023332,-0.014537,-0.025072,0.999308,-0.012450,0.003412,0.014764,-0.223455,-0.095338,0.970041
94.755461,-0.012928,-0.000819,0.009785,0.022733,-0.014155,-0.024904,0.999331,-0.012502,0.003500,0.014631,-0.225360,-0.095997,0.969535
94.788857,-0.012871,-0.000638,0.009666,0.021763,-0.013341,-0.024210,0.999381,-0.012479,0.003496,0.014374,-0.226775,-0.067157,0.971629
94.822277,-0.012920,-0.000514,0.009455,0.020873,-0.012923,-0.023445,0.999424,-0.012382,0.003602,0.014054,-0.234235,-0.060000,0.970327
94.855797,-0.012919,-0.000623,0.009282,0.020105,-0.013532,-0.023478,0.999431,-0.012337,0.003726,0.013795,-0.243565,-0.044677,0.968855
94.889006,-0.012892,-0.000481,0.009303,0.019801,-0.014288,-0.024665,0.999398,-0.012516,0.003603,0.013722,-0.219003,0.008013,0.975691
94.905865,-0.012873,-0.000375,0.009240,0.019848,-0.014504,-0.025423,0.999375,-0.012527,0.003651,0.013635,-0.219695,0.009928,0.975518
94.923228,-0.012812,-0.000352,0.009150,0.019793,-0.014375,-0.025991,0.999363,-0.012381,0.003918,0.013407,-0.224167,0.005213,0.974537
94.955695,-0.012629,-0.000340,0.009298,0.019301,-0.013049,-0.026097,0.999388,-0.012395,0.003912,0.013480,-0.217285,0.027518,0.975720
94.988966,-0.012273,-0.000245,0.009190,0.018757,-0.010459,-0.025291,0.999449,-0.012296,0.003981,0.013384,-0.189453,0.042860,0.980954
95.006215,-0.012040,-0.000134,0.009245,0.018237,-0.008389,-0.024950,0.999487,-0.012200,0.004003,0.013297,-0.201277,0.056428,0.977908
95.039345,-0.011824,-0.000017,0.009263,0.017133,-0.005339,-0.023973,0.999552,-0.012014,0.003975,0.013243,-0.201628,0.073051,0.976734
95.222980,-0.010537,-0.000564,0.008617,0.016401,-0.002518,-0.027082,0.999496,-0.014009,0.003609,0.015975,0.131226,-0.355178,0.925542
95.824048,-0.010231,0.000939,0.008896,0.016111,-0.000166,-0.027824,0.999483,-0.017605,0.000619,0.017630,0.205120,0.322074,0.924226
95.874416,-0.010493,0.000812,0.009543,0.016430,0.000331,-0.026154,0.999523,-0.015177,0.001176,0.017447,0.096442,0.378898,0.920400
95.907577,-0.010409,0.000382,0.009971,0.016933,-0.000589,-0.026320,0.999510,-0.013014,0.004669,0.015589,0.203691,0.170370,0.964098
95.924518,-0.010422,0.000295,0.010069,0.017630,-0.001123,-0.026620,0.999490,-0.012926,0.004542,0.015805,0.212617,0.157021,0.964437
95.957814,-0.010449,0.000002,0.010351,0.019532,-0.001890,-0.027628,0.999426,-0.013059,0.004456,0.016122,0.223048,0.138827,0.964871
95.990896,-0.010392,-0.000284,0.010478,0.021569,-0.001348,-0.028264,0.999367,-0.013168,0.004262,0.016450,0.233111,0.123838,0.964533
96.024610,-0.010459,-0.000705,0.010829,0.023051,-0.000308,-0.027509,0.999356,-0.010596,0.002700,0.014303,0.285436,0.173932,0.942483
96.041301,-0.010555,-0.000898,0.010938,0.023759,0.000050,-0.026861,0.999357,-0.010618,0.002626,0.014473,0.294892,0.094408,0.950855
96.074652,-0.010915,-0.001362,0.011254,0.025320,-0.000129,-0.025513,0.999354,-0.010181,0.002854,0.014687,0.253350,0.116455,0.960340
96.091386,-0.011126,-0.001510,0.011396,0.026138,-0.000801,-0.024942,0.999347,-0.010186,0.002751,0.014821,0.255058,0.110839,0.960552
96.124467,-0.011424,-0.001742,0.011676,0.027810,-0.003085,-0.024118,0.999318,-0.010289,0.002155,0.015277,0.246675,0.053418,0.967625
96.141227,-0.011515,-0.001835,0.011763,0.028642,-0.004105,-0.024316,0.999286,-0.010411,0.001945,0.015427,0.242545,0.045200,0.969087
96.158057,-0.011443,-0.001846,0.011967,0.029500,-0.004944,-0.024555,0.999251,-0.010504,0.001775,0.015617,0.241375,0.033491,0.969854
96.191365,-0.011633,-0.001878,0.012133,0.031145,-0.005521,-0.024884,0.999190,-0.010691,0.001596,0.015943,0.242067,0.014378,0.970153
96.224499,-0.011789,-0.002064,0.012407,0.032395,-0.005567,-0.024063,0.999170,-0.010977,0.001369,0.016197,0.236385,-0.006014,0.971641
96.241506,-0.011956,-0.002170,0.012519,0.032655,-0.005441,-0.023430,0.999177,-0.011122,0.001250,0.016259,0.234116,0.000078,0.972209
96.274535,-0.012192,-0.002493,0.012655,0.033255,-0.005411,-0.021891,0.999193,-0.011373,0.001153,0.016523,0.234321,-0.025788,0.971817
96.291538,-0.012334,-0.002732,0.012741,0.033943,-0.005847,-0.021135,0.999183,-0.011469,0.001120,0.016620,0.233864,-0.032283,0.971733
96.308476,-0.012466,-0.002775,0.012921,0.034584,-0.006577,-0.020597,0.999168,-0.011575,0.001060,0.016736,0.226597,-0.046187,0.972893
96.341917,-0.012758,-0.003021,0.013088,0.036136,-0.008458,-0.020494,0.999101,-0.011855,0.000922,0.016922,0.224138,-0.067826,0.972194
96.358672,-0.012905,-0.003153,0.013173,0.037162,-0.009496,-0.020743,0.999049,-0.011965,0.000808,0.017038,0.221026,-0.073226,0.972515
96.392212,-0.013124,-0.002960,0.013271,0.039288,-0.011569,-0.021155,0.998937,-0.012251,0.000550,0.017264,0.212984,-0.088161,0.973070
96.425068,-0.013486,-0.002951,0.013465,0.040867,-0.012965,-0.021043,0.998859,-0.012427,0.000511,0.017420,0.200941,-0.100722,0.974412
96.443664,-0.013699,-0.003052,0.013546,0.041090,-0.013459,-0.020492,0.998855,-0.012631,0.000407,0.017519,0.200793,-0.107261,0.973744
96.475366,-0.014106,-0.003145,0.013887,0.041185,-0.014454,-0.018952,0.998867,-0.012998,0.000312,0.017702,0.190411,-0.121797,0.974120
96.508789,-0.014518,-0.003309,0.014076,0.041127,-0.015533,-0.016959,0.998889,-0.013398,0.000300,0.018012,0.181972,-0.141823,0.973022
96.542193,-0.014884,-0.003431,0.014192,0.041662,-0.017011,-0.015493,0.998867,-0.013800,0.000183,0.018225,0.170632,-0.148046,0.974150
96.575371,-0.015177,-0.003569,0.014326,0.042790,-0.018785,-0.015409,0.998789,-0.014289,0.000125,0.018456,0.156719,-0.180930,0.970929
96.592092,-0.015294,-0.003409,0.014429,0.043287,-0.019620,-0.015679,0.998747,-0.014493,0.000090,0.018561,0.142319,-0.196335,0.970154
96.608791,-0.015466,-0.003295,0.014471,0.043511,-0.020301,-0.016113,0.998717,-0.014677,-0.000051,0.018631,0.138025,-0.194273,0.971189
96.625499,-0.015558,-0.003279,0.014545,0.043716,-0.020852,-0.016536,0.998690,-0.014866,-0.000083,0.018736,0.130944,-0.205258,0.969909
96.642209,-0.015689,-0.003232,0.014648,0.043623,-0.021264,-0.016703,0.998682,-0.015054,-0.000117,0.018783,0.126877,-0.205747,0.970346
96.675761,-0.015840,-0.003312,0.014742,0.042932,-0.021552,-0.016196,0.998714,-0.014599,0.000972,0.018726,0.082656,-0.240922,0.967019
96.692479,-0.015884,-0.003511,0.014686,0.042602,-0.021473,-0.015700,0.998738,-0.014653,0.000977,0.018808,0.072430,-0.246357,0.966469
96.725581,-0.015832,-0.003758,0.014561,0.042535,-0.020928,-0.014531,0.998770,-0.014783,0.001055,0.018895,0.056089,-0.255353,0.965220
96.759022,-0.015919,-0.003887,0.014560,0.043225,-0.020765,-0.013841,0.998754,-0.014912,0.000960,0.018765,0.047632,-0.259203,0.964648
96.775858,-0.015950,-0.003973,0.014522,0.043748,-0.020994,-0.014000,0.998724,-0.014979,0.000878,0.018814,0.039622,-0.260141,0.964757
96.792528,-0.015990,-0.004025,0.014493,0.044301,-0.021243,-0.014301,0.998690,-0.015011,0.000822,0.018854,0.033038,-0.267145,0.963090
96.809242,-0.016055,-0.003912,0.014453,0.044728,-0.021488,-0.014850,0.998658,-0.015099,0.000739,0.018895,0.024739,-0.272050,0.961965
96.825996,-0.016048,-0.003862,0.014381,0.044949,-0.021569,-0.015384,0.998638,-0.015125,0.000575,0.018902,0.044201,-0.243968,0.968776
96.859085,-0.016145,-0.003573,0.014398,0.044497,-0.021610,-0.015278,0.998659,-0.015542,0.000203,0.018578,-0.015019,-0.228426,0.973446
96.875946,-0.016171,-0.003578,0.014404,0.043799,-0.021685,-0.015049,0.998692,-0.015574,0.000257,0.018548,-0.017411,-0.232008,0.972558
96.893049,-0.016197,-0.003562,0.014400,0.042954,-0.021598,-0.014713,0.998735,-0.015540,0.000333,0.018514,-0.029273,-0.235440,0.971448
96.926143,-0.016413,-0.003825,0.014329,0.042068,-0.021453,-0.013784,0.998789,-0.015521,0.000552,0.018469,-0.047450,-0.242121,0.969085
96.959443,-0.016557,-0.003873,0.014332,0.041972,-0.022080,-0.013129,0.998789,-0.015531,0.000680,0.018472,-0.070254,-0.243626,0.967321
96.976123,-0.016572,-0.003912,0.014363,0.042247,-0.022625,-0.013216,0.998764,-0.015587,0.000691,0.018457,-0.077376,-0.242157,0.967147
96.992970,-0.016631,-0.004142,0.014247,0.042529,-0.023061,-0.013592,0.998737,-0.015584,0.000720,0.018424,-0.089514,-0.244859,0.965418
97.026290,-0.016581,-0.003938,0.014254,0.043017,-0.023473,-0.014722,0.998690,-0.015735,0.000622,0.018254,-0.111160,-0.232374,0.966254
97.043159,-0.016600,-0.003811,0.014277,0.043115,-0.023346,-0.015186,0.998682,-0.015740,0.000693,0.018172,-0.135587,-0.229883,0.963727
97.076461,-0.016525,-0.003693,0.014110,0.042537,-0.022607,-0.015462,0.998719,-0.015503,0.000116,0.018671,-0.140124,-0.253967,0.957009
97.109734,-0.016507,-0.003657,0.014052,0.041380,-0.021917,-0.015030,0.998790,-0.016040,0.000632,0.018049,-0.138534,-0.203385,0.969249
97.142986,-0.016631,-0.003767,0.013965,0.040443,-0.021733,-0.014290,0.998843,-0.015959,0.000794,0.018043,-0.149962,-0.194563,0.969359
97.159926,-0.016699,-0.003785,0.013881,0.040157,-0.022016,-0.014129,0.998851,-0.015959,0.000767,0.018024,-0.148977,-0.177699,0.972743
97.193707,-0.016639,-0.003629,0.013778,0.040136,-0.022724,-0.014615,0.998829,-0.015941,0.000811,0.017981,-0.160683,-0.164752,0.973159
97.226904,-0.016576,-0.003394,0.013638,0.040177,-0.023137,-0.015407,0.998806,-0.015984,0.000858,0.017957,-0.168590,-0.154580,0.973490
97.243579,-0.016523,-0.003293,0.013539,0.039912,-0.023133,-0.015766,0.998811,-0.015951,0.000933,0.017911,-0.182035,-0.162986,0.969690
97.260504,-0.016314,-0.002964,0.013568,0.039791,-0.022833,-0.016082,0.998818,-0.015967,0.000898,0.017826,-0.181618,-0.142502,0.972989
97.293673,-0.016087,-0.002657,0.013484,0.038588,-0.021968,-0.016251,0.998882,-0.015766,0.001179,0.017795,-0.193536,-0.135305,0.971718
97.494144,-0.015620,-0.001399,0.011704,0.031177,-0.023081,-0.019302,0.999061,-0.015056,0.002224,0.016224,-0.202738,-0.012996,0.979147
97.527402,-0.015599,-0.001537,0.011714,0.030009,-0.023723,-0.018902,0.999089,-0.015073,0.002435,0.015955,-0.197685,0.013681,0.980170
97.560945,-0.015600,-0.001660,0.011372,0.028848,-0.023963,-0.017747,0.999139,-0.015015,0.002481,0.015901,-0.202539,0.029945,0.978816
97.594214,-0.015441,-0.001498,0.011154,0.027866,-0.023668,-0.017586,0.999177,-0.015228,0.002572,0.015883,-0.232933,-0.003851,0.972485
97.610893,-0.015406,-0.001420,0.010973,0.027496,-0.023483,-0.017799,0.999188,-0.015122,0.002801,0.015638,-0.218574,0.009950,0.975770
97.627569,-0.015292,-0.001403,0.010854,0.027231,-0.023395,-0.018203,0.999190,-0.015130,0.002811,0.015521,-0.219921,0.010366,0.975463
97.661003,-0.015062,-0.001062,0.010548,0.026634,-0.022720,-0.019225,0.999202,-0.015129,0.002782,0.015252,-0.209784,0.043960,0.976759
98.462595,-0.011472,0.000288,0.008891,0.018357,-0.009391,-0.027334,0.999414,-0.012220,0.001948,0.014379,-0.182905,0.207120,0.961066
98.562722,-0.011252,0.000498,0.009495,0.021599,-0.007986,-0.028124,0.999339,-0.010455,0.004582,0.012588,0.196039,0.146479,0.969594
98.596261,-0.011270,0.000118,0.009890,0.021755,-0.007118,-0.027457,0.999361,-0.010419,0.004674,0.012785,0.211063,0.128971,0.968927
98.629373,-0.011201,-0.000401,0.010531,0.022876,-0.007236,-0.026958,0.999349,-0.010360,0.004661,0.013081,0.221520,0.118159,0.967971
98.662595,-0.011300,-0.000784,0.010873,0.024980,-0.007721,-0.027096,0.999291,-0.010205,0.004510,0.013731,0.236522,0.089011,0.967540
98.679667,-0.011391,-0.000931,0.011054,0.026426,-0.008120,-0.027215,0.999247,-0.011245,0.002784,0.014594,0.242754,0.143747,0.959379
98.712783,-0.011553,-0.001140,0.011523,0.029138,-0.008983,-0.027141,0.999167,-0.011392,0.002468,0.014939,0.266091,0.069029,0.961473
98.729765,-0.011677,-0.001294,0.011816,0.030262,-0.009202,-0.026988,0.999135,-0.011433,0.002245,0.015140,0.268445,0.063987,0.961168
98.763356,-0.011890,-0.001340,0.012379,0.031952,-0.009761,-0.026575,0.999088,-0.011374,0.002168,0.015576,0.268899,0.054127,0.961646
98.796511,-0.012152,-0.001947,0.012893,0.032933,-0.010037,-0.025881,0.999072,-0.011604,0.001950,0.016048,0.275720,0.040631,0.960379
98.829730,-0.012453,-0.002672,0.013227,0.034054,-0.010858,-0.024633,0.999057,-0.011895,0.001659,0.016547,0.275110,0.016300,0.961275
98.862829,-0.012645,-0.003184,0.013580,0.036135,-0.011635,-0.024236,0.998985,-0.012083,0.000862,0.017123,0.241954,0.016599,0.970146
98.879969,-0.012730,-0.003409,0.013735,0.037315,-0.012015,-0.024177,0.998939,-0.012251,0.000465,0.017365,0.245341,0.021395,0.969201
98.912803,-0.013088,-0.003703,0.013953,0.039633,-0.012869,-0.023837,0.998847,-0.012447,0.000132,0.017787,0.228656,-0.032406,0.972968
98.929903,-0.013308,-0.003853,0.014090,0.040668,-0.013383,-0.023516,0.998806,-0.012584,-0.000085,0.017965,0.228651,-0.041925,0.972605
98.946572,-0.013501,-0.003944,0.014146,0.041686,-0.013979,-0.023104,0.998766,-0.012740,-0.000321,0.018103,0.225616,-0.051696,0.972844
98.963549,-0.013847,-0.004050,0.014062,0.042378,-0.014403,-0.022591,0.998742,-0.012893,-0.000483,0.018231,0.221403,-0.059932,0.973339
98.997089,-0.014299,-0.004093,0.014441,0.043043,-0.015691,-0.021286,0.998723,-0.013386,-0.000839,0.018328,0.216846,-0.081374,0.972808
99.030397,-0.014697,-0.004366,0.014715,0.042581,-0.016981,-0.020118,0.998746,-0.013808,-0.000993,0.018530,0.234268,-0.077738,0.969059
99.063741,-0.015029,-0.004799,0.014855,0.043099,-0.018250,-0.019195,0.998720,-0.014259,-0.001037,0.018747,0.221612,-0.095431,0.970454
99.097044,-0.015313,-0.004933,0.014958,0.044806,-0.019002,-0.018994,0.998634,-0.014689,-0.001236,0.019001,0.212722,-0.110237,0.970874
99.113883,-0.015468,-0.004853,0.015021,0.045765,-0.019367,-0.018980,0.998584,-0.014901,-0.001302,0.019146,0.213737,-0.114811,0.970121
99.147040,-0.015784,-0.004807,0.015206,0.046806,-0.019959,-0.018673,0.998530,-0.015256,-0.001522,0.019353,0.201793,-0.137517,0.969726
99.163767,-0.015941,-0.004829,0.015286,0.047186,-0.020153,-0.018422,0.998513,-0.015414,-0.001590,0.019419,0.194189,-0.145058,0.970180
99.180522,-0.016087,-0.004705,0.015428,0.047420,-0.020323,-0.018086,0.998505,-0.015552,-0.001680,0.019515,0.187927,-0.149531,0.970734
99.197237,-0.016258,-0.004689,0.015582,0.047383,-0.020426,-0.017750,0.998510,-0.015718,-0.001678,0.019594,0.181458,-0.159216,0.970424
99.230418,-0.016582,-0.004973,0.015932,0.046813,-0.021054,-0.016563,0.998544,-0.016008,-0.001678,0.019800,0.167165,-0.166904,0.971699
99.247146,-0.016775,-0.005229,0.015985,0.046687,-0.021495,-0.015922,0.998551,-0.016132,-0.001665,0.019977,0.159571,-0.176780,0.971229
99.264147,-0.016780,-0.005508,0.016326,0.047244,-0.022069,-0.015596,0.998518,-0.016298,-0.001638,0.020100,0.151231,-0.185483,0.970941
99.681524,-0.018307,-0.005297,0.015936,0.045192,-0.029443,-0.014177,0.998444,-0.017567,-0.000559,0.020376,-0.117991,-0.249788,0.961085
99.698247,-0.018329,-0.005120,0.015900,0.045303,-0.029628,-0.014200,0.998433,-0.017614,-0.000546,0.020325,-0.127901,-0.236168,0.963258
99.715062,-0.018307,-0.005261,0.015809,0.045328,-0.029839,-0.014483,0.998421,-0.017607,-0.000601,0.020334,-0.132369,-0.197266,0.971373
99.731762,-0.018163,-0.005218,0.015582,0.045575,-0.030067,-0.014744,0.998400,-0.017729,-0.000560,0.020302,-0.137227,-0.207508,0.968561
99.765130,-0.018042,-0.004950,0.015394,0.045664,-0.029839,-0.015313,0.998394,-0.017485,-0.000457,0.019960,-0.174475,-0.222986,0.959081
99.782115,-0.018012,-0.004751,0.015344,0.045513,-0.029422,-0.015227,0.998414,-0.017042,-0.000336,0.019382,-0.181272,-0.202024,0.962459
99.815124,-0.017975,-0.004255,0.015283,0.044596,-0.028724,-0.014918,0.998481,-0.017459,-0.000490,0.019586,-0.162119,-0.182721,0.969706
99.848304,-0.017986,-0.004092,0.015243,0.042890,-0.028550,-0.014714,0.998563,-0.017313,-0.000189,0.019350,-0.175870,-0.171011,0.969446
99.881570,-0.018020,-0.004197,0.015185,0.041272,-0.029375,-0.014594,0.998609,-0.017241,0.000207,0.019284,-0.186906,-0.161145,0.969071
99.898464,-0.017996,-0.004296,0.015151,0.041294,-0.029869,-0.014793,0.998591,-0.017327,0.000322,0.019218,-0.180843,-0.148315,0.972265
99.931890,-0.017900,-0.004317,0.014942,0.041717,-0.030363,-0.015776,0.998543,-0.017348,0.000526,0.019378,-0.213434,-0.169847,0.962080
99.948665,-0.017902,-0.004174,0.014877,0.041991,-0.030361,-0.016050,0.998528,-0.017305,0.000612,0.019375,-0.225411,-0.176001,0.958235
99.981810,-0.017722,-0.003860,0.014723,0.041953,-0.029904,-0.016505,0.998536,-0.017356,0.000552,0.019225,-0.221283,-0.161118,0.961808
99.998930,-0.017657,-0.003645,0.014650,0.041612,-0.029292,-0.016455,0.998569,-0.017272,0.000620,0.019177,-0.233107,-0.160685,0.959084
100.031601,-0.017580,-0.003030,0.014505,0.040442,-0.028363,-0.016186,0.998648,-0.017213,0.000511,0.018936,-0.226613,-0.106780,0.968114
100.048701,-0.017612,-0.002867,0.014412,0.039320,-0.028230,-0.015831,0.998702,-0.017049,0.000888,0.018848,-0.230135,-0.104677,0.967513
100.065519,-0.017346,-0.002816,0.014381,0.038121,-0.028405,-0.015731,0.998745,-0.017194,0.000961,0.018714,-0.214114,-0.088016,0.972835
100.082507,-0.017312,-0.002572,0.014283,0.036824,-0.028659,-0.015839,0.998785,-0.016884,0.001218,0.018716,-0.220208,-0.082285,0.971976
100.115611,-0.017174,-0.002551,0.013992,0.034918,-0.029248,-0.016496,0.998826,-0.016676,0.001637,0.018539,-0.234184,-0.074256,0.969352
100.149133,-0.016894,-0.002126,0.013631,0.033732,-0.029226,-0.017718,0.998846,-0.016661,0.001914,0.018376,-0.217292,-0.053001,0.974667
100.165873,-0.016737,-0.001842,0.013464,0.033188,-0.028976,-0.018306,0.998861,-0.016707,0.001880,0.018263,-0.209617,-0.031212,0.977285
100.199069,-0.016564,-0.001424,0.012967,0.031717,-0.027805,-0.018678,0.998936,-0.016582,0.002183,0.017863,-0.221258,-0.046253,0.974118
100.232428,-0.016385,-0.000838,0.012581,0.029887,-0.026191,-0.018805,0.999033,-0.016389,0.002581,0.017438,-0.211038,0.007848,0.977446
100.282422,-0.016206,-0.000377,0.012140,0.025945,-0.024953,-0.018534,0.999180,-0.016060,0.003132,0.016767,-0.226520,0.048552,0.972796
100.299094,-0.015983,-0.000405,0.011914,0.024764,-0.025081,-0.018544,0.999207,-0.016058,0.003289,0.016589,-0.210964,0.063559,0.975425
